# JMH version: 1.37
# VM version: JDK 21.0.5, Java HotSpot(TM) 64-Bit Server VM, 21.0.5+9-LTS-239
# VM invoker: /Library/Java/JavaVirtualMachines/jdk-21.jdk/Contents/Home/bin/java
# VM options: -Djdk.net.hosts.file=/etc/hosts -Xms512m -Xmx512m -Djdk.net.hosts.file=/etc/hosts
# Blackhole mode: compiler (auto-detected, use -Djmh.blackhole.autoDetect=false to disable)
# Warmup: 3 iterations, 500 ms each
# Measurement: 4 iterations, 500 ms each
# Timeout: 10 min per iteration
# Threads: 1 thread, will synchronize iterations
# Benchmark mode: Average time, time/op
# Benchmark: org.apache.jmeter.protocol.http.sampler.HeaderCaptureBenchmark.capture
# Parameters: (deferred = false, protocol = h1, readers = unread, totalBytes = 400)

# Run progress: 0,00% complete, ETA 00:04:12
# Fork: 1 of 2
# Warmup Iteration   1: 2026-09-12T07:31:49.631217Z org.apache.jmeter.protocol.http.sampler.HeaderCaptureBenchmark.capture-jmh-worker-1 ERROR Error processing element GuiLogEvent ([Appenders: null]): CLASS_NOT_FOUND
2026-09-12T07:31:49.662627Z org.apache.jmeter.protocol.http.sampler.HeaderCaptureBenchmark.capture-jmh-worker-1 ERROR Unable to locate appender "gui-log-event" for logger config "root"
239,597 ns/op
# Warmup Iteration   2: 178,652 ns/op
# Warmup Iteration   3: 176,332 ns/op
Iteration   1: 177,410 ns/op
                 gc.alloc.rate:      7824,407 MB/sec
                 gc.alloc.rate.norm: 1456,003 B/op
                 gc.count:           12,000 counts
                 gc.time:            10,000 ms
                 process.cpu:        196,205 ns/op

Iteration   2: 179,580 ns/op
                 gc.alloc.rate:      7729,765 MB/sec
                 gc.alloc.rate.norm: 1456,003 B/op
                 gc.count:           13,000 counts
                 gc.time:            11,000 ms
                 process.cpu:        199,831 ns/op

Iteration   3: 178,682 ns/op
                 gc.alloc.rate:      7768,580 MB/sec
                 gc.alloc.rate.norm: 1456,003 B/op
                 gc.count:           13,000 counts
                 gc.time:            11,000 ms
                 process.cpu:        202,127 ns/op

Iteration   4: 175,892 ns/op
                 gc.alloc.rate:      7891,941 MB/sec
                 gc.alloc.rate.norm: 1456,003 B/op
                 gc.count:           13,000 counts
                 gc.time:            12,000 ms
                 process.cpu:        198,472 ns/op


# Run progress: 1,39% complete, ETA 00:04:38
# Fork: 2 of 2
# Warmup Iteration   1: 2026-09-12T07:31:53.500792Z org.apache.jmeter.protocol.http.sampler.HeaderCaptureBenchmark.capture-jmh-worker-1 ERROR Error processing element GuiLogEvent ([Appenders: null]): CLASS_NOT_FOUND
2026-09-12T07:31:53.529533Z org.apache.jmeter.protocol.http.sampler.HeaderCaptureBenchmark.capture-jmh-worker-1 ERROR Unable to locate appender "gui-log-event" for logger config "root"
227,085 ns/op
# Warmup Iteration   2: 176,508 ns/op
# Warmup Iteration   3: 166,778 ns/op
Iteration   1: 170,168 ns/op
                 gc.alloc.rate:      8155,640 MB/sec
                 gc.alloc.rate.norm: 1456,002 B/op
                 gc.count:           14,000 counts
                 gc.time:            11,000 ms
                 process.cpu:        191,934 ns/op

Iteration   2: 184,770 ns/op
                 gc.alloc.rate:      7510,996 MB/sec
                 gc.alloc.rate.norm: 1456,003 B/op
                 gc.count:           12,000 counts
                 gc.time:            11,000 ms
                 process.cpu:        196,546 ns/op

Iteration   3: 173,933 ns/op
                 gc.alloc.rate:      7980,478 MB/sec
                 gc.alloc.rate.norm: 1456,002 B/op
                 gc.count:           13,000 counts
                 gc.time:            12,000 ms
                 process.cpu:        190,138 ns/op

Iteration   4: 170,742 ns/op
                 gc.alloc.rate:      8130,388 MB/sec
                 gc.alloc.rate.norm: 1456,002 B/op
                 gc.count:           14,000 counts
                 gc.time:            12,000 ms
                 process.cpu:        193,822 ns/op



Result "org.apache.jmeter.protocol.http.sampler.HeaderCaptureBenchmark.capture":
  176,397 ±(99.9%) 9,243 ns/op [Average]
  (min, avg, max) = (170,168, 176,397, 184,770), stdev = 4,834
  CI (99.9%): [167,154, 185,640] (assumes normal distribution)

Secondary result "org.apache.jmeter.protocol.http.sampler.HeaderCaptureBenchmark.capture:gc.alloc.rate":
  7874,024 ±(99.9%) 410,623 MB/sec [Average]
  (min, avg, max) = (7510,996, 7874,024, 8155,640), stdev = 214,764
  CI (99.9%): [7463,402, 8284,647] (assumes normal distribution)

Secondary result "org.apache.jmeter.protocol.http.sampler.HeaderCaptureBenchmark.capture:gc.alloc.rate.norm":
  1456,003 ±(99.9%) 0,001 B/op [Average]
  (min, avg, max) = (1456,002, 1456,003, 1456,003), stdev = 0,001
  CI (99.9%): [1456,002, 1456,003] (assumes normal distribution)

Secondary result "org.apache.jmeter.protocol.http.sampler.HeaderCaptureBenchmark.capture:gc.count":
  104,000 ±(99.9%) 0,001 counts [Sum]
  (min, avg, max) = (12,000, 13,000, 14,000), stdev = 0,756
  CI (99.9%): [104,000, 104,000] (assumes normal distribution)

Secondary result "org.apache.jmeter.protocol.http.sampler.HeaderCaptureBenchmark.capture:gc.time":
  90,000 ±(99.9%) 0,001 ms [Sum]
  (min, avg, max) = (10,000, 11,250, 12,000), stdev = 0,707
  CI (99.9%): [90,000, 90,000] (assumes normal distribution)

Secondary result "org.apache.jmeter.protocol.http.sampler.HeaderCaptureBenchmark.capture:process.cpu":
  196,134 ±(99.9%) 7,721 ns/op [Average]
  (min, avg, max) = (190,138, 196,134, 202,127), stdev = 4,038
  CI (99.9%): [188,413, 203,855] (assumes normal distribution)


# JMH version: 1.37
# VM version: JDK 21.0.5, Java HotSpot(TM) 64-Bit Server VM, 21.0.5+9-LTS-239
# VM invoker: /Library/Java/JavaVirtualMachines/jdk-21.jdk/Contents/Home/bin/java
# VM options: -Djdk.net.hosts.file=/etc/hosts -Xms512m -Xmx512m -Djdk.net.hosts.file=/etc/hosts
# Blackhole mode: compiler (auto-detected, use -Djmh.blackhole.autoDetect=false to disable)
# Warmup: 3 iterations, 500 ms each
# Measurement: 4 iterations, 500 ms each
# Timeout: 10 min per iteration
# Threads: 1 thread, will synchronize iterations
# Benchmark mode: Average time, time/op
# Benchmark: org.apache.jmeter.protocol.http.sampler.HeaderCaptureBenchmark.capture
# Parameters: (deferred = false, protocol = h1, readers = unread, totalBytes = 1600)

# Run progress: 2,78% complete, ETA 00:04:32
# Fork: 1 of 2
# Warmup Iteration   1: 2026-09-12T07:31:57.390808Z org.apache.jmeter.protocol.http.sampler.HeaderCaptureBenchmark.capture-jmh-worker-1 ERROR Error processing element GuiLogEvent ([Appenders: null]): CLASS_NOT_FOUND
2026-09-12T07:31:57.418357Z org.apache.jmeter.protocol.http.sampler.HeaderCaptureBenchmark.capture-jmh-worker-1 ERROR Unable to locate appender "gui-log-event" for logger config "root"
731,032 ns/op
# Warmup Iteration   2: 556,085 ns/op
# Warmup Iteration   3: 547,590 ns/op
Iteration   1: 557,968 ns/op
                 gc.alloc.rate:      9062,884 MB/sec
                 gc.alloc.rate.norm: 5304,008 B/op
                 gc.count:           15,000 counts
                 gc.time:            13,000 ms
                 process.cpu:        624,641 ns/op

Iteration   2: 550,235 ns/op
                 gc.alloc.rate:      9189,945 MB/sec
                 gc.alloc.rate.norm: 5304,008 B/op
                 gc.count:           15,000 counts
                 gc.time:            12,000 ms
                 process.cpu:        620,922 ns/op

Iteration   3: 549,656 ns/op
                 gc.alloc.rate:      9197,693 MB/sec
                 gc.alloc.rate.norm: 5304,008 B/op
                 gc.count:           15,000 counts
                 gc.time:            11,000 ms
                 process.cpu:        611,214 ns/op

Iteration   4: 553,752 ns/op
                 gc.alloc.rate:      9131,900 MB/sec
                 gc.alloc.rate.norm: 5304,008 B/op
                 gc.count:           15,000 counts
                 gc.time:            12,000 ms
                 process.cpu:        628,804 ns/op


# Run progress: 4,17% complete, ETA 00:04:28
# Fork: 2 of 2
# Warmup Iteration   1: 2026-09-12T07:32:01.249169Z org.apache.jmeter.protocol.http.sampler.HeaderCaptureBenchmark.capture-jmh-worker-1 ERROR Error processing element GuiLogEvent ([Appenders: null]): CLASS_NOT_FOUND
2026-09-12T07:32:01.277135Z org.apache.jmeter.protocol.http.sampler.HeaderCaptureBenchmark.capture-jmh-worker-1 ERROR Unable to locate appender "gui-log-event" for logger config "root"
754,769 ns/op
# Warmup Iteration   2: 573,397 ns/op
# Warmup Iteration   3: 556,239 ns/op
Iteration   1: 555,358 ns/op
                 gc.alloc.rate:      9105,547 MB/sec
                 gc.alloc.rate.norm: 5304,008 B/op
                 gc.count:           15,000 counts
                 gc.time:            12,000 ms
                 process.cpu:        624,771 ns/op

Iteration   2: 553,255 ns/op
                 gc.alloc.rate:      9138,698 MB/sec
                 gc.alloc.rate.norm: 5304,008 B/op
                 gc.count:           15,000 counts
                 gc.time:            13,000 ms
                 process.cpu:        627,786 ns/op

Iteration   3: 556,824 ns/op
                 gc.alloc.rate:      9081,821 MB/sec
                 gc.alloc.rate.norm: 5304,008 B/op
                 gc.count:           15,000 counts
                 gc.time:            12,000 ms
                 process.cpu:        624,275 ns/op

Iteration   4: 554,754 ns/op
                 gc.alloc.rate:      9115,385 MB/sec
                 gc.alloc.rate.norm: 5304,008 B/op
                 gc.count:           15,000 counts
                 gc.time:            12,000 ms
                 process.cpu:        621,195 ns/op



Result "org.apache.jmeter.protocol.http.sampler.HeaderCaptureBenchmark.capture":
  553,975 ±(99.9%) 5,588 ns/op [Average]
  (min, avg, max) = (549,656, 553,975, 557,968), stdev = 2,923
  CI (99.9%): [548,387, 559,563] (assumes normal distribution)

Secondary result "org.apache.jmeter.protocol.http.sampler.HeaderCaptureBenchmark.capture:gc.alloc.rate":
  9127,984 ±(99.9%) 91,009 MB/sec [Average]
  (min, avg, max) = (9062,884, 9127,984, 9197,693), stdev = 47,599
  CI (99.9%): [9036,975, 9218,993] (assumes normal distribution)

Secondary result "org.apache.jmeter.protocol.http.sampler.HeaderCaptureBenchmark.capture:gc.alloc.rate.norm":
  5304,008 ±(99.9%) 0,001 B/op [Average]
  (min, avg, max) = (5304,008, 5304,008, 5304,008), stdev = 0,001
  CI (99.9%): [5304,008, 5304,008] (assumes normal distribution)

Secondary result "org.apache.jmeter.protocol.http.sampler.HeaderCaptureBenchmark.capture:gc.count":
  120,000 ±(99.9%) 0,001 counts [Sum]
  (min, avg, max) = (15,000, 15,000, 15,000), stdev = 0,001
  CI (99.9%): [120,000, 120,000] (assumes normal distribution)

Secondary result "org.apache.jmeter.protocol.http.sampler.HeaderCaptureBenchmark.capture:gc.time":
  97,000 ±(99.9%) 0,001 ms [Sum]
  (min, avg, max) = (11,000, 12,125, 13,000), stdev = 0,641
  CI (99.9%): [97,000, 97,000] (assumes normal distribution)

Secondary result "org.apache.jmeter.protocol.http.sampler.HeaderCaptureBenchmark.capture:process.cpu":
  622,951 ±(99.9%) 10,485 ns/op [Average]
  (min, avg, max) = (611,214, 622,951, 628,804), stdev = 5,484
  CI (99.9%): [612,466, 633,436] (assumes normal distribution)


# JMH version: 1.37
# VM version: JDK 21.0.5, Java HotSpot(TM) 64-Bit Server VM, 21.0.5+9-LTS-239
# VM invoker: /Library/Java/JavaVirtualMachines/jdk-21.jdk/Contents/Home/bin/java
# VM options: -Djdk.net.hosts.file=/etc/hosts -Xms512m -Xmx512m -Djdk.net.hosts.file=/etc/hosts
# Blackhole mode: compiler (auto-detected, use -Djmh.blackhole.autoDetect=false to disable)
# Warmup: 3 iterations, 500 ms each
# Measurement: 4 iterations, 500 ms each
# Timeout: 10 min per iteration
# Threads: 1 thread, will synchronize iterations
# Benchmark mode: Average time, time/op
# Benchmark: org.apache.jmeter.protocol.http.sampler.HeaderCaptureBenchmark.capture
# Parameters: (deferred = false, protocol = h1, readers = unread, totalBytes = 8192)

# Run progress: 5,56% complete, ETA 00:04:24
# Fork: 1 of 2
# Warmup Iteration   1: 2026-09-12T07:32:05.116Z org.apache.jmeter.protocol.http.sampler.HeaderCaptureBenchmark.capture-jmh-worker-1 ERROR Error processing element GuiLogEvent ([Appenders: null]): CLASS_NOT_FOUND
2026-09-12T07:32:05.144698Z org.apache.jmeter.protocol.http.sampler.HeaderCaptureBenchmark.capture-jmh-worker-1 ERROR Unable to locate appender "gui-log-event" for logger config "root"
1888,691 ns/op
# Warmup Iteration   2: 1657,681 ns/op
# Warmup Iteration   3: 1584,235 ns/op
Iteration   1: 1608,780 ns/op
                 gc.alloc.rate:      13123,031 MB/sec
                 gc.alloc.rate.norm: 22144,023 B/op
                 gc.count:           22,000 counts
                 gc.time:            18,000 ms
                 process.cpu:        1936,022 ns/op

Iteration   2: 1592,813 ns/op
                 gc.alloc.rate:      13254,053 MB/sec
                 gc.alloc.rate.norm: 22144,023 B/op
                 gc.count:           21,000 counts
                 gc.time:            17,000 ms
                 process.cpu:        1904,023 ns/op

Iteration   3: 1591,475 ns/op
                 gc.alloc.rate:      13242,163 MB/sec
                 gc.alloc.rate.norm: 22144,023 B/op
                 gc.count:           23,000 counts
                 gc.time:            19,000 ms
                 process.cpu:        1915,839 ns/op

Iteration   4: 1589,561 ns/op
                 gc.alloc.rate:      13281,756 MB/sec
                 gc.alloc.rate.norm: 22144,023 B/op
                 gc.count:           21,000 counts
                 gc.time:            17,000 ms
                 process.cpu:        1889,516 ns/op


# Run progress: 6,94% complete, ETA 00:04:20
# Fork: 2 of 2
# Warmup Iteration   1: 2026-09-12T07:32:08.996389Z org.apache.jmeter.protocol.http.sampler.HeaderCaptureBenchmark.capture-jmh-worker-1 ERROR Error processing element GuiLogEvent ([Appenders: null]): CLASS_NOT_FOUND
2026-09-12T07:32:09.027333Z org.apache.jmeter.protocol.http.sampler.HeaderCaptureBenchmark.capture-jmh-worker-1 ERROR Unable to locate appender "gui-log-event" for logger config "root"
1855,267 ns/op
# Warmup Iteration   2: 1606,349 ns/op
# Warmup Iteration   3: 1571,279 ns/op
Iteration   1: 1577,261 ns/op
                 gc.alloc.rate:      13385,422 MB/sec
                 gc.alloc.rate.norm: 22144,023 B/op
                 gc.count:           22,000 counts
                 gc.time:            18,000 ms
                 process.cpu:        1870,200 ns/op

Iteration   2: 1567,879 ns/op
                 gc.alloc.rate:      13464,830 MB/sec
                 gc.alloc.rate.norm: 22144,022 B/op
                 gc.count:           22,000 counts
                 gc.time:            17,000 ms
                 process.cpu:        1825,949 ns/op

Iteration   3: 1590,846 ns/op
                 gc.alloc.rate:      13270,644 MB/sec
                 gc.alloc.rate.norm: 22144,023 B/op
                 gc.count:           22,000 counts
                 gc.time:            18,000 ms
                 process.cpu:        1876,042 ns/op

Iteration   4: 1583,216 ns/op
                 gc.alloc.rate:      13334,697 MB/sec
                 gc.alloc.rate.norm: 22144,023 B/op
                 gc.count:           22,000 counts
                 gc.time:            17,000 ms
                 process.cpu:        1866,361 ns/op



Result "org.apache.jmeter.protocol.http.sampler.HeaderCaptureBenchmark.capture":
  1587,729 ±(99.9%) 23,080 ns/op [Average]
  (min, avg, max) = (1567,879, 1587,729, 1608,780), stdev = 12,071
  CI (99.9%): [1564,649, 1610,809] (assumes normal distribution)

Secondary result "org.apache.jmeter.protocol.http.sampler.HeaderCaptureBenchmark.capture:gc.alloc.rate":
  13294,575 ±(99.9%) 195,790 MB/sec [Average]
  (min, avg, max) = (13123,031, 13294,575, 13464,830), stdev = 102,402
  CI (99.9%): [13098,785, 13490,364] (assumes normal distribution)

Secondary result "org.apache.jmeter.protocol.http.sampler.HeaderCaptureBenchmark.capture:gc.alloc.rate.norm":
  22144,023 ±(99.9%) 0,001 B/op [Average]
  (min, avg, max) = (22144,022, 22144,023, 22144,023), stdev = 0,001
  CI (99.9%): [22144,022, 22144,023] (assumes normal distribution)

Secondary result "org.apache.jmeter.protocol.http.sampler.HeaderCaptureBenchmark.capture:gc.count":
  175,000 ±(99.9%) 0,001 counts [Sum]
  (min, avg, max) = (21,000, 21,875, 23,000), stdev = 0,641
  CI (99.9%): [175,000, 175,000] (assumes normal distribution)

Secondary result "org.apache.jmeter.protocol.http.sampler.HeaderCaptureBenchmark.capture:gc.time":
  141,000 ±(99.9%) 0,001 ms [Sum]
  (min, avg, max) = (17,000, 17,625, 19,000), stdev = 0,744
  CI (99.9%): [141,000, 141,000] (assumes normal distribution)

Secondary result "org.apache.jmeter.protocol.http.sampler.HeaderCaptureBenchmark.capture:process.cpu":
  1885,494 ±(99.9%) 64,912 ns/op [Average]
  (min, avg, max) = (1825,949, 1885,494, 1936,022), stdev = 33,950
  CI (99.9%): [1820,582, 1950,406] (assumes normal distribution)


# JMH version: 1.37
# VM version: JDK 21.0.5, Java HotSpot(TM) 64-Bit Server VM, 21.0.5+9-LTS-239
# VM invoker: /Library/Java/JavaVirtualMachines/jdk-21.jdk/Contents/Home/bin/java
# VM options: -Djdk.net.hosts.file=/etc/hosts -Xms512m -Xmx512m -Djdk.net.hosts.file=/etc/hosts
# Blackhole mode: compiler (auto-detected, use -Djmh.blackhole.autoDetect=false to disable)
# Warmup: 3 iterations, 500 ms each
# Measurement: 4 iterations, 500 ms each
# Timeout: 10 min per iteration
# Threads: 1 thread, will synchronize iterations
# Benchmark mode: Average time, time/op
# Benchmark: org.apache.jmeter.protocol.http.sampler.HeaderCaptureBenchmark.capture
# Parameters: (deferred = false, protocol = h1, readers = both50, totalBytes = 400)

# Run progress: 8,33% complete, ETA 00:04:16
# Fork: 1 of 2
# Warmup Iteration   1: 2026-09-12T07:32:12.865938Z org.apache.jmeter.protocol.http.sampler.HeaderCaptureBenchmark.capture-jmh-worker-1 ERROR Error processing element GuiLogEvent ([Appenders: null]): CLASS_NOT_FOUND
2026-09-12T07:32:12.894402Z org.apache.jmeter.protocol.http.sampler.HeaderCaptureBenchmark.capture-jmh-worker-1 ERROR Unable to locate appender "gui-log-event" for logger config "root"
245,449 ns/op
# Warmup Iteration   2: 175,790 ns/op
# Warmup Iteration   3: 171,861 ns/op
Iteration   1: 172,310 ns/op
                 gc.alloc.rate:      8055,330 MB/sec
                 gc.alloc.rate.norm: 1456,002 B/op
                 gc.count:           13,000 counts
                 gc.time:            10,000 ms
                 process.cpu:        191,689 ns/op

Iteration   2: 171,851 ns/op
                 gc.alloc.rate:      8077,796 MB/sec
                 gc.alloc.rate.norm: 1456,002 B/op
                 gc.count:           13,000 counts
                 gc.time:            11,000 ms
                 process.cpu:        192,331 ns/op

Iteration   3: 171,856 ns/op
                 gc.alloc.rate:      8077,478 MB/sec
                 gc.alloc.rate.norm: 1456,002 B/op
                 gc.count:           14,000 counts
                 gc.time:            12,000 ms
                 process.cpu:        192,454 ns/op

Iteration   4: 173,063 ns/op
                 gc.alloc.rate:      8021,236 MB/sec
                 gc.alloc.rate.norm: 1456,002 B/op
                 gc.count:           13,000 counts
                 gc.time:            13,000 ms
                 process.cpu:        193,302 ns/op


# Run progress: 9,72% complete, ETA 00:04:12
# Fork: 2 of 2
# Warmup Iteration   1: 2026-09-12T07:32:16.728697Z org.apache.jmeter.protocol.http.sampler.HeaderCaptureBenchmark.capture-jmh-worker-1 ERROR Error processing element GuiLogEvent ([Appenders: null]): CLASS_NOT_FOUND
2026-09-12T07:32:16.755639Z org.apache.jmeter.protocol.http.sampler.HeaderCaptureBenchmark.capture-jmh-worker-1 ERROR Unable to locate appender "gui-log-event" for logger config "root"
248,498 ns/op
# Warmup Iteration   2: 186,848 ns/op
# Warmup Iteration   3: 212,037 ns/op
Iteration   1: 184,204 ns/op
                 gc.alloc.rate:      7535,807 MB/sec
                 gc.alloc.rate.norm: 1456,003 B/op
                 gc.count:           12,000 counts
                 gc.time:            10,000 ms
                 process.cpu:        204,414 ns/op

Iteration   2: 182,669 ns/op
                 gc.alloc.rate:      7599,055 MB/sec
                 gc.alloc.rate.norm: 1456,003 B/op
                 gc.count:           13,000 counts
                 gc.time:            10,000 ms
                 process.cpu:        203,089 ns/op

Iteration   3: 182,588 ns/op
                 gc.alloc.rate:      7602,448 MB/sec
                 gc.alloc.rate.norm: 1456,003 B/op
                 gc.count:           12,000 counts
                 gc.time:            10,000 ms
                 process.cpu:        200,848 ns/op

Iteration   4: 180,011 ns/op
                 gc.alloc.rate:      7711,265 MB/sec
                 gc.alloc.rate.norm: 1456,003 B/op
                 gc.count:           13,000 counts
                 gc.time:            10,000 ms
                 process.cpu:        202,189 ns/op



Result "org.apache.jmeter.protocol.http.sampler.HeaderCaptureBenchmark.capture":
  177,319 ±(99.9%) 10,571 ns/op [Average]
  (min, avg, max) = (171,851, 177,319, 184,204), stdev = 5,529
  CI (99.9%): [166,748, 187,890] (assumes normal distribution)

Secondary result "org.apache.jmeter.protocol.http.sampler.HeaderCaptureBenchmark.capture:gc.alloc.rate":
  7835,052 ±(99.9%) 465,849 MB/sec [Average]
  (min, avg, max) = (7535,807, 7835,052, 8077,796), stdev = 243,648
  CI (99.9%): [7369,202, 8300,901] (assumes normal distribution)

Secondary result "org.apache.jmeter.protocol.http.sampler.HeaderCaptureBenchmark.capture:gc.alloc.rate.norm":
  1456,003 ±(99.9%) 0,001 B/op [Average]
  (min, avg, max) = (1456,002, 1456,003, 1456,003), stdev = 0,001
  CI (99.9%): [1456,002, 1456,003] (assumes normal distribution)

Secondary result "org.apache.jmeter.protocol.http.sampler.HeaderCaptureBenchmark.capture:gc.count":
  103,000 ±(99.9%) 0,001 counts [Sum]
  (min, avg, max) = (12,000, 12,875, 14,000), stdev = 0,641
  CI (99.9%): [103,000, 103,000] (assumes normal distribution)

Secondary result "org.apache.jmeter.protocol.http.sampler.HeaderCaptureBenchmark.capture:gc.time":
  86,000 ±(99.9%) 0,001 ms [Sum]
  (min, avg, max) = (10,000, 10,750, 13,000), stdev = 1,165
  CI (99.9%): [86,000, 86,000] (assumes normal distribution)

Secondary result "org.apache.jmeter.protocol.http.sampler.HeaderCaptureBenchmark.capture:process.cpu":
  197,540 ±(99.9%) 10,616 ns/op [Average]
  (min, avg, max) = (191,689, 197,540, 204,414), stdev = 5,552
  CI (99.9%): [186,924, 208,155] (assumes normal distribution)


# JMH version: 1.37
# VM version: JDK 21.0.5, Java HotSpot(TM) 64-Bit Server VM, 21.0.5+9-LTS-239
# VM invoker: /Library/Java/JavaVirtualMachines/jdk-21.jdk/Contents/Home/bin/java
# VM options: -Djdk.net.hosts.file=/etc/hosts -Xms512m -Xmx512m -Djdk.net.hosts.file=/etc/hosts
# Blackhole mode: compiler (auto-detected, use -Djmh.blackhole.autoDetect=false to disable)
# Warmup: 3 iterations, 500 ms each
# Measurement: 4 iterations, 500 ms each
# Timeout: 10 min per iteration
# Threads: 1 thread, will synchronize iterations
# Benchmark mode: Average time, time/op
# Benchmark: org.apache.jmeter.protocol.http.sampler.HeaderCaptureBenchmark.capture
# Parameters: (deferred = false, protocol = h1, readers = both50, totalBytes = 1600)

# Run progress: 11,11% complete, ETA 00:04:08
# Fork: 1 of 2
# Warmup Iteration   1: 2026-09-12T07:32:20.603604Z org.apache.jmeter.protocol.http.sampler.HeaderCaptureBenchmark.capture-jmh-worker-1 ERROR Error processing element GuiLogEvent ([Appenders: null]): CLASS_NOT_FOUND
2026-09-12T07:32:20.632973Z org.apache.jmeter.protocol.http.sampler.HeaderCaptureBenchmark.capture-jmh-worker-1 ERROR Unable to locate appender "gui-log-event" for logger config "root"
747,053 ns/op
# Warmup Iteration   2: 560,823 ns/op
# Warmup Iteration   3: 557,200 ns/op
Iteration   1: 558,790 ns/op
                 gc.alloc.rate:      9048,806 MB/sec
                 gc.alloc.rate.norm: 5304,008 B/op
                 gc.count:           15,000 counts
                 gc.time:            12,000 ms
                 process.cpu:        633,852 ns/op

Iteration   2: 559,943 ns/op
                 gc.alloc.rate:      9029,972 MB/sec
                 gc.alloc.rate.norm: 5304,008 B/op
                 gc.count:           15,000 counts
                 gc.time:            12,000 ms
                 process.cpu:        632,189 ns/op

Iteration   3: 561,548 ns/op
                 gc.alloc.rate:      9005,306 MB/sec
                 gc.alloc.rate.norm: 5304,008 B/op
                 gc.count:           15,000 counts
                 gc.time:            12,000 ms
                 process.cpu:        633,282 ns/op

Iteration   4: 563,250 ns/op
                 gc.alloc.rate:      8977,852 MB/sec
                 gc.alloc.rate.norm: 5304,008 B/op
                 gc.count:           15,000 counts
                 gc.time:            13,000 ms
                 process.cpu:        635,671 ns/op


# Run progress: 12,50% complete, ETA 00:04:04
# Fork: 2 of 2
# Warmup Iteration   1: 2026-09-12T07:32:24.476165Z org.apache.jmeter.protocol.http.sampler.HeaderCaptureBenchmark.capture-jmh-worker-1 ERROR Error processing element GuiLogEvent ([Appenders: null]): CLASS_NOT_FOUND
2026-09-12T07:32:24.503837Z org.apache.jmeter.protocol.http.sampler.HeaderCaptureBenchmark.capture-jmh-worker-1 ERROR Unable to locate appender "gui-log-event" for logger config "root"
708,258 ns/op
# Warmup Iteration   2: 566,889 ns/op
# Warmup Iteration   3: 559,018 ns/op
Iteration   1: 565,373 ns/op
                 gc.alloc.rate:      8944,242 MB/sec
                 gc.alloc.rate.norm: 5304,008 B/op
                 gc.count:           14,000 counts
                 gc.time:            12,000 ms
                 process.cpu:        636,873 ns/op

Iteration   2: 572,208 ns/op
                 gc.alloc.rate:      8836,566 MB/sec
                 gc.alloc.rate.norm: 5304,008 B/op
                 gc.count:           15,000 counts
                 gc.time:            13,000 ms
                 process.cpu:        651,653 ns/op

Iteration   3: 557,510 ns/op
                 gc.alloc.rate:      9070,081 MB/sec
                 gc.alloc.rate.norm: 5304,008 B/op
                 gc.count:           15,000 counts
                 gc.time:            12,000 ms
                 process.cpu:        638,571 ns/op

Iteration   4: 555,638 ns/op
                 gc.alloc.rate:      9101,165 MB/sec
                 gc.alloc.rate.norm: 5304,008 B/op
                 gc.count:           15,000 counts
                 gc.time:            12,000 ms
                 process.cpu:        623,916 ns/op



Result "org.apache.jmeter.protocol.http.sampler.HeaderCaptureBenchmark.capture":
  561,783 ±(99.9%) 10,017 ns/op [Average]
  (min, avg, max) = (555,638, 561,783, 572,208), stdev = 5,239
  CI (99.9%): [551,765, 571,800] (assumes normal distribution)

Secondary result "org.apache.jmeter.protocol.http.sampler.HeaderCaptureBenchmark.capture:gc.alloc.rate":
  9001,749 ±(99.9%) 159,542 MB/sec [Average]
  (min, avg, max) = (8836,566, 9001,749, 9101,165), stdev = 83,444
  CI (99.9%): [8842,207, 9161,291] (assumes normal distribution)

Secondary result "org.apache.jmeter.protocol.http.sampler.HeaderCaptureBenchmark.capture:gc.alloc.rate.norm":
  5304,008 ±(99.9%) 0,001 B/op [Average]
  (min, avg, max) = (5304,008, 5304,008, 5304,008), stdev = 0,001
  CI (99.9%): [5304,008, 5304,008] (assumes normal distribution)

Secondary result "org.apache.jmeter.protocol.http.sampler.HeaderCaptureBenchmark.capture:gc.count":
  119,000 ±(99.9%) 0,001 counts [Sum]
  (min, avg, max) = (14,000, 14,875, 15,000), stdev = 0,354
  CI (99.9%): [119,000, 119,000] (assumes normal distribution)

Secondary result "org.apache.jmeter.protocol.http.sampler.HeaderCaptureBenchmark.capture:gc.time":
  98,000 ±(99.9%) 0,001 ms [Sum]
  (min, avg, max) = (12,000, 12,250, 13,000), stdev = 0,463
  CI (99.9%): [98,000, 98,000] (assumes normal distribution)

Secondary result "org.apache.jmeter.protocol.http.sampler.HeaderCaptureBenchmark.capture:process.cpu":
  635,751 ±(99.9%) 14,890 ns/op [Average]
  (min, avg, max) = (623,916, 635,751, 651,653), stdev = 7,788
  CI (99.9%): [620,861, 650,641] (assumes normal distribution)


# JMH version: 1.37
# VM version: JDK 21.0.5, Java HotSpot(TM) 64-Bit Server VM, 21.0.5+9-LTS-239
# VM invoker: /Library/Java/JavaVirtualMachines/jdk-21.jdk/Contents/Home/bin/java
# VM options: -Djdk.net.hosts.file=/etc/hosts -Xms512m -Xmx512m -Djdk.net.hosts.file=/etc/hosts
# Blackhole mode: compiler (auto-detected, use -Djmh.blackhole.autoDetect=false to disable)
# Warmup: 3 iterations, 500 ms each
# Measurement: 4 iterations, 500 ms each
# Timeout: 10 min per iteration
# Threads: 1 thread, will synchronize iterations
# Benchmark mode: Average time, time/op
# Benchmark: org.apache.jmeter.protocol.http.sampler.HeaderCaptureBenchmark.capture
# Parameters: (deferred = false, protocol = h1, readers = both50, totalBytes = 8192)

# Run progress: 13,89% complete, ETA 00:04:00
# Fork: 1 of 2
# Warmup Iteration   1: 2026-09-12T07:32:28.350986Z org.apache.jmeter.protocol.http.sampler.HeaderCaptureBenchmark.capture-jmh-worker-1 ERROR Error processing element GuiLogEvent ([Appenders: null]): CLASS_NOT_FOUND
2026-09-12T07:32:28.378303Z org.apache.jmeter.protocol.http.sampler.HeaderCaptureBenchmark.capture-jmh-worker-1 ERROR Unable to locate appender "gui-log-event" for logger config "root"
1937,624 ns/op
# Warmup Iteration   2: 1599,178 ns/op
# Warmup Iteration   3: 1603,131 ns/op
Iteration   1: 1600,000 ns/op
                 gc.alloc.rate:      13195,022 MB/sec
                 gc.alloc.rate.norm: 22144,023 B/op
                 gc.count:           22,000 counts
                 gc.time:            18,000 ms
                 process.cpu:        1887,999 ns/op

Iteration   2: 1593,575 ns/op
                 gc.alloc.rate:      13247,764 MB/sec
                 gc.alloc.rate.norm: 22144,023 B/op
                 gc.count:           22,000 counts
                 gc.time:            18,000 ms
                 process.cpu:        1881,240 ns/op

Iteration   3: 1595,452 ns/op
                 gc.alloc.rate:      13232,618 MB/sec
                 gc.alloc.rate.norm: 22144,023 B/op
                 gc.count:           21,000 counts
                 gc.time:            17,000 ms
                 process.cpu:        1885,663 ns/op

Iteration   4: 1615,290 ns/op
                 gc.alloc.rate:      13070,080 MB/sec
                 gc.alloc.rate.norm: 22144,023 B/op
                 gc.count:           22,000 counts
                 gc.time:            18,000 ms
                 process.cpu:        1893,908 ns/op


# Run progress: 15,28% complete, ETA 00:03:56
# Fork: 2 of 2
# Warmup Iteration   1: 2026-09-12T07:32:32.224506Z org.apache.jmeter.protocol.http.sampler.HeaderCaptureBenchmark.capture-jmh-worker-1 ERROR Error processing element GuiLogEvent ([Appenders: null]): CLASS_NOT_FOUND
2026-09-12T07:32:32.251976Z org.apache.jmeter.protocol.http.sampler.HeaderCaptureBenchmark.capture-jmh-worker-1 ERROR Unable to locate appender "gui-log-event" for logger config "root"
1993,108 ns/op
# Warmup Iteration   2: 1680,104 ns/op
# Warmup Iteration   3: 1615,015 ns/op
Iteration   1: 1607,542 ns/op
                 gc.alloc.rate:      13132,896 MB/sec
                 gc.alloc.rate.norm: 22144,023 B/op
                 gc.count:           22,000 counts
                 gc.time:            17,000 ms
                 process.cpu:        1931,126 ns/op

Iteration   2: 1603,700 ns/op
                 gc.alloc.rate:      13162,092 MB/sec
                 gc.alloc.rate.norm: 22144,023 B/op
                 gc.count:           22,000 counts
                 gc.time:            18,000 ms
                 process.cpu:        1884,645 ns/op

Iteration   3: 1605,104 ns/op
                 gc.alloc.rate:      13152,696 MB/sec
                 gc.alloc.rate.norm: 22144,023 B/op
                 gc.count:           21,000 counts
                 gc.time:            17,000 ms
                 process.cpu:        1895,400 ns/op

Iteration   4: 1603,698 ns/op
                 gc.alloc.rate:      13163,841 MB/sec
                 gc.alloc.rate.norm: 22144,023 B/op
                 gc.count:           22,000 counts
                 gc.time:            18,000 ms
                 process.cpu:        1892,663 ns/op



Result "org.apache.jmeter.protocol.http.sampler.HeaderCaptureBenchmark.capture":
  1603,045 ±(99.9%) 13,165 ns/op [Average]
  (min, avg, max) = (1593,575, 1603,045, 1615,290), stdev = 6,885
  CI (99.9%): [1589,881, 1616,210] (assumes normal distribution)

Secondary result "org.apache.jmeter.protocol.http.sampler.HeaderCaptureBenchmark.capture:gc.alloc.rate":
  13169,626 ±(99.9%) 108,046 MB/sec [Average]
  (min, avg, max) = (13070,080, 13169,626, 13247,764), stdev = 56,510
  CI (99.9%): [13061,580, 13277,673] (assumes normal distribution)

Secondary result "org.apache.jmeter.protocol.http.sampler.HeaderCaptureBenchmark.capture:gc.alloc.rate.norm":
  22144,023 ±(99.9%) 0,001 B/op [Average]
  (min, avg, max) = (22144,023, 22144,023, 22144,023), stdev = 0,001
  CI (99.9%): [22144,023, 22144,023] (assumes normal distribution)

Secondary result "org.apache.jmeter.protocol.http.sampler.HeaderCaptureBenchmark.capture:gc.count":
  174,000 ±(99.9%) 0,001 counts [Sum]
  (min, avg, max) = (21,000, 21,750, 22,000), stdev = 0,463
  CI (99.9%): [174,000, 174,000] (assumes normal distribution)

Secondary result "org.apache.jmeter.protocol.http.sampler.HeaderCaptureBenchmark.capture:gc.time":
  141,000 ±(99.9%) 0,001 ms [Sum]
  (min, avg, max) = (17,000, 17,625, 18,000), stdev = 0,518
  CI (99.9%): [141,000, 141,000] (assumes normal distribution)

Secondary result "org.apache.jmeter.protocol.http.sampler.HeaderCaptureBenchmark.capture:process.cpu":
  1894,081 ±(99.9%) 30,126 ns/op [Average]
  (min, avg, max) = (1881,240, 1894,081, 1931,126), stdev = 15,757
  CI (99.9%): [1863,954, 1924,207] (assumes normal distribution)


# JMH version: 1.37
# VM version: JDK 21.0.5, Java HotSpot(TM) 64-Bit Server VM, 21.0.5+9-LTS-239
# VM invoker: /Library/Java/JavaVirtualMachines/jdk-21.jdk/Contents/Home/bin/java
# VM options: -Djdk.net.hosts.file=/etc/hosts -Xms512m -Xmx512m -Djdk.net.hosts.file=/etc/hosts
# Blackhole mode: compiler (auto-detected, use -Djmh.blackhole.autoDetect=false to disable)
# Warmup: 3 iterations, 500 ms each
# Measurement: 4 iterations, 500 ms each
# Timeout: 10 min per iteration
# Threads: 1 thread, will synchronize iterations
# Benchmark mode: Average time, time/op
# Benchmark: org.apache.jmeter.protocol.http.sampler.HeaderCaptureBenchmark.capture
# Parameters: (deferred = false, protocol = h1, readers = both100, totalBytes = 400)

# Run progress: 16,67% complete, ETA 00:03:52
# Fork: 1 of 2
# Warmup Iteration   1: 2026-09-12T07:32:36.097276Z org.apache.jmeter.protocol.http.sampler.HeaderCaptureBenchmark.capture-jmh-worker-1 ERROR Error processing element GuiLogEvent ([Appenders: null]): CLASS_NOT_FOUND
2026-09-12T07:32:36.128299Z org.apache.jmeter.protocol.http.sampler.HeaderCaptureBenchmark.capture-jmh-worker-1 ERROR Unable to locate appender "gui-log-event" for logger config "root"
255,182 ns/op
# Warmup Iteration   2: 181,038 ns/op
# Warmup Iteration   3: 177,595 ns/op
Iteration   1: 176,919 ns/op
                 gc.alloc.rate:      7846,419 MB/sec
                 gc.alloc.rate.norm: 1456,003 B/op
                 gc.count:           13,000 counts
                 gc.time:            11,000 ms
                 process.cpu:        194,728 ns/op

Iteration   2: 176,750 ns/op
                 gc.alloc.rate:      7853,961 MB/sec
                 gc.alloc.rate.norm: 1456,003 B/op
                 gc.count:           13,000 counts
                 gc.time:            10,000 ms
                 process.cpu:        194,976 ns/op

Iteration   3: 179,196 ns/op
                 gc.alloc.rate:      7746,622 MB/sec
                 gc.alloc.rate.norm: 1456,003 B/op
                 gc.count:           13,000 counts
                 gc.time:            11,000 ms
                 process.cpu:        198,779 ns/op

Iteration   4: 176,368 ns/op
                 gc.alloc.rate:      7870,861 MB/sec
                 gc.alloc.rate.norm: 1456,003 B/op
                 gc.count:           12,000 counts
                 gc.time:            10,000 ms
                 process.cpu:        194,096 ns/op


# Run progress: 18,06% complete, ETA 00:03:48
# Fork: 2 of 2
# Warmup Iteration   1: 2026-09-12T07:32:39.963344Z org.apache.jmeter.protocol.http.sampler.HeaderCaptureBenchmark.capture-jmh-worker-1 ERROR Error processing element GuiLogEvent ([Appenders: null]): CLASS_NOT_FOUND
2026-09-12T07:32:39.991139Z org.apache.jmeter.protocol.http.sampler.HeaderCaptureBenchmark.capture-jmh-worker-1 ERROR Unable to locate appender "gui-log-event" for logger config "root"
230,733 ns/op
# Warmup Iteration   2: 168,649 ns/op
# Warmup Iteration   3: 165,304 ns/op
Iteration   1: 170,544 ns/op
                 gc.alloc.rate:      8139,810 MB/sec
                 gc.alloc.rate.norm: 1456,002 B/op
                 gc.count:           14,000 counts
                 gc.time:            11,000 ms
                 process.cpu:        190,607 ns/op

Iteration   2: 166,754 ns/op
                 gc.alloc.rate:      8324,756 MB/sec
                 gc.alloc.rate.norm: 1456,002 B/op
                 gc.count:           14,000 counts
                 gc.time:            12,000 ms
                 process.cpu:        187,137 ns/op

Iteration   3: 166,284 ns/op
                 gc.alloc.rate:      8348,102 MB/sec
                 gc.alloc.rate.norm: 1456,002 B/op
                 gc.count:           14,000 counts
                 gc.time:            11,000 ms
                 process.cpu:        185,642 ns/op

Iteration   4: 166,206 ns/op
                 gc.alloc.rate:      8352,143 MB/sec
                 gc.alloc.rate.norm: 1456,002 B/op
                 gc.count:           13,000 counts
                 gc.time:            11,000 ms
                 process.cpu:        183,163 ns/op



Result "org.apache.jmeter.protocol.http.sampler.HeaderCaptureBenchmark.capture":
  172,378 ±(99.9%) 10,531 ns/op [Average]
  (min, avg, max) = (166,206, 172,378, 179,196), stdev = 5,508
  CI (99.9%): [161,847, 182,909] (assumes normal distribution)

Secondary result "org.apache.jmeter.protocol.http.sampler.HeaderCaptureBenchmark.capture:gc.alloc.rate":
  8060,334 ±(99.9%) 493,774 MB/sec [Average]
  (min, avg, max) = (7746,622, 8060,334, 8352,143), stdev = 258,253
  CI (99.9%): [7566,560, 8554,108] (assumes normal distribution)

Secondary result "org.apache.jmeter.protocol.http.sampler.HeaderCaptureBenchmark.capture:gc.alloc.rate.norm":
  1456,002 ±(99.9%) 0,001 B/op [Average]
  (min, avg, max) = (1456,002, 1456,002, 1456,003), stdev = 0,001
  CI (99.9%): [1456,002, 1456,003] (assumes normal distribution)

Secondary result "org.apache.jmeter.protocol.http.sampler.HeaderCaptureBenchmark.capture:gc.count":
  106,000 ±(99.9%) 0,001 counts [Sum]
  (min, avg, max) = (12,000, 13,250, 14,000), stdev = 0,707
  CI (99.9%): [106,000, 106,000] (assumes normal distribution)

Secondary result "org.apache.jmeter.protocol.http.sampler.HeaderCaptureBenchmark.capture:gc.time":
  87,000 ±(99.9%) 0,001 ms [Sum]
  (min, avg, max) = (10,000, 10,875, 12,000), stdev = 0,641
  CI (99.9%): [87,000, 87,000] (assumes normal distribution)

Secondary result "org.apache.jmeter.protocol.http.sampler.HeaderCaptureBenchmark.capture:process.cpu":
  191,141 ±(99.9%) 10,343 ns/op [Average]
  (min, avg, max) = (183,163, 191,141, 198,779), stdev = 5,410
  CI (99.9%): [180,798, 201,484] (assumes normal distribution)


# JMH version: 1.37
# VM version: JDK 21.0.5, Java HotSpot(TM) 64-Bit Server VM, 21.0.5+9-LTS-239
# VM invoker: /Library/Java/JavaVirtualMachines/jdk-21.jdk/Contents/Home/bin/java
# VM options: -Djdk.net.hosts.file=/etc/hosts -Xms512m -Xmx512m -Djdk.net.hosts.file=/etc/hosts
# Blackhole mode: compiler (auto-detected, use -Djmh.blackhole.autoDetect=false to disable)
# Warmup: 3 iterations, 500 ms each
# Measurement: 4 iterations, 500 ms each
# Timeout: 10 min per iteration
# Threads: 1 thread, will synchronize iterations
# Benchmark mode: Average time, time/op
# Benchmark: org.apache.jmeter.protocol.http.sampler.HeaderCaptureBenchmark.capture
# Parameters: (deferred = false, protocol = h1, readers = both100, totalBytes = 1600)

# Run progress: 19,44% complete, ETA 00:03:44
# Fork: 1 of 2
# Warmup Iteration   1: 2026-09-12T07:32:43.824488Z org.apache.jmeter.protocol.http.sampler.HeaderCaptureBenchmark.capture-jmh-worker-1 ERROR Error processing element GuiLogEvent ([Appenders: null]): CLASS_NOT_FOUND
2026-09-12T07:32:43.852434Z org.apache.jmeter.protocol.http.sampler.HeaderCaptureBenchmark.capture-jmh-worker-1 ERROR Unable to locate appender "gui-log-event" for logger config "root"
706,090 ns/op
# Warmup Iteration   2: 552,018 ns/op
# Warmup Iteration   3: 552,127 ns/op
Iteration   1: 559,114 ns/op
                 gc.alloc.rate:      9044,463 MB/sec
                 gc.alloc.rate.norm: 5304,008 B/op
                 gc.count:           15,000 counts
                 gc.time:            12,000 ms
                 process.cpu:        627,216 ns/op

Iteration   2: 551,964 ns/op
                 gc.alloc.rate:      9161,709 MB/sec
                 gc.alloc.rate.norm: 5304,008 B/op
                 gc.count:           15,000 counts
                 gc.time:            11,000 ms
                 process.cpu:        631,772 ns/op

Iteration   3: 550,344 ns/op
                 gc.alloc.rate:      9188,762 MB/sec
                 gc.alloc.rate.norm: 5304,008 B/op
                 gc.count:           16,000 counts
                 gc.time:            13,000 ms
                 process.cpu:        624,680 ns/op

Iteration   4: 563,454 ns/op
                 gc.alloc.rate:      8975,068 MB/sec
                 gc.alloc.rate.norm: 5304,008 B/op
                 gc.count:           15,000 counts
                 gc.time:            13,000 ms
                 process.cpu:        650,878 ns/op


# Run progress: 20,83% complete, ETA 00:03:40
# Fork: 2 of 2
# Warmup Iteration   1: 2026-09-12T07:32:47.706028Z org.apache.jmeter.protocol.http.sampler.HeaderCaptureBenchmark.capture-jmh-worker-1 ERROR Error processing element GuiLogEvent ([Appenders: null]): CLASS_NOT_FOUND
2026-09-12T07:32:47.734185Z org.apache.jmeter.protocol.http.sampler.HeaderCaptureBenchmark.capture-jmh-worker-1 ERROR Unable to locate appender "gui-log-event" for logger config "root"
723,827 ns/op
# Warmup Iteration   2: 553,789 ns/op
# Warmup Iteration   3: 556,691 ns/op
Iteration   1: 552,880 ns/op
                 gc.alloc.rate:      9146,366 MB/sec
                 gc.alloc.rate.norm: 5304,008 B/op
                 gc.count:           15,000 counts
                 gc.time:            12,000 ms
                 process.cpu:        618,440 ns/op

Iteration   2: 555,418 ns/op
                 gc.alloc.rate:      9104,447 MB/sec
                 gc.alloc.rate.norm: 5304,008 B/op
                 gc.count:           15,000 counts
                 gc.time:            12,000 ms
                 process.cpu:        622,762 ns/op

Iteration   3: 556,386 ns/op
                 gc.alloc.rate:      9088,922 MB/sec
                 gc.alloc.rate.norm: 5304,008 B/op
                 gc.count:           15,000 counts
                 gc.time:            13,000 ms
                 process.cpu:        626,434 ns/op

Iteration   4: 557,154 ns/op
                 gc.alloc.rate:      9076,212 MB/sec
                 gc.alloc.rate.norm: 5304,008 B/op
                 gc.count:           15,000 counts
                 gc.time:            12,000 ms
                 process.cpu:        633,129 ns/op



Result "org.apache.jmeter.protocol.http.sampler.HeaderCaptureBenchmark.capture":
  555,839 ±(99.9%) 8,076 ns/op [Average]
  (min, avg, max) = (550,344, 555,839, 563,454), stdev = 4,224
  CI (99.9%): [547,764, 563,915] (assumes normal distribution)

Secondary result "org.apache.jmeter.protocol.http.sampler.HeaderCaptureBenchmark.capture:gc.alloc.rate":
  9098,244 ±(99.9%) 131,699 MB/sec [Average]
  (min, avg, max) = (8975,068, 9098,244, 9188,762), stdev = 68,881
  CI (99.9%): [8966,544, 9229,943] (assumes normal distribution)

Secondary result "org.apache.jmeter.protocol.http.sampler.HeaderCaptureBenchmark.capture:gc.alloc.rate.norm":
  5304,008 ±(99.9%) 0,001 B/op [Average]
  (min, avg, max) = (5304,008, 5304,008, 5304,008), stdev = 0,001
  CI (99.9%): [5304,008, 5304,008] (assumes normal distribution)

Secondary result "org.apache.jmeter.protocol.http.sampler.HeaderCaptureBenchmark.capture:gc.count":
  121,000 ±(99.9%) 0,001 counts [Sum]
  (min, avg, max) = (15,000, 15,125, 16,000), stdev = 0,354
  CI (99.9%): [121,000, 121,000] (assumes normal distribution)

Secondary result "org.apache.jmeter.protocol.http.sampler.HeaderCaptureBenchmark.capture:gc.time":
  98,000 ±(99.9%) 0,001 ms [Sum]
  (min, avg, max) = (11,000, 12,250, 13,000), stdev = 0,707
  CI (99.9%): [98,000, 98,000] (assumes normal distribution)

Secondary result "org.apache.jmeter.protocol.http.sampler.HeaderCaptureBenchmark.capture:process.cpu":
  629,414 ±(99.9%) 18,857 ns/op [Average]
  (min, avg, max) = (618,440, 629,414, 650,878), stdev = 9,862
  CI (99.9%): [610,557, 648,270] (assumes normal distribution)


# JMH version: 1.37
# VM version: JDK 21.0.5, Java HotSpot(TM) 64-Bit Server VM, 21.0.5+9-LTS-239
# VM invoker: /Library/Java/JavaVirtualMachines/jdk-21.jdk/Contents/Home/bin/java
# VM options: -Djdk.net.hosts.file=/etc/hosts -Xms512m -Xmx512m -Djdk.net.hosts.file=/etc/hosts
# Blackhole mode: compiler (auto-detected, use -Djmh.blackhole.autoDetect=false to disable)
# Warmup: 3 iterations, 500 ms each
# Measurement: 4 iterations, 500 ms each
# Timeout: 10 min per iteration
# Threads: 1 thread, will synchronize iterations
# Benchmark mode: Average time, time/op
# Benchmark: org.apache.jmeter.protocol.http.sampler.HeaderCaptureBenchmark.capture
# Parameters: (deferred = false, protocol = h1, readers = both100, totalBytes = 8192)

# Run progress: 22,22% complete, ETA 00:03:36
# Fork: 1 of 2
# Warmup Iteration   1: 2026-09-12T07:32:51.563206Z org.apache.jmeter.protocol.http.sampler.HeaderCaptureBenchmark.capture-jmh-worker-1 ERROR Error processing element GuiLogEvent ([Appenders: null]): CLASS_NOT_FOUND
2026-09-12T07:32:51.591195Z org.apache.jmeter.protocol.http.sampler.HeaderCaptureBenchmark.capture-jmh-worker-1 ERROR Unable to locate appender "gui-log-event" for logger config "root"
1970,773 ns/op
# Warmup Iteration   2: 1601,872 ns/op
# Warmup Iteration   3: 1595,724 ns/op
Iteration   1: 1601,881 ns/op
                 gc.alloc.rate:      13178,908 MB/sec
                 gc.alloc.rate.norm: 22144,023 B/op
                 gc.count:           22,000 counts
                 gc.time:            18,000 ms
                 process.cpu:        1899,289 ns/op

Iteration   2: 1587,422 ns/op
                 gc.alloc.rate:      13298,563 MB/sec
                 gc.alloc.rate.norm: 22144,023 B/op
                 gc.count:           22,000 counts
                 gc.time:            18,000 ms
                 process.cpu:        1868,882 ns/op

Iteration   3: 1621,696 ns/op
                 gc.alloc.rate:      13019,046 MB/sec
                 gc.alloc.rate.norm: 22144,023 B/op
                 gc.count:           22,000 counts
                 gc.time:            18,000 ms
                 process.cpu:        1941,995 ns/op

Iteration   4: 1585,753 ns/op
                 gc.alloc.rate:      13313,274 MB/sec
                 gc.alloc.rate.norm: 22144,023 B/op
                 gc.count:           22,000 counts
                 gc.time:            18,000 ms
                 process.cpu:        1903,313 ns/op


# Run progress: 23,61% complete, ETA 00:03:33
# Fork: 2 of 2
# Warmup Iteration   1: 2026-09-12T07:32:55.415263Z org.apache.jmeter.protocol.http.sampler.HeaderCaptureBenchmark.capture-jmh-worker-1 ERROR Error processing element GuiLogEvent ([Appenders: null]): CLASS_NOT_FOUND
2026-09-12T07:32:55.443514Z org.apache.jmeter.protocol.http.sampler.HeaderCaptureBenchmark.capture-jmh-worker-1 ERROR Unable to locate appender "gui-log-event" for logger config "root"
1916,373 ns/op
# Warmup Iteration   2: 1593,248 ns/op
# Warmup Iteration   3: 1592,701 ns/op
Iteration   1: 1596,570 ns/op
                 gc.alloc.rate:      13223,238 MB/sec
                 gc.alloc.rate.norm: 22144,023 B/op
                 gc.count:           22,000 counts
                 gc.time:            19,000 ms
                 process.cpu:        1942,134 ns/op

Iteration   2: 1587,750 ns/op
                 gc.alloc.rate:      13297,332 MB/sec
                 gc.alloc.rate.norm: 22144,023 B/op
                 gc.count:           22,000 counts
                 gc.time:            17,000 ms
                 process.cpu:        1904,358 ns/op

Iteration   3: 1590,680 ns/op
                 gc.alloc.rate:      13272,618 MB/sec
                 gc.alloc.rate.norm: 22144,023 B/op
                 gc.count:           22,000 counts
                 gc.time:            19,000 ms
                 process.cpu:        1863,701 ns/op

Iteration   4: 1590,573 ns/op
                 gc.alloc.rate:      13273,499 MB/sec
                 gc.alloc.rate.norm: 22144,023 B/op
                 gc.count:           22,000 counts
                 gc.time:            17,000 ms
                 process.cpu:        1889,805 ns/op



Result "org.apache.jmeter.protocol.http.sampler.HeaderCaptureBenchmark.capture":
  1595,291 ±(99.9%) 22,802 ns/op [Average]
  (min, avg, max) = (1585,753, 1595,291, 1621,696), stdev = 11,926
  CI (99.9%): [1572,489, 1618,093] (assumes normal distribution)

Secondary result "org.apache.jmeter.protocol.http.sampler.HeaderCaptureBenchmark.capture:gc.alloc.rate":
  13234,560 ±(99.9%) 186,872 MB/sec [Average]
  (min, avg, max) = (13019,046, 13234,560, 13313,274), stdev = 97,738
  CI (99.9%): [13047,687, 13421,432] (assumes normal distribution)

Secondary result "org.apache.jmeter.protocol.http.sampler.HeaderCaptureBenchmark.capture:gc.alloc.rate.norm":
  22144,023 ±(99.9%) 0,001 B/op [Average]
  (min, avg, max) = (22144,023, 22144,023, 22144,023), stdev = 0,001
  CI (99.9%): [22144,022, 22144,023] (assumes normal distribution)

Secondary result "org.apache.jmeter.protocol.http.sampler.HeaderCaptureBenchmark.capture:gc.count":
  176,000 ±(99.9%) 0,001 counts [Sum]
  (min, avg, max) = (22,000, 22,000, 22,000), stdev = 0,001
  CI (99.9%): [176,000, 176,000] (assumes normal distribution)

Secondary result "org.apache.jmeter.protocol.http.sampler.HeaderCaptureBenchmark.capture:gc.time":
  144,000 ±(99.9%) 0,001 ms [Sum]
  (min, avg, max) = (17,000, 18,000, 19,000), stdev = 0,756
  CI (99.9%): [144,000, 144,000] (assumes normal distribution)

Secondary result "org.apache.jmeter.protocol.http.sampler.HeaderCaptureBenchmark.capture:process.cpu":
  1901,685 ±(99.9%) 55,680 ns/op [Average]
  (min, avg, max) = (1863,701, 1901,685, 1942,134), stdev = 29,122
  CI (99.9%): [1846,004, 1957,365] (assumes normal distribution)


# JMH version: 1.37
# VM version: JDK 21.0.5, Java HotSpot(TM) 64-Bit Server VM, 21.0.5+9-LTS-239
# VM invoker: /Library/Java/JavaVirtualMachines/jdk-21.jdk/Contents/Home/bin/java
# VM options: -Djdk.net.hosts.file=/etc/hosts -Xms512m -Xmx512m -Djdk.net.hosts.file=/etc/hosts
# Blackhole mode: compiler (auto-detected, use -Djmh.blackhole.autoDetect=false to disable)
# Warmup: 3 iterations, 500 ms each
# Measurement: 4 iterations, 500 ms each
# Timeout: 10 min per iteration
# Threads: 1 thread, will synchronize iterations
# Benchmark mode: Average time, time/op
# Benchmark: org.apache.jmeter.protocol.http.sampler.HeaderCaptureBenchmark.capture
# Parameters: (deferred = false, protocol = h2, readers = unread, totalBytes = 400)

# Run progress: 25,00% complete, ETA 00:03:29
# Fork: 1 of 2
# Warmup Iteration   1: 2026-09-12T07:32:59.275230Z org.apache.jmeter.protocol.http.sampler.HeaderCaptureBenchmark.capture-jmh-worker-1 ERROR Error processing element GuiLogEvent ([Appenders: null]): CLASS_NOT_FOUND
2026-09-12T07:32:59.305306Z org.apache.jmeter.protocol.http.sampler.HeaderCaptureBenchmark.capture-jmh-worker-1 ERROR Unable to locate appender "gui-log-event" for logger config "root"
157,701 ns/op
# Warmup Iteration   2: 118,676 ns/op
# Warmup Iteration   3: 118,659 ns/op
Iteration   1: 118,242 ns/op
                 gc.alloc.rate:      10191,392 MB/sec
                 gc.alloc.rate.norm: 1264,002 B/op
                 gc.count:           17,000 counts
                 gc.time:            13,000 ms
                 process.cpu:        136,179 ns/op

Iteration   2: 117,861 ns/op
                 gc.alloc.rate:      10224,974 MB/sec
                 gc.alloc.rate.norm: 1264,002 B/op
                 gc.count:           17,000 counts
                 gc.time:            14,000 ms
                 process.cpu:        132,441 ns/op

Iteration   3: 117,663 ns/op
                 gc.alloc.rate:      10242,214 MB/sec
                 gc.alloc.rate.norm: 1264,002 B/op
                 gc.count:           17,000 counts
                 gc.time:            14,000 ms
                 process.cpu:        134,181 ns/op

Iteration   4: 117,994 ns/op
                 gc.alloc.rate:      10213,499 MB/sec
                 gc.alloc.rate.norm: 1264,002 B/op
                 gc.count:           17,000 counts
                 gc.time:            14,000 ms
                 process.cpu:        133,511 ns/op


# Run progress: 26,39% complete, ETA 00:03:25
# Fork: 2 of 2
# Warmup Iteration   1: 2026-09-12T07:33:03.146910Z org.apache.jmeter.protocol.http.sampler.HeaderCaptureBenchmark.capture-jmh-worker-1 ERROR Error processing element GuiLogEvent ([Appenders: null]): CLASS_NOT_FOUND
2026-09-12T07:33:03.175749Z org.apache.jmeter.protocol.http.sampler.HeaderCaptureBenchmark.capture-jmh-worker-1 ERROR Unable to locate appender "gui-log-event" for logger config "root"
149,905 ns/op
# Warmup Iteration   2: 117,127 ns/op
# Warmup Iteration   3: 117,772 ns/op
Iteration   1: 118,045 ns/op
                 gc.alloc.rate:      10208,748 MB/sec
                 gc.alloc.rate.norm: 1264,002 B/op
                 gc.count:           17,000 counts
                 gc.time:            13,000 ms
                 process.cpu:        134,436 ns/op

Iteration   2: 117,420 ns/op
                 gc.alloc.rate:      10262,996 MB/sec
                 gc.alloc.rate.norm: 1264,002 B/op
                 gc.count:           17,000 counts
                 gc.time:            14,000 ms
                 process.cpu:        134,215 ns/op

Iteration   3: 117,411 ns/op
                 gc.alloc.rate:      10263,881 MB/sec
                 gc.alloc.rate.norm: 1264,002 B/op
                 gc.count:           17,000 counts
                 gc.time:            13,000 ms
                 process.cpu:        133,139 ns/op

Iteration   4: 115,271 ns/op
                 gc.alloc.rate:      10454,639 MB/sec
                 gc.alloc.rate.norm: 1264,002 B/op
                 gc.count:           18,000 counts
                 gc.time:            15,000 ms
                 process.cpu:        132,745 ns/op



Result "org.apache.jmeter.protocol.http.sampler.HeaderCaptureBenchmark.capture":
  117,488 ±(99.9%) 1,804 ns/op [Average]
  (min, avg, max) = (115,271, 117,488, 118,242), stdev = 0,943
  CI (99.9%): [115,685, 119,292] (assumes normal distribution)

Secondary result "org.apache.jmeter.protocol.http.sampler.HeaderCaptureBenchmark.capture:gc.alloc.rate":
  10257,793 ±(99.9%) 159,818 MB/sec [Average]
  (min, avg, max) = (10191,392, 10257,793, 10454,639), stdev = 83,588
  CI (99.9%): [10097,975, 10417,611] (assumes normal distribution)

Secondary result "org.apache.jmeter.protocol.http.sampler.HeaderCaptureBenchmark.capture:gc.alloc.rate.norm":
  1264,002 ±(99.9%) 0,001 B/op [Average]
  (min, avg, max) = (1264,002, 1264,002, 1264,002), stdev = 0,001
  CI (99.9%): [1264,002, 1264,002] (assumes normal distribution)

Secondary result "org.apache.jmeter.protocol.http.sampler.HeaderCaptureBenchmark.capture:gc.count":
  137,000 ±(99.9%) 0,001 counts [Sum]
  (min, avg, max) = (17,000, 17,125, 18,000), stdev = 0,354
  CI (99.9%): [137,000, 137,000] (assumes normal distribution)

Secondary result "org.apache.jmeter.protocol.http.sampler.HeaderCaptureBenchmark.capture:gc.time":
  110,000 ±(99.9%) 0,001 ms [Sum]
  (min, avg, max) = (13,000, 13,750, 15,000), stdev = 0,707
  CI (99.9%): [110,000, 110,000] (assumes normal distribution)

Secondary result "org.apache.jmeter.protocol.http.sampler.HeaderCaptureBenchmark.capture:process.cpu":
  133,856 ±(99.9%) 2,267 ns/op [Average]
  (min, avg, max) = (132,441, 133,856, 136,179), stdev = 1,185
  CI (99.9%): [131,589, 136,123] (assumes normal distribution)


# JMH version: 1.37
# VM version: JDK 21.0.5, Java HotSpot(TM) 64-Bit Server VM, 21.0.5+9-LTS-239
# VM invoker: /Library/Java/JavaVirtualMachines/jdk-21.jdk/Contents/Home/bin/java
# VM options: -Djdk.net.hosts.file=/etc/hosts -Xms512m -Xmx512m -Djdk.net.hosts.file=/etc/hosts
# Blackhole mode: compiler (auto-detected, use -Djmh.blackhole.autoDetect=false to disable)
# Warmup: 3 iterations, 500 ms each
# Measurement: 4 iterations, 500 ms each
# Timeout: 10 min per iteration
# Threads: 1 thread, will synchronize iterations
# Benchmark mode: Average time, time/op
# Benchmark: org.apache.jmeter.protocol.http.sampler.HeaderCaptureBenchmark.capture
# Parameters: (deferred = false, protocol = h2, readers = unread, totalBytes = 1600)

# Run progress: 27,78% complete, ETA 00:03:21
# Fork: 1 of 2
# Warmup Iteration   1: 2026-09-12T07:33:07.011285Z org.apache.jmeter.protocol.http.sampler.HeaderCaptureBenchmark.capture-jmh-worker-1 ERROR Error processing element GuiLogEvent ([Appenders: null]): CLASS_NOT_FOUND
2026-09-12T07:33:07.038049Z org.apache.jmeter.protocol.http.sampler.HeaderCaptureBenchmark.capture-jmh-worker-1 ERROR Unable to locate appender "gui-log-event" for logger config "root"
549,258 ns/op
# Warmup Iteration   2: 430,843 ns/op
# Warmup Iteration   3: 427,758 ns/op
Iteration   1: 423,285 ns/op
                 gc.alloc.rate:      11514,480 MB/sec
                 gc.alloc.rate.norm: 5112,006 B/op
                 gc.count:           19,000 counts
                 gc.time:            15,000 ms
                 process.cpu:        486,443 ns/op

Iteration   2: 425,781 ns/op
                 gc.alloc.rate:      11446,632 MB/sec
                 gc.alloc.rate.norm: 5112,006 B/op
                 gc.count:           19,000 counts
                 gc.time:            16,000 ms
                 process.cpu:        496,546 ns/op

Iteration   3: 428,869 ns/op
                 gc.alloc.rate:      11363,319 MB/sec
                 gc.alloc.rate.norm: 5112,006 B/op
                 gc.count:           19,000 counts
                 gc.time:            15,000 ms
                 process.cpu:        499,087 ns/op

Iteration   4: 426,529 ns/op
                 gc.alloc.rate:      11426,293 MB/sec
                 gc.alloc.rate.norm: 5112,006 B/op
                 gc.count:           19,000 counts
                 gc.time:            15,000 ms
                 process.cpu:        496,131 ns/op


# Run progress: 29,17% complete, ETA 00:03:17
# Fork: 2 of 2
# Warmup Iteration   1: 2026-09-12T07:33:10.886962Z org.apache.jmeter.protocol.http.sampler.HeaderCaptureBenchmark.capture-jmh-worker-1 ERROR Error processing element GuiLogEvent ([Appenders: null]): CLASS_NOT_FOUND
2026-09-12T07:33:10.915090Z org.apache.jmeter.protocol.http.sampler.HeaderCaptureBenchmark.capture-jmh-worker-1 ERROR Unable to locate appender "gui-log-event" for logger config "root"
537,136 ns/op
# Warmup Iteration   2: 421,827 ns/op
# Warmup Iteration   3: 423,837 ns/op
Iteration   1: 417,465 ns/op
                 gc.alloc.rate:      11674,635 MB/sec
                 gc.alloc.rate.norm: 5112,006 B/op
                 gc.count:           20,000 counts
                 gc.time:            16,000 ms
                 process.cpu:        482,467 ns/op

Iteration   2: 420,646 ns/op
                 gc.alloc.rate:      11586,626 MB/sec
                 gc.alloc.rate.norm: 5112,006 B/op
                 gc.count:           19,000 counts
                 gc.time:            15,000 ms
                 process.cpu:        484,420 ns/op

Iteration   3: 419,753 ns/op
                 gc.alloc.rate:      11611,438 MB/sec
                 gc.alloc.rate.norm: 5112,006 B/op
                 gc.count:           19,000 counts
                 gc.time:            16,000 ms
                 process.cpu:        480,013 ns/op

Iteration   4: 420,945 ns/op
                 gc.alloc.rate:      11577,940 MB/sec
                 gc.alloc.rate.norm: 5112,006 B/op
                 gc.count:           19,000 counts
                 gc.time:            15,000 ms
                 process.cpu:        486,890 ns/op



Result "org.apache.jmeter.protocol.http.sampler.HeaderCaptureBenchmark.capture":
  422,909 ±(99.9%) 7,426 ns/op [Average]
  (min, avg, max) = (417,465, 422,909, 428,869), stdev = 3,884
  CI (99.9%): [415,484, 430,335] (assumes normal distribution)

Secondary result "org.apache.jmeter.protocol.http.sampler.HeaderCaptureBenchmark.capture:gc.alloc.rate":
  11525,170 ±(99.9%) 202,601 MB/sec [Average]
  (min, avg, max) = (11363,319, 11525,170, 11674,635), stdev = 105,964
  CI (99.9%): [11322,570, 11727,771] (assumes normal distribution)

Secondary result "org.apache.jmeter.protocol.http.sampler.HeaderCaptureBenchmark.capture:gc.alloc.rate.norm":
  5112,006 ±(99.9%) 0,001 B/op [Average]
  (min, avg, max) = (5112,006, 5112,006, 5112,006), stdev = 0,001
  CI (99.9%): [5112,006, 5112,006] (assumes normal distribution)

Secondary result "org.apache.jmeter.protocol.http.sampler.HeaderCaptureBenchmark.capture:gc.count":
  153,000 ±(99.9%) 0,001 counts [Sum]
  (min, avg, max) = (19,000, 19,125, 20,000), stdev = 0,354
  CI (99.9%): [153,000, 153,000] (assumes normal distribution)

Secondary result "org.apache.jmeter.protocol.http.sampler.HeaderCaptureBenchmark.capture:gc.time":
  123,000 ±(99.9%) 0,001 ms [Sum]
  (min, avg, max) = (15,000, 15,375, 16,000), stdev = 0,518
  CI (99.9%): [123,000, 123,000] (assumes normal distribution)

Secondary result "org.apache.jmeter.protocol.http.sampler.HeaderCaptureBenchmark.capture:process.cpu":
  489,000 ±(99.9%) 13,805 ns/op [Average]
  (min, avg, max) = (480,013, 489,000, 499,087), stdev = 7,220
  CI (99.9%): [475,194, 502,805] (assumes normal distribution)


# JMH version: 1.37
# VM version: JDK 21.0.5, Java HotSpot(TM) 64-Bit Server VM, 21.0.5+9-LTS-239
# VM invoker: /Library/Java/JavaVirtualMachines/jdk-21.jdk/Contents/Home/bin/java
# VM options: -Djdk.net.hosts.file=/etc/hosts -Xms512m -Xmx512m -Djdk.net.hosts.file=/etc/hosts
# Blackhole mode: compiler (auto-detected, use -Djmh.blackhole.autoDetect=false to disable)
# Warmup: 3 iterations, 500 ms each
# Measurement: 4 iterations, 500 ms each
# Timeout: 10 min per iteration
# Threads: 1 thread, will synchronize iterations
# Benchmark mode: Average time, time/op
# Benchmark: org.apache.jmeter.protocol.http.sampler.HeaderCaptureBenchmark.capture
# Parameters: (deferred = false, protocol = h2, readers = unread, totalBytes = 8192)

# Run progress: 30,56% complete, ETA 00:03:13
# Fork: 1 of 2
# Warmup Iteration   1: 2026-09-12T07:33:14.752571Z org.apache.jmeter.protocol.http.sampler.HeaderCaptureBenchmark.capture-jmh-worker-1 ERROR Error processing element GuiLogEvent ([Appenders: null]): CLASS_NOT_FOUND
2026-09-12T07:33:14.781649Z org.apache.jmeter.protocol.http.sampler.HeaderCaptureBenchmark.capture-jmh-worker-1 ERROR Unable to locate appender "gui-log-event" for logger config "root"
974,828 ns/op
# Warmup Iteration   2: 846,772 ns/op
# Warmup Iteration   3: 851,251 ns/op
Iteration   1: 848,248 ns/op
                 gc.alloc.rate:      24672,432 MB/sec
                 gc.alloc.rate.norm: 21952,012 B/op
                 gc.count:           41,000 counts
                 gc.time:            33,000 ms
                 process.cpu:        1143,273 ns/op

Iteration   2: 853,845 ns/op
                 gc.alloc.rate:      24509,613 MB/sec
                 gc.alloc.rate.norm: 21952,012 B/op
                 gc.count:           41,000 counts
                 gc.time:            32,000 ms
                 process.cpu:        1151,899 ns/op

Iteration   3: 848,114 ns/op
                 gc.alloc.rate:      24676,257 MB/sec
                 gc.alloc.rate.norm: 21952,012 B/op
                 gc.count:           41,000 counts
                 gc.time:            33,000 ms
                 process.cpu:        1174,150 ns/op

Iteration   4: 862,310 ns/op
                 gc.alloc.rate:      24268,047 MB/sec
                 gc.alloc.rate.norm: 21952,012 B/op
                 gc.count:           40,000 counts
                 gc.time:            34,000 ms
                 process.cpu:        1187,207 ns/op


# Run progress: 31,94% complete, ETA 00:03:09
# Fork: 2 of 2
# Warmup Iteration   1: 2026-09-12T07:33:18.620586Z org.apache.jmeter.protocol.http.sampler.HeaderCaptureBenchmark.capture-jmh-worker-1 ERROR Error processing element GuiLogEvent ([Appenders: null]): CLASS_NOT_FOUND
2026-09-12T07:33:18.649004Z org.apache.jmeter.protocol.http.sampler.HeaderCaptureBenchmark.capture-jmh-worker-1 ERROR Unable to locate appender "gui-log-event" for logger config "root"
999,445 ns/op
# Warmup Iteration   2: 843,445 ns/op
# Warmup Iteration   3: 839,000 ns/op
Iteration   1: 845,029 ns/op
                 gc.alloc.rate:      24765,722 MB/sec
                 gc.alloc.rate.norm: 21952,012 B/op
                 gc.count:           41,000 counts
                 gc.time:            33,000 ms
                 process.cpu:        1153,864 ns/op

Iteration   2: 842,008 ns/op
                 gc.alloc.rate:      24856,022 MB/sec
                 gc.alloc.rate.norm: 21952,012 B/op
                 gc.count:           42,000 counts
                 gc.time:            34,000 ms
                 process.cpu:        1160,861 ns/op

Iteration   3: 837,370 ns/op
                 gc.alloc.rate:      24993,026 MB/sec
                 gc.alloc.rate.norm: 21952,012 B/op
                 gc.count:           41,000 counts
                 gc.time:            33,000 ms
                 process.cpu:        1144,070 ns/op

Iteration   4: 835,881 ns/op
                 gc.alloc.rate:      25035,058 MB/sec
                 gc.alloc.rate.norm: 21952,012 B/op
                 gc.count:           42,000 counts
                 gc.time:            33,000 ms
                 process.cpu:        1119,776 ns/op



Result "org.apache.jmeter.protocol.http.sampler.HeaderCaptureBenchmark.capture":
  846,601 ±(99.9%) 16,605 ns/op [Average]
  (min, avg, max) = (835,881, 846,601, 862,310), stdev = 8,685
  CI (99.9%): [829,996, 863,205] (assumes normal distribution)

Secondary result "org.apache.jmeter.protocol.http.sampler.HeaderCaptureBenchmark.capture:gc.alloc.rate":
  24722,022 ±(99.9%) 483,190 MB/sec [Average]
  (min, avg, max) = (24268,047, 24722,022, 25035,058), stdev = 252,718
  CI (99.9%): [24238,832, 25205,213] (assumes normal distribution)

Secondary result "org.apache.jmeter.protocol.http.sampler.HeaderCaptureBenchmark.capture:gc.alloc.rate.norm":
  21952,012 ±(99.9%) 0,001 B/op [Average]
  (min, avg, max) = (21952,012, 21952,012, 21952,012), stdev = 0,001
  CI (99.9%): [21952,012, 21952,012] (assumes normal distribution)

Secondary result "org.apache.jmeter.protocol.http.sampler.HeaderCaptureBenchmark.capture:gc.count":
  329,000 ±(99.9%) 0,001 counts [Sum]
  (min, avg, max) = (40,000, 41,125, 42,000), stdev = 0,641
  CI (99.9%): [329,000, 329,000] (assumes normal distribution)

Secondary result "org.apache.jmeter.protocol.http.sampler.HeaderCaptureBenchmark.capture:gc.time":
  265,000 ±(99.9%) 0,001 ms [Sum]
  (min, avg, max) = (32,000, 33,125, 34,000), stdev = 0,641
  CI (99.9%): [265,000, 265,000] (assumes normal distribution)

Secondary result "org.apache.jmeter.protocol.http.sampler.HeaderCaptureBenchmark.capture:process.cpu":
  1154,388 ±(99.9%) 39,210 ns/op [Average]
  (min, avg, max) = (1119,776, 1154,388, 1187,207), stdev = 20,508
  CI (99.9%): [1115,178, 1193,598] (assumes normal distribution)


# JMH version: 1.37
# VM version: JDK 21.0.5, Java HotSpot(TM) 64-Bit Server VM, 21.0.5+9-LTS-239
# VM invoker: /Library/Java/JavaVirtualMachines/jdk-21.jdk/Contents/Home/bin/java
# VM options: -Djdk.net.hosts.file=/etc/hosts -Xms512m -Xmx512m -Djdk.net.hosts.file=/etc/hosts
# Blackhole mode: compiler (auto-detected, use -Djmh.blackhole.autoDetect=false to disable)
# Warmup: 3 iterations, 500 ms each
# Measurement: 4 iterations, 500 ms each
# Timeout: 10 min per iteration
# Threads: 1 thread, will synchronize iterations
# Benchmark mode: Average time, time/op
# Benchmark: org.apache.jmeter.protocol.http.sampler.HeaderCaptureBenchmark.capture
# Parameters: (deferred = false, protocol = h2, readers = both50, totalBytes = 400)

# Run progress: 33,33% complete, ETA 00:03:05
# Fork: 1 of 2
# Warmup Iteration   1: 2026-09-12T07:33:22.493837Z org.apache.jmeter.protocol.http.sampler.HeaderCaptureBenchmark.capture-jmh-worker-1 ERROR Error processing element GuiLogEvent ([Appenders: null]): CLASS_NOT_FOUND
2026-09-12T07:33:22.521881Z org.apache.jmeter.protocol.http.sampler.HeaderCaptureBenchmark.capture-jmh-worker-1 ERROR Unable to locate appender "gui-log-event" for logger config "root"
159,147 ns/op
# Warmup Iteration   2: 123,079 ns/op
# Warmup Iteration   3: 121,583 ns/op
Iteration   1: 122,698 ns/op
                 gc.alloc.rate:      9821,991 MB/sec
                 gc.alloc.rate.norm: 1264,002 B/op
                 gc.count:           16,000 counts
                 gc.time:            12,000 ms
                 process.cpu:        139,453 ns/op

Iteration   2: 122,705 ns/op
                 gc.alloc.rate:      9821,105 MB/sec
                 gc.alloc.rate.norm: 1264,002 B/op
                 gc.count:           17,000 counts
                 gc.time:            14,000 ms
                 process.cpu:        139,681 ns/op

Iteration   3: 121,688 ns/op
                 gc.alloc.rate:      9903,191 MB/sec
                 gc.alloc.rate.norm: 1264,002 B/op
                 gc.count:           16,000 counts
                 gc.time:            13,000 ms
                 process.cpu:        138,383 ns/op

Iteration   4: 120,985 ns/op
                 gc.alloc.rate:      9960,784 MB/sec
                 gc.alloc.rate.norm: 1264,002 B/op
                 gc.count:           17,000 counts
                 gc.time:            13,000 ms
                 process.cpu:        138,171 ns/op


# Run progress: 34,72% complete, ETA 00:03:01
# Fork: 2 of 2
# Warmup Iteration   1: 2026-09-12T07:33:26.374813Z org.apache.jmeter.protocol.http.sampler.HeaderCaptureBenchmark.capture-jmh-worker-1 ERROR Error processing element GuiLogEvent ([Appenders: null]): CLASS_NOT_FOUND
2026-09-12T07:33:26.402553Z org.apache.jmeter.protocol.http.sampler.HeaderCaptureBenchmark.capture-jmh-worker-1 ERROR Unable to locate appender "gui-log-event" for logger config "root"
163,841 ns/op
# Warmup Iteration   2: 127,945 ns/op
# Warmup Iteration   3: 127,935 ns/op
Iteration   1: 125,999 ns/op
                 gc.alloc.rate:      9564,366 MB/sec
                 gc.alloc.rate.norm: 1264,002 B/op
                 gc.count:           15,000 counts
                 gc.time:            12,000 ms
                 process.cpu:        144,128 ns/op

Iteration   2: 124,968 ns/op
                 gc.alloc.rate:      9643,548 MB/sec
                 gc.alloc.rate.norm: 1264,002 B/op
                 gc.count:           16,000 counts
                 gc.time:            13,000 ms
                 process.cpu:        140,872 ns/op

Iteration   3: 126,197 ns/op
                 gc.alloc.rate:      9549,519 MB/sec
                 gc.alloc.rate.norm: 1264,002 B/op
                 gc.count:           16,000 counts
                 gc.time:            13,000 ms
                 process.cpu:        142,537 ns/op

Iteration   4: 125,243 ns/op
                 gc.alloc.rate:      9622,205 MB/sec
                 gc.alloc.rate.norm: 1264,002 B/op
                 gc.count:           16,000 counts
                 gc.time:            13,000 ms
                 process.cpu:        143,929 ns/op



Result "org.apache.jmeter.protocol.http.sampler.HeaderCaptureBenchmark.capture":
  123,810 ±(99.9%) 3,880 ns/op [Average]
  (min, avg, max) = (120,985, 123,810, 126,197), stdev = 2,029
  CI (99.9%): [119,931, 127,690] (assumes normal distribution)

Secondary result "org.apache.jmeter.protocol.http.sampler.HeaderCaptureBenchmark.capture:gc.alloc.rate":
  9735,839 ±(99.9%) 305,616 MB/sec [Average]
  (min, avg, max) = (9549,519, 9735,839, 9960,784), stdev = 159,843
  CI (99.9%): [9430,223, 10041,454] (assumes normal distribution)

Secondary result "org.apache.jmeter.protocol.http.sampler.HeaderCaptureBenchmark.capture:gc.alloc.rate.norm":
  1264,002 ±(99.9%) 0,001 B/op [Average]
  (min, avg, max) = (1264,002, 1264,002, 1264,002), stdev = 0,001
  CI (99.9%): [1264,002, 1264,002] (assumes normal distribution)

Secondary result "org.apache.jmeter.protocol.http.sampler.HeaderCaptureBenchmark.capture:gc.count":
  129,000 ±(99.9%) 0,001 counts [Sum]
  (min, avg, max) = (15,000, 16,125, 17,000), stdev = 0,641
  CI (99.9%): [129,000, 129,000] (assumes normal distribution)

Secondary result "org.apache.jmeter.protocol.http.sampler.HeaderCaptureBenchmark.capture:gc.time":
  103,000 ±(99.9%) 0,001 ms [Sum]
  (min, avg, max) = (12,000, 12,875, 14,000), stdev = 0,641
  CI (99.9%): [103,000, 103,000] (assumes normal distribution)

Secondary result "org.apache.jmeter.protocol.http.sampler.HeaderCaptureBenchmark.capture:process.cpu":
  140,894 ±(99.9%) 4,550 ns/op [Average]
  (min, avg, max) = (138,171, 140,894, 144,128), stdev = 2,380
  CI (99.9%): [136,345, 145,444] (assumes normal distribution)


# JMH version: 1.37
# VM version: JDK 21.0.5, Java HotSpot(TM) 64-Bit Server VM, 21.0.5+9-LTS-239
# VM invoker: /Library/Java/JavaVirtualMachines/jdk-21.jdk/Contents/Home/bin/java
# VM options: -Djdk.net.hosts.file=/etc/hosts -Xms512m -Xmx512m -Djdk.net.hosts.file=/etc/hosts
# Blackhole mode: compiler (auto-detected, use -Djmh.blackhole.autoDetect=false to disable)
# Warmup: 3 iterations, 500 ms each
# Measurement: 4 iterations, 500 ms each
# Timeout: 10 min per iteration
# Threads: 1 thread, will synchronize iterations
# Benchmark mode: Average time, time/op
# Benchmark: org.apache.jmeter.protocol.http.sampler.HeaderCaptureBenchmark.capture
# Parameters: (deferred = false, protocol = h2, readers = both50, totalBytes = 1600)

# Run progress: 36,11% complete, ETA 00:02:58
# Fork: 1 of 2
# Warmup Iteration   1: 2026-09-12T07:33:30.244450Z org.apache.jmeter.protocol.http.sampler.HeaderCaptureBenchmark.capture-jmh-worker-1 ERROR Error processing element GuiLogEvent ([Appenders: null]): CLASS_NOT_FOUND
2026-09-12T07:33:30.271522Z org.apache.jmeter.protocol.http.sampler.HeaderCaptureBenchmark.capture-jmh-worker-1 ERROR Unable to locate appender "gui-log-event" for logger config "root"
551,637 ns/op
# Warmup Iteration   2: 429,837 ns/op
# Warmup Iteration   3: 425,087 ns/op
Iteration   1: 420,405 ns/op
                 gc.alloc.rate:      11591,462 MB/sec
                 gc.alloc.rate.norm: 5112,006 B/op
                 gc.count:           19,000 counts
                 gc.time:            15,000 ms
                 process.cpu:        491,188 ns/op

Iteration   2: 419,852 ns/op
                 gc.alloc.rate:      11608,481 MB/sec
                 gc.alloc.rate.norm: 5112,006 B/op
                 gc.count:           19,000 counts
                 gc.time:            15,000 ms
                 process.cpu:        486,870 ns/op

Iteration   3: 418,182 ns/op
                 gc.alloc.rate:      11655,024 MB/sec
                 gc.alloc.rate.norm: 5112,006 B/op
                 gc.count:           19,000 counts
                 gc.time:            16,000 ms
                 process.cpu:        485,558 ns/op

Iteration   4: 420,751 ns/op
                 gc.alloc.rate:      11583,471 MB/sec
                 gc.alloc.rate.norm: 5112,006 B/op
                 gc.count:           19,000 counts
                 gc.time:            15,000 ms
                 process.cpu:        486,446 ns/op


# Run progress: 37,50% complete, ETA 00:02:54
# Fork: 2 of 2
# Warmup Iteration   1: 2026-09-12T07:33:34.112674Z org.apache.jmeter.protocol.http.sampler.HeaderCaptureBenchmark.capture-jmh-worker-1 ERROR Error processing element GuiLogEvent ([Appenders: null]): CLASS_NOT_FOUND
2026-09-12T07:33:34.141045Z org.apache.jmeter.protocol.http.sampler.HeaderCaptureBenchmark.capture-jmh-worker-1 ERROR Unable to locate appender "gui-log-event" for logger config "root"
538,843 ns/op
# Warmup Iteration   2: 430,842 ns/op
# Warmup Iteration   3: 421,889 ns/op
Iteration   1: 422,434 ns/op
                 gc.alloc.rate:      11536,277 MB/sec
                 gc.alloc.rate.norm: 5112,006 B/op
                 gc.count:           19,000 counts
                 gc.time:            16,000 ms
                 process.cpu:        491,248 ns/op

Iteration   2: 420,888 ns/op
                 gc.alloc.rate:      11580,001 MB/sec
                 gc.alloc.rate.norm: 5112,006 B/op
                 gc.count:           19,000 counts
                 gc.time:            14,000 ms
                 process.cpu:        484,686 ns/op

Iteration   3: 427,614 ns/op
                 gc.alloc.rate:      11397,195 MB/sec
                 gc.alloc.rate.norm: 5112,006 B/op
                 gc.count:           19,000 counts
                 gc.time:            16,000 ms
                 process.cpu:        494,781 ns/op

Iteration   4: 425,977 ns/op
                 gc.alloc.rate:      11440,637 MB/sec
                 gc.alloc.rate.norm: 5112,006 B/op
                 gc.count:           19,000 counts
                 gc.time:            16,000 ms
                 process.cpu:        500,714 ns/op



Result "org.apache.jmeter.protocol.http.sampler.HeaderCaptureBenchmark.capture":
  422,013 ±(99.9%) 6,134 ns/op [Average]
  (min, avg, max) = (418,182, 422,013, 427,614), stdev = 3,208
  CI (99.9%): [415,879, 428,147] (assumes normal distribution)

Secondary result "org.apache.jmeter.protocol.http.sampler.HeaderCaptureBenchmark.capture:gc.alloc.rate":
  11549,069 ±(99.9%) 167,433 MB/sec [Average]
  (min, avg, max) = (11397,195, 11549,069, 11655,024), stdev = 87,571
  CI (99.9%): [11381,635, 11716,502] (assumes normal distribution)

Secondary result "org.apache.jmeter.protocol.http.sampler.HeaderCaptureBenchmark.capture:gc.alloc.rate.norm":
  5112,006 ±(99.9%) 0,001 B/op [Average]
  (min, avg, max) = (5112,006, 5112,006, 5112,006), stdev = 0,001
  CI (99.9%): [5112,006, 5112,006] (assumes normal distribution)

Secondary result "org.apache.jmeter.protocol.http.sampler.HeaderCaptureBenchmark.capture:gc.count":
  152,000 ±(99.9%) 0,001 counts [Sum]
  (min, avg, max) = (19,000, 19,000, 19,000), stdev = 0,001
  CI (99.9%): [152,000, 152,000] (assumes normal distribution)

Secondary result "org.apache.jmeter.protocol.http.sampler.HeaderCaptureBenchmark.capture:gc.time":
  123,000 ±(99.9%) 0,001 ms [Sum]
  (min, avg, max) = (14,000, 15,375, 16,000), stdev = 0,744
  CI (99.9%): [123,000, 123,000] (assumes normal distribution)

Secondary result "org.apache.jmeter.protocol.http.sampler.HeaderCaptureBenchmark.capture:process.cpu":
  490,186 ±(99.9%) 10,491 ns/op [Average]
  (min, avg, max) = (484,686, 490,186, 500,714), stdev = 5,487
  CI (99.9%): [479,695, 500,677] (assumes normal distribution)


# JMH version: 1.37
# VM version: JDK 21.0.5, Java HotSpot(TM) 64-Bit Server VM, 21.0.5+9-LTS-239
# VM invoker: /Library/Java/JavaVirtualMachines/jdk-21.jdk/Contents/Home/bin/java
# VM options: -Djdk.net.hosts.file=/etc/hosts -Xms512m -Xmx512m -Djdk.net.hosts.file=/etc/hosts
# Blackhole mode: compiler (auto-detected, use -Djmh.blackhole.autoDetect=false to disable)
# Warmup: 3 iterations, 500 ms each
# Measurement: 4 iterations, 500 ms each
# Timeout: 10 min per iteration
# Threads: 1 thread, will synchronize iterations
# Benchmark mode: Average time, time/op
# Benchmark: org.apache.jmeter.protocol.http.sampler.HeaderCaptureBenchmark.capture
# Parameters: (deferred = false, protocol = h2, readers = both50, totalBytes = 8192)

# Run progress: 38,89% complete, ETA 00:02:50
# Fork: 1 of 2
# Warmup Iteration   1: 2026-09-12T07:33:37.988037Z org.apache.jmeter.protocol.http.sampler.HeaderCaptureBenchmark.capture-jmh-worker-1 ERROR Error processing element GuiLogEvent ([Appenders: null]): CLASS_NOT_FOUND
2026-09-12T07:33:38.014745Z org.apache.jmeter.protocol.http.sampler.HeaderCaptureBenchmark.capture-jmh-worker-1 ERROR Unable to locate appender "gui-log-event" for logger config "root"
967,889 ns/op
# Warmup Iteration   2: 860,134 ns/op
# Warmup Iteration   3: 872,704 ns/op
Iteration   1: 846,641 ns/op
                 gc.alloc.rate:      24719,059 MB/sec
                 gc.alloc.rate.norm: 21952,012 B/op
                 gc.count:           41,000 counts
                 gc.time:            32,000 ms
                 process.cpu:        1162,013 ns/op

Iteration   2: 844,990 ns/op
                 gc.alloc.rate:      24767,594 MB/sec
                 gc.alloc.rate.norm: 21952,012 B/op
                 gc.count:           41,000 counts
                 gc.time:            33,000 ms
                 process.cpu:        1145,662 ns/op

Iteration   3: 865,690 ns/op
                 gc.alloc.rate:      24173,246 MB/sec
                 gc.alloc.rate.norm: 21952,013 B/op
                 gc.count:           40,000 counts
                 gc.time:            32,000 ms
                 process.cpu:        1171,330 ns/op

Iteration   4: 839,837 ns/op
                 gc.alloc.rate:      24918,527 MB/sec
                 gc.alloc.rate.norm: 21952,012 B/op
                 gc.count:           41,000 counts
                 gc.time:            33,000 ms
                 process.cpu:        1126,006 ns/op


# Run progress: 40,28% complete, ETA 00:02:46
# Fork: 2 of 2
# Warmup Iteration   1: 2026-09-12T07:33:41.855213Z org.apache.jmeter.protocol.http.sampler.HeaderCaptureBenchmark.capture-jmh-worker-1 ERROR Error processing element GuiLogEvent ([Appenders: null]): CLASS_NOT_FOUND
2026-09-12T07:33:41.884892Z org.apache.jmeter.protocol.http.sampler.HeaderCaptureBenchmark.capture-jmh-worker-1 ERROR Unable to locate appender "gui-log-event" for logger config "root"
1013,163 ns/op
# Warmup Iteration   2: 840,640 ns/op
# Warmup Iteration   3: 831,846 ns/op
Iteration   1: 858,232 ns/op
                 gc.alloc.rate:      24386,859 MB/sec
                 gc.alloc.rate.norm: 21952,012 B/op
                 gc.count:           41,000 counts
                 gc.time:            33,000 ms
                 process.cpu:        1161,094 ns/op

Iteration   2: 829,045 ns/op
                 gc.alloc.rate:      25245,082 MB/sec
                 gc.alloc.rate.norm: 21952,012 B/op
                 gc.count:           41,000 counts
                 gc.time:            33,000 ms
                 process.cpu:        1066,898 ns/op

Iteration   3: 836,309 ns/op
                 gc.alloc.rate:      25022,915 MB/sec
                 gc.alloc.rate.norm: 21952,012 B/op
                 gc.count:           42,000 counts
                 gc.time:            33,000 ms
                 process.cpu:        1085,699 ns/op

Iteration   4: 835,739 ns/op
                 gc.alloc.rate:      25041,360 MB/sec
                 gc.alloc.rate.norm: 21952,012 B/op
                 gc.count:           41,000 counts
                 gc.time:            32,000 ms
                 process.cpu:        1128,212 ns/op



Result "org.apache.jmeter.protocol.http.sampler.HeaderCaptureBenchmark.capture":
  844,560 ±(99.9%) 23,382 ns/op [Average]
  (min, avg, max) = (829,045, 844,560, 865,690), stdev = 12,229
  CI (99.9%): [821,179, 867,942] (assumes normal distribution)

Secondary result "org.apache.jmeter.protocol.http.sampler.HeaderCaptureBenchmark.capture:gc.alloc.rate":
  24784,330 ±(99.9%) 681,462 MB/sec [Average]
  (min, avg, max) = (24173,246, 24784,330, 25245,082), stdev = 356,418
  CI (99.9%): [24102,869, 25465,792] (assumes normal distribution)

Secondary result "org.apache.jmeter.protocol.http.sampler.HeaderCaptureBenchmark.capture:gc.alloc.rate.norm":
  21952,012 ±(99.9%) 0,001 B/op [Average]
  (min, avg, max) = (21952,012, 21952,012, 21952,013), stdev = 0,001
  CI (99.9%): [21952,012, 21952,013] (assumes normal distribution)

Secondary result "org.apache.jmeter.protocol.http.sampler.HeaderCaptureBenchmark.capture:gc.count":
  328,000 ±(99.9%) 0,001 counts [Sum]
  (min, avg, max) = (40,000, 41,000, 42,000), stdev = 0,535
  CI (99.9%): [328,000, 328,000] (assumes normal distribution)

Secondary result "org.apache.jmeter.protocol.http.sampler.HeaderCaptureBenchmark.capture:gc.time":
  261,000 ±(99.9%) 0,001 ms [Sum]
  (min, avg, max) = (32,000, 32,625, 33,000), stdev = 0,518
  CI (99.9%): [261,000, 261,000] (assumes normal distribution)

Secondary result "org.apache.jmeter.protocol.http.sampler.HeaderCaptureBenchmark.capture:process.cpu":
  1130,864 ±(99.9%) 71,914 ns/op [Average]
  (min, avg, max) = (1066,898, 1130,864, 1171,330), stdev = 37,612
  CI (99.9%): [1058,951, 1202,778] (assumes normal distribution)


# JMH version: 1.37
# VM version: JDK 21.0.5, Java HotSpot(TM) 64-Bit Server VM, 21.0.5+9-LTS-239
# VM invoker: /Library/Java/JavaVirtualMachines/jdk-21.jdk/Contents/Home/bin/java
# VM options: -Djdk.net.hosts.file=/etc/hosts -Xms512m -Xmx512m -Djdk.net.hosts.file=/etc/hosts
# Blackhole mode: compiler (auto-detected, use -Djmh.blackhole.autoDetect=false to disable)
# Warmup: 3 iterations, 500 ms each
# Measurement: 4 iterations, 500 ms each
# Timeout: 10 min per iteration
# Threads: 1 thread, will synchronize iterations
# Benchmark mode: Average time, time/op
# Benchmark: org.apache.jmeter.protocol.http.sampler.HeaderCaptureBenchmark.capture
# Parameters: (deferred = false, protocol = h2, readers = both100, totalBytes = 400)

# Run progress: 41,67% complete, ETA 00:02:42
# Fork: 1 of 2
# Warmup Iteration   1: 2026-09-12T07:33:45.716539Z org.apache.jmeter.protocol.http.sampler.HeaderCaptureBenchmark.capture-jmh-worker-1 ERROR Error processing element GuiLogEvent ([Appenders: null]): CLASS_NOT_FOUND
2026-09-12T07:33:45.743766Z org.apache.jmeter.protocol.http.sampler.HeaderCaptureBenchmark.capture-jmh-worker-1 ERROR Unable to locate appender "gui-log-event" for logger config "root"
168,157 ns/op
# Warmup Iteration   2: 118,389 ns/op
# Warmup Iteration   3: 119,364 ns/op
Iteration   1: 117,576 ns/op
                 gc.alloc.rate:      10249,736 MB/sec
                 gc.alloc.rate.norm: 1264,002 B/op
                 gc.count:           16,000 counts
                 gc.time:            13,000 ms
                 process.cpu:        133,572 ns/op

Iteration   2: 117,171 ns/op
                 gc.alloc.rate:      10284,416 MB/sec
                 gc.alloc.rate.norm: 1264,002 B/op
                 gc.count:           17,000 counts
                 gc.time:            14,000 ms
                 process.cpu:        134,130 ns/op

Iteration   3: 118,193 ns/op
                 gc.alloc.rate:      10196,223 MB/sec
                 gc.alloc.rate.norm: 1264,002 B/op
                 gc.count:           17,000 counts
                 gc.time:            14,000 ms
                 process.cpu:        137,377 ns/op

Iteration   4: 114,940 ns/op
                 gc.alloc.rate:      10484,229 MB/sec
                 gc.alloc.rate.norm: 1264,002 B/op
                 gc.count:           17,000 counts
                 gc.time:            13,000 ms
                 process.cpu:        131,962 ns/op


# Run progress: 43,06% complete, ETA 00:02:38
# Fork: 2 of 2
# Warmup Iteration   1: 2026-09-12T07:33:49.586353Z org.apache.jmeter.protocol.http.sampler.HeaderCaptureBenchmark.capture-jmh-worker-1 ERROR Error processing element GuiLogEvent ([Appenders: null]): CLASS_NOT_FOUND
2026-09-12T07:33:49.614506Z org.apache.jmeter.protocol.http.sampler.HeaderCaptureBenchmark.capture-jmh-worker-1 ERROR Unable to locate appender "gui-log-event" for logger config "root"
152,747 ns/op
# Warmup Iteration   2: 116,724 ns/op
# Warmup Iteration   3: 116,785 ns/op
Iteration   1: 117,463 ns/op
                 gc.alloc.rate:      10259,323 MB/sec
                 gc.alloc.rate.norm: 1264,002 B/op
                 gc.count:           17,000 counts
                 gc.time:            13,000 ms
                 process.cpu:        133,266 ns/op

Iteration   2: 116,691 ns/op
                 gc.alloc.rate:      10327,356 MB/sec
                 gc.alloc.rate.norm: 1264,002 B/op
                 gc.count:           17,000 counts
                 gc.time:            14,000 ms
                 process.cpu:        130,944 ns/op

Iteration   3: 116,731 ns/op
                 gc.alloc.rate:      10324,121 MB/sec
                 gc.alloc.rate.norm: 1264,002 B/op
                 gc.count:           17,000 counts
                 gc.time:            14,000 ms
                 process.cpu:        132,190 ns/op

Iteration   4: 118,167 ns/op
                 gc.alloc.rate:      10198,088 MB/sec
                 gc.alloc.rate.norm: 1264,002 B/op
                 gc.count:           17,000 counts
                 gc.time:            14,000 ms
                 process.cpu:        134,201 ns/op



Result "org.apache.jmeter.protocol.http.sampler.HeaderCaptureBenchmark.capture":
  117,116 ±(99.9%) 2,000 ns/op [Average]
  (min, avg, max) = (114,940, 117,116, 118,193), stdev = 1,046
  CI (99.9%): [115,116, 119,117] (assumes normal distribution)

Secondary result "org.apache.jmeter.protocol.http.sampler.HeaderCaptureBenchmark.capture:gc.alloc.rate":
  10290,436 ±(99.9%) 177,189 MB/sec [Average]
  (min, avg, max) = (10196,223, 10290,436, 10484,229), stdev = 92,673
  CI (99.9%): [10113,247, 10467,626] (assumes normal distribution)

Secondary result "org.apache.jmeter.protocol.http.sampler.HeaderCaptureBenchmark.capture:gc.alloc.rate.norm":
  1264,002 ±(99.9%) 0,001 B/op [Average]
  (min, avg, max) = (1264,002, 1264,002, 1264,002), stdev = 0,001
  CI (99.9%): [1264,002, 1264,002] (assumes normal distribution)

Secondary result "org.apache.jmeter.protocol.http.sampler.HeaderCaptureBenchmark.capture:gc.count":
  135,000 ±(99.9%) 0,001 counts [Sum]
  (min, avg, max) = (16,000, 16,875, 17,000), stdev = 0,354
  CI (99.9%): [135,000, 135,000] (assumes normal distribution)

Secondary result "org.apache.jmeter.protocol.http.sampler.HeaderCaptureBenchmark.capture:gc.time":
  109,000 ±(99.9%) 0,001 ms [Sum]
  (min, avg, max) = (13,000, 13,625, 14,000), stdev = 0,518
  CI (99.9%): [109,000, 109,000] (assumes normal distribution)

Secondary result "org.apache.jmeter.protocol.http.sampler.HeaderCaptureBenchmark.capture:process.cpu":
  133,455 ±(99.9%) 3,725 ns/op [Average]
  (min, avg, max) = (130,944, 133,455, 137,377), stdev = 1,948
  CI (99.9%): [129,730, 137,181] (assumes normal distribution)


# JMH version: 1.37
# VM version: JDK 21.0.5, Java HotSpot(TM) 64-Bit Server VM, 21.0.5+9-LTS-239
# VM invoker: /Library/Java/JavaVirtualMachines/jdk-21.jdk/Contents/Home/bin/java
# VM options: -Djdk.net.hosts.file=/etc/hosts -Xms512m -Xmx512m -Djdk.net.hosts.file=/etc/hosts
# Blackhole mode: compiler (auto-detected, use -Djmh.blackhole.autoDetect=false to disable)
# Warmup: 3 iterations, 500 ms each
# Measurement: 4 iterations, 500 ms each
# Timeout: 10 min per iteration
# Threads: 1 thread, will synchronize iterations
# Benchmark mode: Average time, time/op
# Benchmark: org.apache.jmeter.protocol.http.sampler.HeaderCaptureBenchmark.capture
# Parameters: (deferred = false, protocol = h2, readers = both100, totalBytes = 1600)

# Run progress: 44,44% complete, ETA 00:02:34
# Fork: 1 of 2
# Warmup Iteration   1: 2026-09-12T07:33:53.438314Z org.apache.jmeter.protocol.http.sampler.HeaderCaptureBenchmark.capture-jmh-worker-1 ERROR Error processing element GuiLogEvent ([Appenders: null]): CLASS_NOT_FOUND
2026-09-12T07:33:53.466927Z org.apache.jmeter.protocol.http.sampler.HeaderCaptureBenchmark.capture-jmh-worker-1 ERROR Unable to locate appender "gui-log-event" for logger config "root"
536,079 ns/op
# Warmup Iteration   2: 420,944 ns/op
# Warmup Iteration   3: 415,908 ns/op
Iteration   1: 414,761 ns/op
                 gc.alloc.rate:      11750,943 MB/sec
                 gc.alloc.rate.norm: 5112,006 B/op
                 gc.count:           19,000 counts
                 gc.time:            15,000 ms
                 process.cpu:        483,530 ns/op

Iteration   2: 415,888 ns/op
                 gc.alloc.rate:      11719,245 MB/sec
                 gc.alloc.rate.norm: 5112,006 B/op
                 gc.count:           20,000 counts
                 gc.time:            16,000 ms
                 process.cpu:        480,011 ns/op

Iteration   3: 417,907 ns/op
                 gc.alloc.rate:      11662,448 MB/sec
                 gc.alloc.rate.norm: 5112,006 B/op
                 gc.count:           19,000 counts
                 gc.time:            15,000 ms
                 process.cpu:        483,376 ns/op

Iteration   4: 419,005 ns/op
                 gc.alloc.rate:      11631,953 MB/sec
                 gc.alloc.rate.norm: 5112,006 B/op
                 gc.count:           19,000 counts
                 gc.time:            15,000 ms
                 process.cpu:        479,024 ns/op


# Run progress: 45,83% complete, ETA 00:02:30
# Fork: 2 of 2
# Warmup Iteration   1: 2026-09-12T07:33:57.295932Z org.apache.jmeter.protocol.http.sampler.HeaderCaptureBenchmark.capture-jmh-worker-1 ERROR Error processing element GuiLogEvent ([Appenders: null]): CLASS_NOT_FOUND
2026-09-12T07:33:57.324787Z org.apache.jmeter.protocol.http.sampler.HeaderCaptureBenchmark.capture-jmh-worker-1 ERROR Unable to locate appender "gui-log-event" for logger config "root"
528,356 ns/op
# Warmup Iteration   2: 437,415 ns/op
# Warmup Iteration   3: 437,553 ns/op
Iteration   1: 439,078 ns/op
                 gc.alloc.rate:      11100,138 MB/sec
                 gc.alloc.rate.norm: 5112,006 B/op
                 gc.count:           18,000 counts
                 gc.time:            15,000 ms
                 process.cpu:        516,681 ns/op

Iteration   2: 435,654 ns/op
                 gc.alloc.rate:      11187,254 MB/sec
                 gc.alloc.rate.norm: 5112,006 B/op
                 gc.count:           18,000 counts
                 gc.time:            15,000 ms
                 process.cpu:        502,240 ns/op

Iteration   3: 437,246 ns/op
                 gc.alloc.rate:      11146,583 MB/sec
                 gc.alloc.rate.norm: 5112,006 B/op
                 gc.count:           19,000 counts
                 gc.time:            15,000 ms
                 process.cpu:        508,313 ns/op

Iteration   4: 438,977 ns/op
                 gc.alloc.rate:      11102,249 MB/sec
                 gc.alloc.rate.norm: 5112,006 B/op
                 gc.count:           18,000 counts
                 gc.time:            15,000 ms
                 process.cpu:        508,431 ns/op



Result "org.apache.jmeter.protocol.http.sampler.HeaderCaptureBenchmark.capture":
  427,315 ±(99.9%) 21,538 ns/op [Average]
  (min, avg, max) = (414,761, 427,315, 439,078), stdev = 11,265
  CI (99.9%): [405,776, 448,853] (assumes normal distribution)

Secondary result "org.apache.jmeter.protocol.http.sampler.HeaderCaptureBenchmark.capture:gc.alloc.rate":
  11412,602 ±(99.9%) 575,657 MB/sec [Average]
  (min, avg, max) = (11100,138, 11412,602, 11750,943), stdev = 301,080
  CI (99.9%): [10836,944, 11988,259] (assumes normal distribution)

Secondary result "org.apache.jmeter.protocol.http.sampler.HeaderCaptureBenchmark.capture:gc.alloc.rate.norm":
  5112,006 ±(99.9%) 0,001 B/op [Average]
  (min, avg, max) = (5112,006, 5112,006, 5112,006), stdev = 0,001
  CI (99.9%): [5112,006, 5112,006] (assumes normal distribution)

Secondary result "org.apache.jmeter.protocol.http.sampler.HeaderCaptureBenchmark.capture:gc.count":
  150,000 ±(99.9%) 0,001 counts [Sum]
  (min, avg, max) = (18,000, 18,750, 20,000), stdev = 0,707
  CI (99.9%): [150,000, 150,000] (assumes normal distribution)

Secondary result "org.apache.jmeter.protocol.http.sampler.HeaderCaptureBenchmark.capture:gc.time":
  121,000 ±(99.9%) 0,001 ms [Sum]
  (min, avg, max) = (15,000, 15,125, 16,000), stdev = 0,354
  CI (99.9%): [121,000, 121,000] (assumes normal distribution)

Secondary result "org.apache.jmeter.protocol.http.sampler.HeaderCaptureBenchmark.capture:process.cpu":
  495,201 ±(99.9%) 29,143 ns/op [Average]
  (min, avg, max) = (479,024, 495,201, 516,681), stdev = 15,243
  CI (99.9%): [466,057, 524,344] (assumes normal distribution)


# JMH version: 1.37
# VM version: JDK 21.0.5, Java HotSpot(TM) 64-Bit Server VM, 21.0.5+9-LTS-239
# VM invoker: /Library/Java/JavaVirtualMachines/jdk-21.jdk/Contents/Home/bin/java
# VM options: -Djdk.net.hosts.file=/etc/hosts -Xms512m -Xmx512m -Djdk.net.hosts.file=/etc/hosts
# Blackhole mode: compiler (auto-detected, use -Djmh.blackhole.autoDetect=false to disable)
# Warmup: 3 iterations, 500 ms each
# Measurement: 4 iterations, 500 ms each
# Timeout: 10 min per iteration
# Threads: 1 thread, will synchronize iterations
# Benchmark mode: Average time, time/op
# Benchmark: org.apache.jmeter.protocol.http.sampler.HeaderCaptureBenchmark.capture
# Parameters: (deferred = false, protocol = h2, readers = both100, totalBytes = 8192)

# Run progress: 47,22% complete, ETA 00:02:27
# Fork: 1 of 2
# Warmup Iteration   1: 2026-09-12T07:34:01.164799Z org.apache.jmeter.protocol.http.sampler.HeaderCaptureBenchmark.capture-jmh-worker-1 ERROR Error processing element GuiLogEvent ([Appenders: null]): CLASS_NOT_FOUND
2026-09-12T07:34:01.194422Z org.apache.jmeter.protocol.http.sampler.HeaderCaptureBenchmark.capture-jmh-worker-1 ERROR Unable to locate appender "gui-log-event" for logger config "root"
987,378 ns/op
# Warmup Iteration   2: 861,076 ns/op
# Warmup Iteration   3: 844,144 ns/op
Iteration   1: 839,466 ns/op
                 gc.alloc.rate:      24929,727 MB/sec
                 gc.alloc.rate.norm: 21952,012 B/op
                 gc.count:           41,000 counts
                 gc.time:            33,000 ms
                 process.cpu:        1120,213 ns/op

Iteration   2: 841,068 ns/op
                 gc.alloc.rate:      24884,033 MB/sec
                 gc.alloc.rate.norm: 21952,012 B/op
                 gc.count:           41,000 counts
                 gc.time:            31,000 ms
                 process.cpu:        1123,152 ns/op

Iteration   3: 842,749 ns/op
                 gc.alloc.rate:      24834,568 MB/sec
                 gc.alloc.rate.norm: 21952,012 B/op
                 gc.count:           41,000 counts
                 gc.time:            33,000 ms
                 process.cpu:        1148,388 ns/op

Iteration   4: 837,229 ns/op
                 gc.alloc.rate:      24997,402 MB/sec
                 gc.alloc.rate.norm: 21952,012 B/op
                 gc.count:           41,000 counts
                 gc.time:            33,000 ms
                 process.cpu:        1110,534 ns/op


# Run progress: 48,61% complete, ETA 00:02:23
# Fork: 2 of 2
# Warmup Iteration   1: 2026-09-12T07:34:05.023780Z org.apache.jmeter.protocol.http.sampler.HeaderCaptureBenchmark.capture-jmh-worker-1 ERROR Error processing element GuiLogEvent ([Appenders: null]): CLASS_NOT_FOUND
2026-09-12T07:34:05.052322Z org.apache.jmeter.protocol.http.sampler.HeaderCaptureBenchmark.capture-jmh-worker-1 ERROR Unable to locate appender "gui-log-event" for logger config "root"
1004,578 ns/op
# Warmup Iteration   2: 831,747 ns/op
# Warmup Iteration   3: 823,088 ns/op
Iteration   1: 835,384 ns/op
                 gc.alloc.rate:      25052,669 MB/sec
                 gc.alloc.rate.norm: 21952,012 B/op
                 gc.count:           42,000 counts
                 gc.time:            33,000 ms
                 process.cpu:        1126,653 ns/op

Iteration   2: 830,197 ns/op
                 gc.alloc.rate:      25209,849 MB/sec
                 gc.alloc.rate.norm: 21952,012 B/op
                 gc.count:           41,000 counts
                 gc.time:            34,000 ms
                 process.cpu:        1128,735 ns/op

Iteration   3: 829,355 ns/op
                 gc.alloc.rate:      25235,995 MB/sec
                 gc.alloc.rate.norm: 21952,012 B/op
                 gc.count:           42,000 counts
                 gc.time:            33,000 ms
                 process.cpu:        1137,019 ns/op

Iteration   4: 826,800 ns/op
                 gc.alloc.rate:      25313,838 MB/sec
                 gc.alloc.rate.norm: 21952,012 B/op
                 gc.count:           42,000 counts
                 gc.time:            33,000 ms
                 process.cpu:        1121,179 ns/op



Result "org.apache.jmeter.protocol.http.sampler.HeaderCaptureBenchmark.capture":
  835,281 ±(99.9%) 11,276 ns/op [Average]
  (min, avg, max) = (826,800, 835,281, 842,749), stdev = 5,898
  CI (99.9%): [824,005, 846,557] (assumes normal distribution)

Secondary result "org.apache.jmeter.protocol.http.sampler.HeaderCaptureBenchmark.capture:gc.alloc.rate":
  25057,260 ±(99.9%) 339,365 MB/sec [Average]
  (min, avg, max) = (24834,568, 25057,260, 25313,838), stdev = 177,494
  CI (99.9%): [24717,895, 25396,625] (assumes normal distribution)

Secondary result "org.apache.jmeter.protocol.http.sampler.HeaderCaptureBenchmark.capture:gc.alloc.rate.norm":
  21952,012 ±(99.9%) 0,001 B/op [Average]
  (min, avg, max) = (21952,012, 21952,012, 21952,012), stdev = 0,001
  CI (99.9%): [21952,012, 21952,012] (assumes normal distribution)

Secondary result "org.apache.jmeter.protocol.http.sampler.HeaderCaptureBenchmark.capture:gc.count":
  331,000 ±(99.9%) 0,001 counts [Sum]
  (min, avg, max) = (41,000, 41,375, 42,000), stdev = 0,518
  CI (99.9%): [331,000, 331,000] (assumes normal distribution)

Secondary result "org.apache.jmeter.protocol.http.sampler.HeaderCaptureBenchmark.capture:gc.time":
  263,000 ±(99.9%) 0,001 ms [Sum]
  (min, avg, max) = (31,000, 32,875, 34,000), stdev = 0,835
  CI (99.9%): [263,000, 263,000] (assumes normal distribution)

Secondary result "org.apache.jmeter.protocol.http.sampler.HeaderCaptureBenchmark.capture:process.cpu":
  1126,984 ±(99.9%) 22,001 ns/op [Average]
  (min, avg, max) = (1110,534, 1126,984, 1148,388), stdev = 11,507
  CI (99.9%): [1104,983, 1148,985] (assumes normal distribution)


# JMH version: 1.37
# VM version: JDK 21.0.5, Java HotSpot(TM) 64-Bit Server VM, 21.0.5+9-LTS-239
# VM invoker: /Library/Java/JavaVirtualMachines/jdk-21.jdk/Contents/Home/bin/java
# VM options: -Djdk.net.hosts.file=/etc/hosts -Xms512m -Xmx512m -Djdk.net.hosts.file=/etc/hosts
# Blackhole mode: compiler (auto-detected, use -Djmh.blackhole.autoDetect=false to disable)
# Warmup: 3 iterations, 500 ms each
# Measurement: 4 iterations, 500 ms each
# Timeout: 10 min per iteration
# Threads: 1 thread, will synchronize iterations
# Benchmark mode: Average time, time/op
# Benchmark: org.apache.jmeter.protocol.http.sampler.HeaderCaptureBenchmark.capture
# Parameters: (deferred = true, protocol = h1, readers = unread, totalBytes = 400)

# Run progress: 50,00% complete, ETA 00:02:19
# Fork: 1 of 2
# Warmup Iteration   1: 2026-09-12T07:34:08.877562Z org.apache.jmeter.protocol.http.sampler.HeaderCaptureBenchmark.capture-jmh-worker-1 ERROR Error processing element GuiLogEvent ([Appenders: null]): CLASS_NOT_FOUND
2026-09-12T07:34:08.906976Z org.apache.jmeter.protocol.http.sampler.HeaderCaptureBenchmark.capture-jmh-worker-1 ERROR Unable to locate appender "gui-log-event" for logger config "root"
151,032 ns/op
# Warmup Iteration   2: 119,678 ns/op
# Warmup Iteration   3: 123,033 ns/op
Iteration   1: 120,157 ns/op
                 gc.alloc.rate:      9394,525 MB/sec
                 gc.alloc.rate.norm: 1184,002 B/op
                 gc.count:           16,000 counts
                 gc.time:            13,000 ms
                 process.cpu:        136,134 ns/op

Iteration   2: 118,138 ns/op
                 gc.alloc.rate:      9555,276 MB/sec
                 gc.alloc.rate.norm: 1184,002 B/op
                 gc.count:           16,000 counts
                 gc.time:            13,000 ms
                 process.cpu:        132,301 ns/op

Iteration   3: 118,750 ns/op
                 gc.alloc.rate:      9505,792 MB/sec
                 gc.alloc.rate.norm: 1184,002 B/op
                 gc.count:           15,000 counts
                 gc.time:            12,000 ms
                 process.cpu:        132,627 ns/op

Iteration   4: 118,394 ns/op
                 gc.alloc.rate:      9534,827 MB/sec
                 gc.alloc.rate.norm: 1184,002 B/op
                 gc.count:           16,000 counts
                 gc.time:            13,000 ms
                 process.cpu:        133,057 ns/op


# Run progress: 51,39% complete, ETA 00:02:15
# Fork: 2 of 2
# Warmup Iteration   1: 2026-09-12T07:34:12.752094Z org.apache.jmeter.protocol.http.sampler.HeaderCaptureBenchmark.capture-jmh-worker-1 ERROR Error processing element GuiLogEvent ([Appenders: null]): CLASS_NOT_FOUND
2026-09-12T07:34:12.780548Z org.apache.jmeter.protocol.http.sampler.HeaderCaptureBenchmark.capture-jmh-worker-1 ERROR Unable to locate appender "gui-log-event" for logger config "root"
155,358 ns/op
# Warmup Iteration   2: 120,601 ns/op
# Warmup Iteration   3: 120,309 ns/op
Iteration   1: 120,103 ns/op
                 gc.alloc.rate:      9399,151 MB/sec
                 gc.alloc.rate.norm: 1184,002 B/op
                 gc.count:           16,000 counts
                 gc.time:            13,000 ms
                 process.cpu:        133,727 ns/op

Iteration   2: 121,588 ns/op
                 gc.alloc.rate:      9284,279 MB/sec
                 gc.alloc.rate.norm: 1184,002 B/op
                 gc.count:           15,000 counts
                 gc.time:            11,000 ms
                 process.cpu:        137,221 ns/op

Iteration   3: 120,095 ns/op
                 gc.alloc.rate:      9399,549 MB/sec
                 gc.alloc.rate.norm: 1184,002 B/op
                 gc.count:           15,000 counts
                 gc.time:            13,000 ms
                 process.cpu:        135,648 ns/op

Iteration   4: 121,579 ns/op
                 gc.alloc.rate:      9284,126 MB/sec
                 gc.alloc.rate.norm: 1184,002 B/op
                 gc.count:           16,000 counts
                 gc.time:            13,000 ms
                 process.cpu:        140,078 ns/op



Result "org.apache.jmeter.protocol.http.sampler.HeaderCaptureBenchmark.capture":
  119,851 ±(99.9%) 2,554 ns/op [Average]
  (min, avg, max) = (118,138, 119,851, 121,588), stdev = 1,336
  CI (99.9%): [117,297, 122,404] (assumes normal distribution)

Secondary result "org.apache.jmeter.protocol.http.sampler.HeaderCaptureBenchmark.capture:gc.alloc.rate":
  9419,691 ±(99.9%) 200,827 MB/sec [Average]
  (min, avg, max) = (9284,126, 9419,691, 9555,276), stdev = 105,036
  CI (99.9%): [9218,864, 9620,517] (assumes normal distribution)

Secondary result "org.apache.jmeter.protocol.http.sampler.HeaderCaptureBenchmark.capture:gc.alloc.rate.norm":
  1184,002 ±(99.9%) 0,001 B/op [Average]
  (min, avg, max) = (1184,002, 1184,002, 1184,002), stdev = 0,001
  CI (99.9%): [1184,002, 1184,002] (assumes normal distribution)

Secondary result "org.apache.jmeter.protocol.http.sampler.HeaderCaptureBenchmark.capture:gc.count":
  125,000 ±(99.9%) 0,001 counts [Sum]
  (min, avg, max) = (15,000, 15,625, 16,000), stdev = 0,518
  CI (99.9%): [125,000, 125,000] (assumes normal distribution)

Secondary result "org.apache.jmeter.protocol.http.sampler.HeaderCaptureBenchmark.capture:gc.time":
  101,000 ±(99.9%) 0,001 ms [Sum]
  (min, avg, max) = (11,000, 12,625, 13,000), stdev = 0,744
  CI (99.9%): [101,000, 101,000] (assumes normal distribution)

Secondary result "org.apache.jmeter.protocol.http.sampler.HeaderCaptureBenchmark.capture:process.cpu":
  135,099 ±(99.9%) 5,143 ns/op [Average]
  (min, avg, max) = (132,301, 135,099, 140,078), stdev = 2,690
  CI (99.9%): [129,956, 140,242] (assumes normal distribution)


# JMH version: 1.37
# VM version: JDK 21.0.5, Java HotSpot(TM) 64-Bit Server VM, 21.0.5+9-LTS-239
# VM invoker: /Library/Java/JavaVirtualMachines/jdk-21.jdk/Contents/Home/bin/java
# VM options: -Djdk.net.hosts.file=/etc/hosts -Xms512m -Xmx512m -Djdk.net.hosts.file=/etc/hosts
# Blackhole mode: compiler (auto-detected, use -Djmh.blackhole.autoDetect=false to disable)
# Warmup: 3 iterations, 500 ms each
# Measurement: 4 iterations, 500 ms each
# Timeout: 10 min per iteration
# Threads: 1 thread, will synchronize iterations
# Benchmark mode: Average time, time/op
# Benchmark: org.apache.jmeter.protocol.http.sampler.HeaderCaptureBenchmark.capture
# Parameters: (deferred = true, protocol = h1, readers = unread, totalBytes = 1600)

# Run progress: 52,78% complete, ETA 00:02:11
# Fork: 1 of 2
# Warmup Iteration   1: 2026-09-12T07:34:16.608187Z org.apache.jmeter.protocol.http.sampler.HeaderCaptureBenchmark.capture-jmh-worker-1 ERROR Error processing element GuiLogEvent ([Appenders: null]): CLASS_NOT_FOUND
2026-09-12T07:34:16.636234Z org.apache.jmeter.protocol.http.sampler.HeaderCaptureBenchmark.capture-jmh-worker-1 ERROR Unable to locate appender "gui-log-event" for logger config "root"
296,621 ns/op
# Warmup Iteration   2: 223,430 ns/op
# Warmup Iteration   3: 228,951 ns/op
Iteration   1: 222,949 ns/op
                 gc.alloc.rate:      10810,828 MB/sec
                 gc.alloc.rate.norm: 2528,003 B/op
                 gc.count:           18,000 counts
                 gc.time:            15,000 ms
                 process.cpu:        256,959 ns/op

Iteration   2: 223,000 ns/op
                 gc.alloc.rate:      10807,814 MB/sec
                 gc.alloc.rate.norm: 2528,003 B/op
                 gc.count:           18,000 counts
                 gc.time:            14,000 ms
                 process.cpu:        258,646 ns/op

Iteration   3: 222,424 ns/op
                 gc.alloc.rate:      10836,031 MB/sec
                 gc.alloc.rate.norm: 2528,003 B/op
                 gc.count:           17,000 counts
                 gc.time:            14,000 ms
                 process.cpu:        260,416 ns/op

Iteration   4: 222,050 ns/op
                 gc.alloc.rate:      10854,274 MB/sec
                 gc.alloc.rate.norm: 2528,003 B/op
                 gc.count:           18,000 counts
                 gc.time:            15,000 ms
                 process.cpu:        257,208 ns/op


# Run progress: 54,17% complete, ETA 00:02:07
# Fork: 2 of 2
# Warmup Iteration   1: 2026-09-12T07:34:20.475504Z org.apache.jmeter.protocol.http.sampler.HeaderCaptureBenchmark.capture-jmh-worker-1 ERROR Error processing element GuiLogEvent ([Appenders: null]): CLASS_NOT_FOUND
2026-09-12T07:34:20.502125Z org.apache.jmeter.protocol.http.sampler.HeaderCaptureBenchmark.capture-jmh-worker-1 ERROR Unable to locate appender "gui-log-event" for logger config "root"
284,341 ns/op
# Warmup Iteration   2: 221,979 ns/op
# Warmup Iteration   3: 224,874 ns/op
Iteration   1: 223,607 ns/op
                 gc.alloc.rate:      10778,733 MB/sec
                 gc.alloc.rate.norm: 2528,003 B/op
                 gc.count:           18,000 counts
                 gc.time:            15,000 ms
                 process.cpu:        256,235 ns/op

Iteration   2: 222,787 ns/op
                 gc.alloc.rate:      10817,969 MB/sec
                 gc.alloc.rate.norm: 2528,003 B/op
                 gc.count:           18,000 counts
                 gc.time:            15,000 ms
                 process.cpu:        257,021 ns/op

Iteration   3: 222,103 ns/op
                 gc.alloc.rate:      10851,644 MB/sec
                 gc.alloc.rate.norm: 2528,003 B/op
                 gc.count:           18,000 counts
                 gc.time:            14,000 ms
                 process.cpu:        255,285 ns/op

Iteration   4: 222,367 ns/op
                 gc.alloc.rate:      10838,844 MB/sec
                 gc.alloc.rate.norm: 2528,003 B/op
                 gc.count:           17,000 counts
                 gc.time:            14,000 ms
                 process.cpu:        254,578 ns/op



Result "org.apache.jmeter.protocol.http.sampler.HeaderCaptureBenchmark.capture":
  222,661 ±(99.9%) 1,006 ns/op [Average]
  (min, avg, max) = (222,050, 222,661, 223,607), stdev = 0,526
  CI (99.9%): [221,655, 223,667] (assumes normal distribution)

Secondary result "org.apache.jmeter.protocol.http.sampler.HeaderCaptureBenchmark.capture:gc.alloc.rate":
  10824,517 ±(99.9%) 48,824 MB/sec [Average]
  (min, avg, max) = (10778,733, 10824,517, 10854,274), stdev = 25,536
  CI (99.9%): [10775,693, 10873,342] (assumes normal distribution)

Secondary result "org.apache.jmeter.protocol.http.sampler.HeaderCaptureBenchmark.capture:gc.alloc.rate.norm":
  2528,003 ±(99.9%) 0,001 B/op [Average]
  (min, avg, max) = (2528,003, 2528,003, 2528,003), stdev = 0,001
  CI (99.9%): [2528,003, 2528,003] (assumes normal distribution)

Secondary result "org.apache.jmeter.protocol.http.sampler.HeaderCaptureBenchmark.capture:gc.count":
  142,000 ±(99.9%) 0,001 counts [Sum]
  (min, avg, max) = (17,000, 17,750, 18,000), stdev = 0,463
  CI (99.9%): [142,000, 142,000] (assumes normal distribution)

Secondary result "org.apache.jmeter.protocol.http.sampler.HeaderCaptureBenchmark.capture:gc.time":
  116,000 ±(99.9%) 0,001 ms [Sum]
  (min, avg, max) = (14,000, 14,500, 15,000), stdev = 0,535
  CI (99.9%): [116,000, 116,000] (assumes normal distribution)

Secondary result "org.apache.jmeter.protocol.http.sampler.HeaderCaptureBenchmark.capture:process.cpu":
  257,044 ±(99.9%) 3,526 ns/op [Average]
  (min, avg, max) = (254,578, 257,044, 260,416), stdev = 1,844
  CI (99.9%): [253,518, 260,569] (assumes normal distribution)


# JMH version: 1.37
# VM version: JDK 21.0.5, Java HotSpot(TM) 64-Bit Server VM, 21.0.5+9-LTS-239
# VM invoker: /Library/Java/JavaVirtualMachines/jdk-21.jdk/Contents/Home/bin/java
# VM options: -Djdk.net.hosts.file=/etc/hosts -Xms512m -Xmx512m -Djdk.net.hosts.file=/etc/hosts
# Blackhole mode: compiler (auto-detected, use -Djmh.blackhole.autoDetect=false to disable)
# Warmup: 3 iterations, 500 ms each
# Measurement: 4 iterations, 500 ms each
# Timeout: 10 min per iteration
# Threads: 1 thread, will synchronize iterations
# Benchmark mode: Average time, time/op
# Benchmark: org.apache.jmeter.protocol.http.sampler.HeaderCaptureBenchmark.capture
# Parameters: (deferred = true, protocol = h1, readers = unread, totalBytes = 8192)

# Run progress: 55,56% complete, ETA 00:02:03
# Fork: 1 of 2
# Warmup Iteration   1: 2026-09-12T07:34:24.332934Z org.apache.jmeter.protocol.http.sampler.HeaderCaptureBenchmark.capture-jmh-worker-1 ERROR Error processing element GuiLogEvent ([Appenders: null]): CLASS_NOT_FOUND
2026-09-12T07:34:24.361825Z org.apache.jmeter.protocol.http.sampler.HeaderCaptureBenchmark.capture-jmh-worker-1 ERROR Unable to locate appender "gui-log-event" for logger config "root"
412,710 ns/op
# Warmup Iteration   2: 337,192 ns/op
# Warmup Iteration   3: 334,450 ns/op
Iteration   1: 333,635 ns/op
                 gc.alloc.rate:      16734,340 MB/sec
                 gc.alloc.rate.norm: 5856,005 B/op
                 gc.count:           28,000 counts
                 gc.time:            23,000 ms
                 process.cpu:        415,596 ns/op

Iteration   2: 333,387 ns/op
                 gc.alloc.rate:      16746,108 MB/sec
                 gc.alloc.rate.norm: 5856,005 B/op
                 gc.count:           28,000 counts
                 gc.time:            22,000 ms
                 process.cpu:        413,563 ns/op

Iteration   3: 335,317 ns/op
                 gc.alloc.rate:      16650,545 MB/sec
                 gc.alloc.rate.norm: 5856,005 B/op
                 gc.count:           27,000 counts
                 gc.time:            22,000 ms
                 process.cpu:        418,591 ns/op

Iteration   4: 332,272 ns/op
                 gc.alloc.rate:      16803,280 MB/sec
                 gc.alloc.rate.norm: 5856,005 B/op
                 gc.count:           28,000 counts
                 gc.time:            22,000 ms
                 process.cpu:        412,022 ns/op


# Run progress: 56,94% complete, ETA 00:01:59
# Fork: 2 of 2
# Warmup Iteration   1: 2026-09-12T07:34:28.220313Z org.apache.jmeter.protocol.http.sampler.HeaderCaptureBenchmark.capture-jmh-worker-1 ERROR Error processing element GuiLogEvent ([Appenders: null]): CLASS_NOT_FOUND
2026-09-12T07:34:28.249042Z org.apache.jmeter.protocol.http.sampler.HeaderCaptureBenchmark.capture-jmh-worker-1 ERROR Unable to locate appender "gui-log-event" for logger config "root"
396,963 ns/op
# Warmup Iteration   2: 328,830 ns/op
# Warmup Iteration   3: 337,063 ns/op
Iteration   1: 331,657 ns/op
                 gc.alloc.rate:      16834,000 MB/sec
                 gc.alloc.rate.norm: 5856,005 B/op
                 gc.count:           28,000 counts
                 gc.time:            22,000 ms
                 process.cpu:        414,017 ns/op

Iteration   2: 331,455 ns/op
                 gc.alloc.rate:      16844,221 MB/sec
                 gc.alloc.rate.norm: 5856,005 B/op
                 gc.count:           28,000 counts
                 gc.time:            23,000 ms
                 process.cpu:        410,987 ns/op

Iteration   3: 331,301 ns/op
                 gc.alloc.rate:      16852,213 MB/sec
                 gc.alloc.rate.norm: 5856,005 B/op
                 gc.count:           27,000 counts
                 gc.time:            22,000 ms
                 process.cpu:        407,692 ns/op

Iteration   4: 330,003 ns/op
                 gc.alloc.rate:      16918,087 MB/sec
                 gc.alloc.rate.norm: 5856,005 B/op
                 gc.count:           28,000 counts
                 gc.time:            22,000 ms
                 process.cpu:        407,058 ns/op



Result "org.apache.jmeter.protocol.http.sampler.HeaderCaptureBenchmark.capture":
  332,378 ±(99.9%) 3,185 ns/op [Average]
  (min, avg, max) = (330,003, 332,378, 335,317), stdev = 1,666
  CI (99.9%): [329,194, 335,563] (assumes normal distribution)

Secondary result "org.apache.jmeter.protocol.http.sampler.HeaderCaptureBenchmark.capture:gc.alloc.rate":
  16797,849 ±(99.9%) 160,470 MB/sec [Average]
  (min, avg, max) = (16650,545, 16797,849, 16918,087), stdev = 83,929
  CI (99.9%): [16637,379, 16958,319] (assumes normal distribution)

Secondary result "org.apache.jmeter.protocol.http.sampler.HeaderCaptureBenchmark.capture:gc.alloc.rate.norm":
  5856,005 ±(99.9%) 0,001 B/op [Average]
  (min, avg, max) = (5856,005, 5856,005, 5856,005), stdev = 0,001
  CI (99.9%): [5856,005, 5856,005] (assumes normal distribution)

Secondary result "org.apache.jmeter.protocol.http.sampler.HeaderCaptureBenchmark.capture:gc.count":
  222,000 ±(99.9%) 0,001 counts [Sum]
  (min, avg, max) = (27,000, 27,750, 28,000), stdev = 0,463
  CI (99.9%): [222,000, 222,000] (assumes normal distribution)

Secondary result "org.apache.jmeter.protocol.http.sampler.HeaderCaptureBenchmark.capture:gc.time":
  178,000 ±(99.9%) 0,001 ms [Sum]
  (min, avg, max) = (22,000, 22,250, 23,000), stdev = 0,463
  CI (99.9%): [178,000, 178,000] (assumes normal distribution)

Secondary result "org.apache.jmeter.protocol.http.sampler.HeaderCaptureBenchmark.capture:process.cpu":
  412,441 ±(99.9%) 7,417 ns/op [Average]
  (min, avg, max) = (407,058, 412,441, 418,591), stdev = 3,879
  CI (99.9%): [405,024, 419,858] (assumes normal distribution)


# JMH version: 1.37
# VM version: JDK 21.0.5, Java HotSpot(TM) 64-Bit Server VM, 21.0.5+9-LTS-239
# VM invoker: /Library/Java/JavaVirtualMachines/jdk-21.jdk/Contents/Home/bin/java
# VM options: -Djdk.net.hosts.file=/etc/hosts -Xms512m -Xmx512m -Djdk.net.hosts.file=/etc/hosts
# Blackhole mode: compiler (auto-detected, use -Djmh.blackhole.autoDetect=false to disable)
# Warmup: 3 iterations, 500 ms each
# Measurement: 4 iterations, 500 ms each
# Timeout: 10 min per iteration
# Threads: 1 thread, will synchronize iterations
# Benchmark mode: Average time, time/op
# Benchmark: org.apache.jmeter.protocol.http.sampler.HeaderCaptureBenchmark.capture
# Parameters: (deferred = true, protocol = h1, readers = both50, totalBytes = 400)

# Run progress: 58,33% complete, ETA 00:01:56
# Fork: 1 of 2
# Warmup Iteration   1: 2026-09-12T07:34:32.085759Z org.apache.jmeter.protocol.http.sampler.HeaderCaptureBenchmark.capture-jmh-worker-1 ERROR Error processing element GuiLogEvent ([Appenders: null]): CLASS_NOT_FOUND
2026-09-12T07:34:32.113972Z org.apache.jmeter.protocol.http.sampler.HeaderCaptureBenchmark.capture-jmh-worker-1 ERROR Unable to locate appender "gui-log-event" for logger config "root"
210,727 ns/op
# Warmup Iteration   2: 161,147 ns/op
# Warmup Iteration   3: 162,180 ns/op
Iteration   1: 162,367 ns/op
                 gc.alloc.rate:      9207,558 MB/sec
                 gc.alloc.rate.norm: 1568,003 B/op
                 gc.count:           15,000 counts
                 gc.time:            12,000 ms
                 process.cpu:        184,569 ns/op

Iteration   2: 161,042 ns/op
                 gc.alloc.rate:      9282,334 MB/sec
                 gc.alloc.rate.norm: 1568,002 B/op
                 gc.count:           15,000 counts
                 gc.time:            12,000 ms
                 process.cpu:        180,603 ns/op

Iteration   3: 164,172 ns/op
                 gc.alloc.rate:      9105,691 MB/sec
                 gc.alloc.rate.norm: 1568,002 B/op
                 gc.count:           15,000 counts
                 gc.time:            22,000 ms
                 process.cpu:        181,449 ns/op

Iteration   4: 163,054 ns/op
                 gc.alloc.rate:      9158,686 MB/sec
                 gc.alloc.rate.norm: 1568,003 B/op
                 gc.count:           15,000 counts
                 gc.time:            12,000 ms
                 process.cpu:        186,153 ns/op


# Run progress: 59,72% complete, ETA 00:01:52
# Fork: 2 of 2
# Warmup Iteration   1: 2026-09-12T07:34:35.941202Z org.apache.jmeter.protocol.http.sampler.HeaderCaptureBenchmark.capture-jmh-worker-1 ERROR Error processing element GuiLogEvent ([Appenders: null]): CLASS_NOT_FOUND
2026-09-12T07:34:35.970711Z org.apache.jmeter.protocol.http.sampler.HeaderCaptureBenchmark.capture-jmh-worker-1 ERROR Unable to locate appender "gui-log-event" for logger config "root"
216,861 ns/op
# Warmup Iteration   2: 158,536 ns/op
# Warmup Iteration   3: 157,721 ns/op
Iteration   1: 157,620 ns/op
                 gc.alloc.rate:      9483,989 MB/sec
                 gc.alloc.rate.norm: 1568,002 B/op
                 gc.count:           15,000 counts
                 gc.time:            12,000 ms
                 process.cpu:        178,265 ns/op

Iteration   2: 158,290 ns/op
                 gc.alloc.rate:      9442,553 MB/sec
                 gc.alloc.rate.norm: 1568,002 B/op
                 gc.count:           16,000 counts
                 gc.time:            14,000 ms
                 process.cpu:        180,000 ns/op

Iteration   3: 158,328 ns/op
                 gc.alloc.rate:      9442,185 MB/sec
                 gc.alloc.rate.norm: 1568,002 B/op
                 gc.count:           16,000 counts
                 gc.time:            13,000 ms
                 process.cpu:        180,020 ns/op

Iteration   4: 156,948 ns/op
                 gc.alloc.rate:      9525,133 MB/sec
                 gc.alloc.rate.norm: 1568,002 B/op
                 gc.count:           15,000 counts
                 gc.time:            13,000 ms
                 process.cpu:        178,969 ns/op



Result "org.apache.jmeter.protocol.http.sampler.HeaderCaptureBenchmark.capture":
  160,228 ±(99.9%) 5,296 ns/op [Average]
  (min, avg, max) = (156,948, 160,228, 164,172), stdev = 2,770
  CI (99.9%): [154,932, 165,523] (assumes normal distribution)

Secondary result "org.apache.jmeter.protocol.http.sampler.HeaderCaptureBenchmark.capture:gc.alloc.rate":
  9331,016 ±(99.9%) 309,954 MB/sec [Average]
  (min, avg, max) = (9105,691, 9331,016, 9525,133), stdev = 162,112
  CI (99.9%): [9021,062, 9640,970] (assumes normal distribution)

Secondary result "org.apache.jmeter.protocol.http.sampler.HeaderCaptureBenchmark.capture:gc.alloc.rate.norm":
  1568,002 ±(99.9%) 0,001 B/op [Average]
  (min, avg, max) = (1568,002, 1568,002, 1568,003), stdev = 0,001
  CI (99.9%): [1568,002, 1568,003] (assumes normal distribution)

Secondary result "org.apache.jmeter.protocol.http.sampler.HeaderCaptureBenchmark.capture:gc.count":
  122,000 ±(99.9%) 0,001 counts [Sum]
  (min, avg, max) = (15,000, 15,250, 16,000), stdev = 0,463
  CI (99.9%): [122,000, 122,000] (assumes normal distribution)

Secondary result "org.apache.jmeter.protocol.http.sampler.HeaderCaptureBenchmark.capture:gc.time":
  110,000 ±(99.9%) 0,001 ms [Sum]
  (min, avg, max) = (12,000, 13,750, 22,000), stdev = 3,412
  CI (99.9%): [110,000, 110,000] (assumes normal distribution)

Secondary result "org.apache.jmeter.protocol.http.sampler.HeaderCaptureBenchmark.capture:process.cpu":
  181,254 ±(99.9%) 5,247 ns/op [Average]
  (min, avg, max) = (178,265, 181,254, 186,153), stdev = 2,744
  CI (99.9%): [176,007, 186,500] (assumes normal distribution)


# JMH version: 1.37
# VM version: JDK 21.0.5, Java HotSpot(TM) 64-Bit Server VM, 21.0.5+9-LTS-239
# VM invoker: /Library/Java/JavaVirtualMachines/jdk-21.jdk/Contents/Home/bin/java
# VM options: -Djdk.net.hosts.file=/etc/hosts -Xms512m -Xmx512m -Djdk.net.hosts.file=/etc/hosts
# Blackhole mode: compiler (auto-detected, use -Djmh.blackhole.autoDetect=false to disable)
# Warmup: 3 iterations, 500 ms each
# Measurement: 4 iterations, 500 ms each
# Timeout: 10 min per iteration
# Threads: 1 thread, will synchronize iterations
# Benchmark mode: Average time, time/op
# Benchmark: org.apache.jmeter.protocol.http.sampler.HeaderCaptureBenchmark.capture
# Parameters: (deferred = true, protocol = h1, readers = both50, totalBytes = 1600)

# Run progress: 61,11% complete, ETA 00:01:48
# Fork: 1 of 2
# Warmup Iteration   1: 2026-09-12T07:34:39.828223Z org.apache.jmeter.protocol.http.sampler.HeaderCaptureBenchmark.capture-jmh-worker-1 ERROR Error processing element GuiLogEvent ([Appenders: null]): CLASS_NOT_FOUND
2026-09-12T07:34:39.857512Z org.apache.jmeter.protocol.http.sampler.HeaderCaptureBenchmark.capture-jmh-worker-1 ERROR Unable to locate appender "gui-log-event" for logger config "root"
454,962 ns/op
# Warmup Iteration   2: 369,196 ns/op
# Warmup Iteration   3: 351,780 ns/op
Iteration   1: 352,941 ns/op
                 gc.alloc.rate:      10285,356 MB/sec
                 gc.alloc.rate.norm: 3808,004 B/op
                 gc.count:           17,000 counts
                 gc.time:            13,000 ms
                 process.cpu:        401,430 ns/op

Iteration   2: 352,853 ns/op
                 gc.alloc.rate:      10289,247 MB/sec
                 gc.alloc.rate.norm: 3808,003 B/op
                 gc.count:           17,000 counts
                 gc.time:            14,000 ms
                 process.cpu:        404,028 ns/op

Iteration   3: 353,122 ns/op
                 gc.alloc.rate:      10281,327 MB/sec
                 gc.alloc.rate.norm: 3808,007 B/op
                 gc.count:           17,000 counts
                 gc.time:            14,000 ms
                 process.cpu:        401,383 ns/op

Iteration   4: 351,489 ns/op
                 gc.alloc.rate:      10328,361 MB/sec
                 gc.alloc.rate.norm: 3808,005 B/op
                 gc.count:           17,000 counts
                 gc.time:            13,000 ms
                 process.cpu:        397,325 ns/op


# Run progress: 62,50% complete, ETA 00:01:44
# Fork: 2 of 2
# Warmup Iteration   1: 2026-09-12T07:34:43.696062Z org.apache.jmeter.protocol.http.sampler.HeaderCaptureBenchmark.capture-jmh-worker-1 ERROR Error processing element GuiLogEvent ([Appenders: null]): CLASS_NOT_FOUND
2026-09-12T07:34:43.722440Z org.apache.jmeter.protocol.http.sampler.HeaderCaptureBenchmark.capture-jmh-worker-1 ERROR Unable to locate appender "gui-log-event" for logger config "root"
456,545 ns/op
# Warmup Iteration   2: 356,229 ns/op
# Warmup Iteration   3: 354,135 ns/op
Iteration   1: 354,194 ns/op
                 gc.alloc.rate:      10250,237 MB/sec
                 gc.alloc.rate.norm: 3808,005 B/op
                 gc.count:           17,000 counts
                 gc.time:            13,000 ms
                 process.cpu:        403,350 ns/op

Iteration   2: 355,078 ns/op
                 gc.alloc.rate:      10225,003 MB/sec
                 gc.alloc.rate.norm: 3808,004 B/op
                 gc.count:           17,000 counts
                 gc.time:            14,000 ms
                 process.cpu:        404,970 ns/op

Iteration   3: 356,206 ns/op
                 gc.alloc.rate:      10192,231 MB/sec
                 gc.alloc.rate.norm: 3808,005 B/op
                 gc.count:           17,000 counts
                 gc.time:            14,000 ms
                 process.cpu:        407,787 ns/op

Iteration   4: 357,440 ns/op
                 gc.alloc.rate:      10157,227 MB/sec
                 gc.alloc.rate.norm: 3808,004 B/op
                 gc.count:           17,000 counts
                 gc.time:            13,000 ms
                 process.cpu:        407,424 ns/op



Result "org.apache.jmeter.protocol.http.sampler.HeaderCaptureBenchmark.capture":
  354,165 ±(99.9%) 3,768 ns/op [Average]
  (min, avg, max) = (351,489, 354,165, 357,440), stdev = 1,971
  CI (99.9%): [350,397, 357,934] (assumes normal distribution)

Secondary result "org.apache.jmeter.protocol.http.sampler.HeaderCaptureBenchmark.capture:gc.alloc.rate":
  10251,124 ±(99.9%) 108,329 MB/sec [Average]
  (min, avg, max) = (10157,227, 10251,124, 10328,361), stdev = 56,658
  CI (99.9%): [10142,795, 10359,452] (assumes normal distribution)

Secondary result "org.apache.jmeter.protocol.http.sampler.HeaderCaptureBenchmark.capture:gc.alloc.rate.norm":
  3808,005 ±(99.9%) 0,002 B/op [Average]
  (min, avg, max) = (3808,003, 3808,005, 3808,007), stdev = 0,001
  CI (99.9%): [3808,003, 3808,007] (assumes normal distribution)

Secondary result "org.apache.jmeter.protocol.http.sampler.HeaderCaptureBenchmark.capture:gc.count":
  136,000 ±(99.9%) 0,001 counts [Sum]
  (min, avg, max) = (17,000, 17,000, 17,000), stdev = 0,001
  CI (99.9%): [136,000, 136,000] (assumes normal distribution)

Secondary result "org.apache.jmeter.protocol.http.sampler.HeaderCaptureBenchmark.capture:gc.time":
  108,000 ±(99.9%) 0,001 ms [Sum]
  (min, avg, max) = (13,000, 13,500, 14,000), stdev = 0,535
  CI (99.9%): [108,000, 108,000] (assumes normal distribution)

Secondary result "org.apache.jmeter.protocol.http.sampler.HeaderCaptureBenchmark.capture:process.cpu":
  403,462 ±(99.9%) 6,589 ns/op [Average]
  (min, avg, max) = (397,325, 403,462, 407,787), stdev = 3,446
  CI (99.9%): [396,873, 410,051] (assumes normal distribution)


# JMH version: 1.37
# VM version: JDK 21.0.5, Java HotSpot(TM) 64-Bit Server VM, 21.0.5+9-LTS-239
# VM invoker: /Library/Java/JavaVirtualMachines/jdk-21.jdk/Contents/Home/bin/java
# VM options: -Djdk.net.hosts.file=/etc/hosts -Xms512m -Xmx512m -Djdk.net.hosts.file=/etc/hosts
# Blackhole mode: compiler (auto-detected, use -Djmh.blackhole.autoDetect=false to disable)
# Warmup: 3 iterations, 500 ms each
# Measurement: 4 iterations, 500 ms each
# Timeout: 10 min per iteration
# Threads: 1 thread, will synchronize iterations
# Benchmark mode: Average time, time/op
# Benchmark: org.apache.jmeter.protocol.http.sampler.HeaderCaptureBenchmark.capture
# Parameters: (deferred = true, protocol = h1, readers = both50, totalBytes = 8192)

# Run progress: 63,89% complete, ETA 00:01:40
# Fork: 1 of 2
# Warmup Iteration   1: 2026-09-12T07:34:47.548697Z org.apache.jmeter.protocol.http.sampler.HeaderCaptureBenchmark.capture-jmh-worker-1 ERROR Error processing element GuiLogEvent ([Appenders: null]): CLASS_NOT_FOUND
2026-09-12T07:34:47.577721Z org.apache.jmeter.protocol.http.sampler.HeaderCaptureBenchmark.capture-jmh-worker-1 ERROR Unable to locate appender "gui-log-event" for logger config "root"
786,594 ns/op
# Warmup Iteration   2: 619,092 ns/op
# Warmup Iteration   3: 616,448 ns/op
Iteration   1: 619,451 ns/op
                 gc.alloc.rate:      18591,873 MB/sec
                 gc.alloc.rate.norm: 12080,001 B/op
                 gc.count:           31,000 counts
                 gc.time:            24,000 ms
                 process.cpu:        798,632 ns/op

Iteration   2: 622,483 ns/op
                 gc.alloc.rate:      18500,145 MB/sec
                 gc.alloc.rate.norm: 12080,009 B/op
                 gc.count:           30,000 counts
                 gc.time:            25,000 ms
                 process.cpu:        789,344 ns/op

Iteration   3: 619,480 ns/op
                 gc.alloc.rate:      18591,654 MB/sec
                 gc.alloc.rate.norm: 12080,016 B/op
                 gc.count:           31,000 counts
                 gc.time:            25,000 ms
                 process.cpu:        799,343 ns/op

Iteration   4: 622,023 ns/op
                 gc.alloc.rate:      18515,705 MB/sec
                 gc.alloc.rate.norm: 12080,001 B/op
                 gc.count:           31,000 counts
                 gc.time:            25,000 ms
                 process.cpu:        784,138 ns/op


# Run progress: 65,28% complete, ETA 00:01:36
# Fork: 2 of 2
# Warmup Iteration   1: 2026-09-12T07:34:51.405914Z org.apache.jmeter.protocol.http.sampler.HeaderCaptureBenchmark.capture-jmh-worker-1 ERROR Error processing element GuiLogEvent ([Appenders: null]): CLASS_NOT_FOUND
2026-09-12T07:34:51.433045Z org.apache.jmeter.protocol.http.sampler.HeaderCaptureBenchmark.capture-jmh-worker-1 ERROR Unable to locate appender "gui-log-event" for logger config "root"
763,674 ns/op
# Warmup Iteration   2: 610,266 ns/op
# Warmup Iteration   3: 610,339 ns/op
Iteration   1: 614,933 ns/op
                 gc.alloc.rate:      18729,082 MB/sec
                 gc.alloc.rate.norm: 12080,016 B/op
                 gc.count:           31,000 counts
                 gc.time:            25,000 ms
                 process.cpu:        787,850 ns/op

Iteration   2: 604,546 ns/op
                 gc.alloc.rate:      19050,518 MB/sec
                 gc.alloc.rate.norm: 12079,994 B/op
                 gc.count:           31,000 counts
                 gc.time:            25,000 ms
                 process.cpu:        750,802 ns/op

Iteration   3: 611,999 ns/op
                 gc.alloc.rate:      18818,736 MB/sec
                 gc.alloc.rate.norm: 12080,009 B/op
                 gc.count:           31,000 counts
                 gc.time:            24,000 ms
                 process.cpu:        768,068 ns/op

Iteration   4: 608,791 ns/op
                 gc.alloc.rate:      18917,184 MB/sec
                 gc.alloc.rate.norm: 12080,016 B/op
                 gc.count:           32,000 counts
                 gc.time:            25,000 ms
                 process.cpu:        760,325 ns/op



Result "org.apache.jmeter.protocol.http.sampler.HeaderCaptureBenchmark.capture":
  615,463 ±(99.9%) 12,524 ns/op [Average]
  (min, avg, max) = (604,546, 615,463, 622,483), stdev = 6,550
  CI (99.9%): [602,939, 627,988] (assumes normal distribution)

Secondary result "org.apache.jmeter.protocol.http.sampler.HeaderCaptureBenchmark.capture:gc.alloc.rate":
  18714,362 ±(99.9%) 382,847 MB/sec [Average]
  (min, avg, max) = (18500,145, 18714,362, 19050,518), stdev = 200,236
  CI (99.9%): [18331,515, 19097,209] (assumes normal distribution)

Secondary result "org.apache.jmeter.protocol.http.sampler.HeaderCaptureBenchmark.capture:gc.alloc.rate.norm":
  12080,008 ±(99.9%) 0,016 B/op [Average]
  (min, avg, max) = (12079,994, 12080,008, 12080,016), stdev = 0,009
  CI (99.9%): [12079,992, 12080,024] (assumes normal distribution)

Secondary result "org.apache.jmeter.protocol.http.sampler.HeaderCaptureBenchmark.capture:gc.count":
  248,000 ±(99.9%) 0,001 counts [Sum]
  (min, avg, max) = (30,000, 31,000, 32,000), stdev = 0,535
  CI (99.9%): [248,000, 248,000] (assumes normal distribution)

Secondary result "org.apache.jmeter.protocol.http.sampler.HeaderCaptureBenchmark.capture:gc.time":
  198,000 ±(99.9%) 0,001 ms [Sum]
  (min, avg, max) = (24,000, 24,750, 25,000), stdev = 0,463
  CI (99.9%): [198,000, 198,000] (assumes normal distribution)

Secondary result "org.apache.jmeter.protocol.http.sampler.HeaderCaptureBenchmark.capture:process.cpu":
  779,813 ±(99.9%) 34,424 ns/op [Average]
  (min, avg, max) = (750,802, 779,813, 799,343), stdev = 18,004
  CI (99.9%): [745,389, 814,236] (assumes normal distribution)


# JMH version: 1.37
# VM version: JDK 21.0.5, Java HotSpot(TM) 64-Bit Server VM, 21.0.5+9-LTS-239
# VM invoker: /Library/Java/JavaVirtualMachines/jdk-21.jdk/Contents/Home/bin/java
# VM options: -Djdk.net.hosts.file=/etc/hosts -Xms512m -Xmx512m -Djdk.net.hosts.file=/etc/hosts
# Blackhole mode: compiler (auto-detected, use -Djmh.blackhole.autoDetect=false to disable)
# Warmup: 3 iterations, 500 ms each
# Measurement: 4 iterations, 500 ms each
# Timeout: 10 min per iteration
# Threads: 1 thread, will synchronize iterations
# Benchmark mode: Average time, time/op
# Benchmark: org.apache.jmeter.protocol.http.sampler.HeaderCaptureBenchmark.capture
# Parameters: (deferred = true, protocol = h1, readers = both100, totalBytes = 400)

# Run progress: 66,67% complete, ETA 00:01:32
# Fork: 1 of 2
# Warmup Iteration   1: 2026-09-12T07:34:55.271719Z org.apache.jmeter.protocol.http.sampler.HeaderCaptureBenchmark.capture-jmh-worker-1 ERROR Error processing element GuiLogEvent ([Appenders: null]): CLASS_NOT_FOUND
2026-09-12T07:34:55.297873Z org.apache.jmeter.protocol.http.sampler.HeaderCaptureBenchmark.capture-jmh-worker-1 ERROR Unable to locate appender "gui-log-event" for logger config "root"
247,551 ns/op
# Warmup Iteration   2: 191,196 ns/op
# Warmup Iteration   3: 187,851 ns/op
Iteration   1: 189,452 ns/op
                 gc.alloc.rate:      9823,151 MB/sec
                 gc.alloc.rate.norm: 1952,003 B/op
                 gc.count:           17,000 counts
                 gc.time:            13,000 ms
                 process.cpu:        215,927 ns/op

Iteration   2: 187,740 ns/op
                 gc.alloc.rate:      9912,792 MB/sec
                 gc.alloc.rate.norm: 1952,003 B/op
                 gc.count:           16,000 counts
                 gc.time:            13,000 ms
                 process.cpu:        211,307 ns/op

Iteration   3: 187,566 ns/op
                 gc.alloc.rate:      9921,836 MB/sec
                 gc.alloc.rate.norm: 1952,003 B/op
                 gc.count:           16,000 counts
                 gc.time:            13,000 ms
                 process.cpu:        211,857 ns/op

Iteration   4: 188,436 ns/op
                 gc.alloc.rate:      9874,462 MB/sec
                 gc.alloc.rate.norm: 1952,003 B/op
                 gc.count:           17,000 counts
                 gc.time:            14,000 ms
                 process.cpu:        217,153 ns/op


# Run progress: 68,06% complete, ETA 00:01:28
# Fork: 2 of 2
# Warmup Iteration   1: 2026-09-12T07:34:59.143714Z org.apache.jmeter.protocol.http.sampler.HeaderCaptureBenchmark.capture-jmh-worker-1 ERROR Error processing element GuiLogEvent ([Appenders: null]): CLASS_NOT_FOUND
2026-09-12T07:34:59.171403Z org.apache.jmeter.protocol.http.sampler.HeaderCaptureBenchmark.capture-jmh-worker-1 ERROR Unable to locate appender "gui-log-event" for logger config "root"
237,928 ns/op
# Warmup Iteration   2: 187,201 ns/op
# Warmup Iteration   3: 188,594 ns/op
Iteration   1: 187,219 ns/op
                 gc.alloc.rate:      9940,680 MB/sec
                 gc.alloc.rate.norm: 1952,003 B/op
                 gc.count:           16,000 counts
                 gc.time:            13,000 ms
                 process.cpu:        212,233 ns/op

Iteration   2: 187,512 ns/op
                 gc.alloc.rate:      9924,884 MB/sec
                 gc.alloc.rate.norm: 1952,003 B/op
                 gc.count:           17,000 counts
                 gc.time:            13,000 ms
                 process.cpu:        214,122 ns/op

Iteration   3: 187,965 ns/op
                 gc.alloc.rate:      9901,284 MB/sec
                 gc.alloc.rate.norm: 1952,003 B/op
                 gc.count:           16,000 counts
                 gc.time:            13,000 ms
                 process.cpu:        211,508 ns/op

Iteration   4: 187,522 ns/op
                 gc.alloc.rate:      9924,722 MB/sec
                 gc.alloc.rate.norm: 1952,003 B/op
                 gc.count:           16,000 counts
                 gc.time:            13,000 ms
                 process.cpu:        210,519 ns/op



Result "org.apache.jmeter.protocol.http.sampler.HeaderCaptureBenchmark.capture":
  187,927 ±(99.9%) 1,369 ns/op [Average]
  (min, avg, max) = (187,219, 187,927, 189,452), stdev = 0,716
  CI (99.9%): [186,557, 189,296] (assumes normal distribution)

Secondary result "org.apache.jmeter.protocol.http.sampler.HeaderCaptureBenchmark.capture:gc.alloc.rate":
  9902,977 ±(99.9%) 72,318 MB/sec [Average]
  (min, avg, max) = (9823,151, 9902,977, 9940,680), stdev = 37,824
  CI (99.9%): [9830,659, 9975,295] (assumes normal distribution)

Secondary result "org.apache.jmeter.protocol.http.sampler.HeaderCaptureBenchmark.capture:gc.alloc.rate.norm":
  1952,003 ±(99.9%) 0,001 B/op [Average]
  (min, avg, max) = (1952,003, 1952,003, 1952,003), stdev = 0,001
  CI (99.9%): [1952,003, 1952,003] (assumes normal distribution)

Secondary result "org.apache.jmeter.protocol.http.sampler.HeaderCaptureBenchmark.capture:gc.count":
  131,000 ±(99.9%) 0,001 counts [Sum]
  (min, avg, max) = (16,000, 16,375, 17,000), stdev = 0,518
  CI (99.9%): [131,000, 131,000] (assumes normal distribution)

Secondary result "org.apache.jmeter.protocol.http.sampler.HeaderCaptureBenchmark.capture:gc.time":
  105,000 ±(99.9%) 0,001 ms [Sum]
  (min, avg, max) = (13,000, 13,125, 14,000), stdev = 0,354
  CI (99.9%): [105,000, 105,000] (assumes normal distribution)

Secondary result "org.apache.jmeter.protocol.http.sampler.HeaderCaptureBenchmark.capture:process.cpu":
  213,078 ±(99.9%) 4,580 ns/op [Average]
  (min, avg, max) = (210,519, 213,078, 217,153), stdev = 2,395
  CI (99.9%): [208,498, 217,658] (assumes normal distribution)


# JMH version: 1.37
# VM version: JDK 21.0.5, Java HotSpot(TM) 64-Bit Server VM, 21.0.5+9-LTS-239
# VM invoker: /Library/Java/JavaVirtualMachines/jdk-21.jdk/Contents/Home/bin/java
# VM options: -Djdk.net.hosts.file=/etc/hosts -Xms512m -Xmx512m -Djdk.net.hosts.file=/etc/hosts
# Blackhole mode: compiler (auto-detected, use -Djmh.blackhole.autoDetect=false to disable)
# Warmup: 3 iterations, 500 ms each
# Measurement: 4 iterations, 500 ms each
# Timeout: 10 min per iteration
# Threads: 1 thread, will synchronize iterations
# Benchmark mode: Average time, time/op
# Benchmark: org.apache.jmeter.protocol.http.sampler.HeaderCaptureBenchmark.capture
# Parameters: (deferred = true, protocol = h1, readers = both100, totalBytes = 1600)

# Run progress: 69,44% complete, ETA 00:01:25
# Fork: 1 of 2
# Warmup Iteration   1: 2026-09-12T07:35:03.007832Z org.apache.jmeter.protocol.http.sampler.HeaderCaptureBenchmark.capture-jmh-worker-1 ERROR Error processing element GuiLogEvent ([Appenders: null]): CLASS_NOT_FOUND
2026-09-12T07:35:03.037896Z org.apache.jmeter.protocol.http.sampler.HeaderCaptureBenchmark.capture-jmh-worker-1 ERROR Unable to locate appender "gui-log-event" for logger config "root"
608,321 ns/op
# Warmup Iteration   2: 488,257 ns/op
# Warmup Iteration   3: 473,460 ns/op
Iteration   1: 477,165 ns/op
                 gc.alloc.rate:      10166,241 MB/sec
                 gc.alloc.rate.norm: 5088,007 B/op
                 gc.count:           16,000 counts
                 gc.time:            13,000 ms
                 process.cpu:        545,250 ns/op

Iteration   2: 476,993 ns/op
                 gc.alloc.rate:      10169,841 MB/sec
                 gc.alloc.rate.norm: 5088,007 B/op
                 gc.count:           17,000 counts
                 gc.time:            14,000 ms
                 process.cpu:        554,898 ns/op

Iteration   3: 494,558 ns/op
                 gc.alloc.rate:      9807,479 MB/sec
                 gc.alloc.rate.norm: 5088,007 B/op
                 gc.count:           16,000 counts
                 gc.time:            13,000 ms
                 process.cpu:        565,281 ns/op

Iteration   4: 476,497 ns/op
                 gc.alloc.rate:      10179,839 MB/sec
                 gc.alloc.rate.norm: 5088,007 B/op
                 gc.count:           17,000 counts
                 gc.time:            14,000 ms
                 process.cpu:        547,479 ns/op


# Run progress: 70,83% complete, ETA 00:01:21
# Fork: 2 of 2
# Warmup Iteration   1: 2026-09-12T07:35:06.886949Z org.apache.jmeter.protocol.http.sampler.HeaderCaptureBenchmark.capture-jmh-worker-1 ERROR Error processing element GuiLogEvent ([Appenders: null]): CLASS_NOT_FOUND
2026-09-12T07:35:06.915339Z org.apache.jmeter.protocol.http.sampler.HeaderCaptureBenchmark.capture-jmh-worker-1 ERROR Unable to locate appender "gui-log-event" for logger config "root"
611,211 ns/op
# Warmup Iteration   2: 470,539 ns/op
# Warmup Iteration   3: 472,362 ns/op
Iteration   1: 475,429 ns/op
                 gc.alloc.rate:      10203,205 MB/sec
                 gc.alloc.rate.norm: 5088,007 B/op
                 gc.count:           16,000 counts
                 gc.time:            13,000 ms
                 process.cpu:        534,888 ns/op

Iteration   2: 473,839 ns/op
                 gc.alloc.rate:      10235,394 MB/sec
                 gc.alloc.rate.norm: 5088,007 B/op
                 gc.count:           17,000 counts
                 gc.time:            14,000 ms
                 process.cpu:        546,400 ns/op

Iteration   3: 481,412 ns/op
                 gc.alloc.rate:      10075,716 MB/sec
                 gc.alloc.rate.norm: 5088,007 B/op
                 gc.count:           17,000 counts
                 gc.time:            15,000 ms
                 process.cpu:        556,883 ns/op

Iteration   4: 468,336 ns/op
                 gc.alloc.rate:      10357,359 MB/sec
                 gc.alloc.rate.norm: 5088,007 B/op
                 gc.count:           17,000 counts
                 gc.time:            13,000 ms
                 process.cpu:        538,672 ns/op



Result "org.apache.jmeter.protocol.http.sampler.HeaderCaptureBenchmark.capture":
  478,029 ±(99.9%) 14,581 ns/op [Average]
  (min, avg, max) = (468,336, 478,029, 494,558), stdev = 7,626
  CI (99.9%): [463,448, 492,610] (assumes normal distribution)

Secondary result "org.apache.jmeter.protocol.http.sampler.HeaderCaptureBenchmark.capture:gc.alloc.rate":
  10149,384 ±(99.9%) 304,465 MB/sec [Average]
  (min, avg, max) = (9807,479, 10149,384, 10357,359), stdev = 159,241
  CI (99.9%): [9844,919, 10453,849] (assumes normal distribution)

Secondary result "org.apache.jmeter.protocol.http.sampler.HeaderCaptureBenchmark.capture:gc.alloc.rate.norm":
  5088,007 ±(99.9%) 0,001 B/op [Average]
  (min, avg, max) = (5088,007, 5088,007, 5088,007), stdev = 0,001
  CI (99.9%): [5088,007, 5088,007] (assumes normal distribution)

Secondary result "org.apache.jmeter.protocol.http.sampler.HeaderCaptureBenchmark.capture:gc.count":
  133,000 ±(99.9%) 0,001 counts [Sum]
  (min, avg, max) = (16,000, 16,625, 17,000), stdev = 0,518
  CI (99.9%): [133,000, 133,000] (assumes normal distribution)

Secondary result "org.apache.jmeter.protocol.http.sampler.HeaderCaptureBenchmark.capture:gc.time":
  109,000 ±(99.9%) 0,001 ms [Sum]
  (min, avg, max) = (13,000, 13,625, 15,000), stdev = 0,744
  CI (99.9%): [109,000, 109,000] (assumes normal distribution)

Secondary result "org.apache.jmeter.protocol.http.sampler.HeaderCaptureBenchmark.capture:process.cpu":
  548,719 ±(99.9%) 18,987 ns/op [Average]
  (min, avg, max) = (534,888, 548,719, 565,281), stdev = 9,931
  CI (99.9%): [529,732, 567,706] (assumes normal distribution)


# JMH version: 1.37
# VM version: JDK 21.0.5, Java HotSpot(TM) 64-Bit Server VM, 21.0.5+9-LTS-239
# VM invoker: /Library/Java/JavaVirtualMachines/jdk-21.jdk/Contents/Home/bin/java
# VM options: -Djdk.net.hosts.file=/etc/hosts -Xms512m -Xmx512m -Djdk.net.hosts.file=/etc/hosts
# Blackhole mode: compiler (auto-detected, use -Djmh.blackhole.autoDetect=false to disable)
# Warmup: 3 iterations, 500 ms each
# Measurement: 4 iterations, 500 ms each
# Timeout: 10 min per iteration
# Threads: 1 thread, will synchronize iterations
# Benchmark mode: Average time, time/op
# Benchmark: org.apache.jmeter.protocol.http.sampler.HeaderCaptureBenchmark.capture
# Parameters: (deferred = true, protocol = h1, readers = both100, totalBytes = 8192)

# Run progress: 72,22% complete, ETA 00:01:17
# Fork: 1 of 2
# Warmup Iteration   1: 2026-09-12T07:35:10.755623Z org.apache.jmeter.protocol.http.sampler.HeaderCaptureBenchmark.capture-jmh-worker-1 ERROR Error processing element GuiLogEvent ([Appenders: null]): CLASS_NOT_FOUND
2026-09-12T07:35:10.786301Z org.apache.jmeter.protocol.http.sampler.HeaderCaptureBenchmark.capture-jmh-worker-1 ERROR Unable to locate appender "gui-log-event" for logger config "root"
1068,278 ns/op
# Warmup Iteration   2: 865,973 ns/op
# Warmup Iteration   3: 873,487 ns/op
Iteration   1: 859,933 ns/op
                 gc.alloc.rate:      20293,150 MB/sec
                 gc.alloc.rate.norm: 18304,012 B/op
                 gc.count:           33,000 counts
                 gc.time:            26,000 ms
                 process.cpu:        1087,447 ns/op

Iteration   2: 873,635 ns/op
                 gc.alloc.rate:      19974,997 MB/sec
                 gc.alloc.rate.norm: 18304,012 B/op
                 gc.count:           33,000 counts
                 gc.time:            27,000 ms
                 process.cpu:        1116,312 ns/op

Iteration   3: 871,153 ns/op
                 gc.alloc.rate:      20032,429 MB/sec
                 gc.alloc.rate.norm: 18304,013 B/op
                 gc.count:           34,000 counts
                 gc.time:            27,000 ms
                 process.cpu:        1105,645 ns/op

Iteration   4: 858,250 ns/op
                 gc.alloc.rate:      20333,158 MB/sec
                 gc.alloc.rate.norm: 18304,012 B/op
                 gc.count:           33,000 counts
                 gc.time:            25,000 ms
                 process.cpu:        1087,131 ns/op


# Run progress: 73,61% complete, ETA 00:01:13
# Fork: 2 of 2
# Warmup Iteration   1: 2026-09-12T07:35:14.614980Z org.apache.jmeter.protocol.http.sampler.HeaderCaptureBenchmark.capture-jmh-worker-1 ERROR Error processing element GuiLogEvent ([Appenders: null]): CLASS_NOT_FOUND
2026-09-12T07:35:14.643039Z org.apache.jmeter.protocol.http.sampler.HeaderCaptureBenchmark.capture-jmh-worker-1 ERROR Unable to locate appender "gui-log-event" for logger config "root"
1068,038 ns/op
# Warmup Iteration   2: 890,574 ns/op
# Warmup Iteration   3: 865,041 ns/op
Iteration   1: 871,674 ns/op
                 gc.alloc.rate:      20020,467 MB/sec
                 gc.alloc.rate.norm: 18304,012 B/op
                 gc.count:           33,000 counts
                 gc.time:            27,000 ms
                 process.cpu:        1129,605 ns/op

Iteration   2: 890,587 ns/op
                 gc.alloc.rate:      19595,225 MB/sec
                 gc.alloc.rate.norm: 18304,013 B/op
                 gc.count:           33,000 counts
                 gc.time:            26,000 ms
                 process.cpu:        1143,416 ns/op

Iteration   3: 873,720 ns/op
                 gc.alloc.rate:      19973,903 MB/sec
                 gc.alloc.rate.norm: 18304,013 B/op
                 gc.count:           33,000 counts
                 gc.time:            27,000 ms
                 process.cpu:        1117,917 ns/op

Iteration   4: 859,144 ns/op
                 gc.alloc.rate:      20311,856 MB/sec
                 gc.alloc.rate.norm: 18304,012 B/op
                 gc.count:           33,000 counts
                 gc.time:            27,000 ms
                 process.cpu:        1108,964 ns/op



Result "org.apache.jmeter.protocol.http.sampler.HeaderCaptureBenchmark.capture":
  869,762 ±(99.9%) 20,590 ns/op [Average]
  (min, avg, max) = (858,250, 869,762, 890,587), stdev = 10,769
  CI (99.9%): [849,172, 890,352] (assumes normal distribution)

Secondary result "org.apache.jmeter.protocol.http.sampler.HeaderCaptureBenchmark.capture:gc.alloc.rate":
  20066,898 ±(99.9%) 471,117 MB/sec [Average]
  (min, avg, max) = (19595,225, 20066,898, 20333,158), stdev = 246,403
  CI (99.9%): [19595,781, 20538,015] (assumes normal distribution)

Secondary result "org.apache.jmeter.protocol.http.sampler.HeaderCaptureBenchmark.capture:gc.alloc.rate.norm":
  18304,012 ±(99.9%) 0,001 B/op [Average]
  (min, avg, max) = (18304,012, 18304,012, 18304,013), stdev = 0,001
  CI (99.9%): [18304,012, 18304,013] (assumes normal distribution)

Secondary result "org.apache.jmeter.protocol.http.sampler.HeaderCaptureBenchmark.capture:gc.count":
  265,000 ±(99.9%) 0,001 counts [Sum]
  (min, avg, max) = (33,000, 33,125, 34,000), stdev = 0,354
  CI (99.9%): [265,000, 265,000] (assumes normal distribution)

Secondary result "org.apache.jmeter.protocol.http.sampler.HeaderCaptureBenchmark.capture:gc.time":
  212,000 ±(99.9%) 0,001 ms [Sum]
  (min, avg, max) = (25,000, 26,500, 27,000), stdev = 0,756
  CI (99.9%): [212,000, 212,000] (assumes normal distribution)

Secondary result "org.apache.jmeter.protocol.http.sampler.HeaderCaptureBenchmark.capture:process.cpu":
  1112,055 ±(99.9%) 37,000 ns/op [Average]
  (min, avg, max) = (1087,131, 1112,055, 1143,416), stdev = 19,352
  CI (99.9%): [1075,055, 1149,055] (assumes normal distribution)


# JMH version: 1.37
# VM version: JDK 21.0.5, Java HotSpot(TM) 64-Bit Server VM, 21.0.5+9-LTS-239
# VM invoker: /Library/Java/JavaVirtualMachines/jdk-21.jdk/Contents/Home/bin/java
# VM options: -Djdk.net.hosts.file=/etc/hosts -Xms512m -Xmx512m -Djdk.net.hosts.file=/etc/hosts
# Blackhole mode: compiler (auto-detected, use -Djmh.blackhole.autoDetect=false to disable)
# Warmup: 3 iterations, 500 ms each
# Measurement: 4 iterations, 500 ms each
# Timeout: 10 min per iteration
# Threads: 1 thread, will synchronize iterations
# Benchmark mode: Average time, time/op
# Benchmark: org.apache.jmeter.protocol.http.sampler.HeaderCaptureBenchmark.capture
# Parameters: (deferred = true, protocol = h2, readers = unread, totalBytes = 400)

# Run progress: 75,00% complete, ETA 00:01:09
# Fork: 1 of 2
# Warmup Iteration   1: 2026-09-12T07:35:18.479203Z org.apache.jmeter.protocol.http.sampler.HeaderCaptureBenchmark.capture-jmh-worker-1 ERROR Error processing element GuiLogEvent ([Appenders: null]): CLASS_NOT_FOUND
2026-09-12T07:35:18.507982Z org.apache.jmeter.protocol.http.sampler.HeaderCaptureBenchmark.capture-jmh-worker-1 ERROR Unable to locate appender "gui-log-event" for logger config "root"
92,142 ns/op
# Warmup Iteration   2: 78,087 ns/op
# Warmup Iteration   3: 76,053 ns/op
Iteration   1: 77,008 ns/op
                 gc.alloc.rate:      8914,213 MB/sec
                 gc.alloc.rate.norm: 720,001 B/op
                 gc.count:           15,000 counts
                 gc.time:            13,000 ms
                 process.cpu:        87,672 ns/op

Iteration   2: 78,398 ns/op
                 gc.alloc.rate:      8754,116 MB/sec
                 gc.alloc.rate.norm: 720,001 B/op
                 gc.count:           14,000 counts
                 gc.time:            11,000 ms
                 process.cpu:        88,313 ns/op

Iteration   3: 76,747 ns/op
                 gc.alloc.rate:      8944,054 MB/sec
                 gc.alloc.rate.norm: 720,001 B/op
                 gc.count:           15,000 counts
                 gc.time:            13,000 ms
                 process.cpu:        87,079 ns/op

Iteration   4: 75,563 ns/op
                 gc.alloc.rate:      9084,504 MB/sec
                 gc.alloc.rate.norm: 720,001 B/op
                 gc.count:           15,000 counts
                 gc.time:            11,000 ms
                 process.cpu:        85,604 ns/op


# Run progress: 76,39% complete, ETA 00:01:05
# Fork: 2 of 2
# Warmup Iteration   1: 2026-09-12T07:35:22.325389Z org.apache.jmeter.protocol.http.sampler.HeaderCaptureBenchmark.capture-jmh-worker-1 ERROR Error processing element GuiLogEvent ([Appenders: null]): CLASS_NOT_FOUND
2026-09-12T07:35:22.351466Z org.apache.jmeter.protocol.http.sampler.HeaderCaptureBenchmark.capture-jmh-worker-1 ERROR Unable to locate appender "gui-log-event" for logger config "root"
83,464 ns/op
# Warmup Iteration   2: 71,513 ns/op
# Warmup Iteration   3: 72,562 ns/op
Iteration   1: 72,064 ns/op
                 gc.alloc.rate:      9525,567 MB/sec
                 gc.alloc.rate.norm: 720,001 B/op
                 gc.count:           16,000 counts
                 gc.time:            13,000 ms
                 process.cpu:        82,178 ns/op

Iteration   2: 71,380 ns/op
                 gc.alloc.rate:      9616,495 MB/sec
                 gc.alloc.rate.norm: 720,001 B/op
                 gc.count:           16,000 counts
                 gc.time:            12,000 ms
                 process.cpu:        80,390 ns/op

Iteration   3: 72,246 ns/op
                 gc.alloc.rate:      9501,618 MB/sec
                 gc.alloc.rate.norm: 720,001 B/op
                 gc.count:           16,000 counts
                 gc.time:            12,000 ms
                 process.cpu:        81,760 ns/op

Iteration   4: 71,075 ns/op
                 gc.alloc.rate:      9658,324 MB/sec
                 gc.alloc.rate.norm: 720,001 B/op
                 gc.count:           16,000 counts
                 gc.time:            13,000 ms
                 process.cpu:        79,372 ns/op



Result "org.apache.jmeter.protocol.http.sampler.HeaderCaptureBenchmark.capture":
  74,310 ±(99.9%) 5,591 ns/op [Average]
  (min, avg, max) = (71,075, 74,310, 78,398), stdev = 2,924
  CI (99.9%): [68,719, 79,901] (assumes normal distribution)

Secondary result "org.apache.jmeter.protocol.http.sampler.HeaderCaptureBenchmark.capture:gc.alloc.rate":
  9249,861 ±(99.9%) 693,128 MB/sec [Average]
  (min, avg, max) = (8754,116, 9249,861, 9658,324), stdev = 362,519
  CI (99.9%): [8556,733, 9942,989] (assumes normal distribution)

Secondary result "org.apache.jmeter.protocol.http.sampler.HeaderCaptureBenchmark.capture:gc.alloc.rate.norm":
  720,001 ±(99.9%) 0,001 B/op [Average]
  (min, avg, max) = (720,001, 720,001, 720,001), stdev = 0,001
  CI (99.9%): [720,001, 720,001] (assumes normal distribution)

Secondary result "org.apache.jmeter.protocol.http.sampler.HeaderCaptureBenchmark.capture:gc.count":
  123,000 ±(99.9%) 0,001 counts [Sum]
  (min, avg, max) = (14,000, 15,375, 16,000), stdev = 0,744
  CI (99.9%): [123,000, 123,000] (assumes normal distribution)

Secondary result "org.apache.jmeter.protocol.http.sampler.HeaderCaptureBenchmark.capture:gc.time":
  98,000 ±(99.9%) 0,001 ms [Sum]
  (min, avg, max) = (11,000, 12,250, 13,000), stdev = 0,886
  CI (99.9%): [98,000, 98,000] (assumes normal distribution)

Secondary result "org.apache.jmeter.protocol.http.sampler.HeaderCaptureBenchmark.capture:process.cpu":
  84,046 ±(99.9%) 6,737 ns/op [Average]
  (min, avg, max) = (79,372, 84,046, 88,313), stdev = 3,524
  CI (99.9%): [77,309, 90,783] (assumes normal distribution)


# JMH version: 1.37
# VM version: JDK 21.0.5, Java HotSpot(TM) 64-Bit Server VM, 21.0.5+9-LTS-239
# VM invoker: /Library/Java/JavaVirtualMachines/jdk-21.jdk/Contents/Home/bin/java
# VM options: -Djdk.net.hosts.file=/etc/hosts -Xms512m -Xmx512m -Djdk.net.hosts.file=/etc/hosts
# Blackhole mode: compiler (auto-detected, use -Djmh.blackhole.autoDetect=false to disable)
# Warmup: 3 iterations, 500 ms each
# Measurement: 4 iterations, 500 ms each
# Timeout: 10 min per iteration
# Threads: 1 thread, will synchronize iterations
# Benchmark mode: Average time, time/op
# Benchmark: org.apache.jmeter.protocol.http.sampler.HeaderCaptureBenchmark.capture
# Parameters: (deferred = true, protocol = h2, readers = unread, totalBytes = 1600)

# Run progress: 77,78% complete, ETA 00:01:01
# Fork: 1 of 2
# Warmup Iteration   1: 2026-09-12T07:35:26.152138Z org.apache.jmeter.protocol.http.sampler.HeaderCaptureBenchmark.capture-jmh-worker-1 ERROR Error processing element GuiLogEvent ([Appenders: null]): CLASS_NOT_FOUND
2026-09-12T07:35:26.176092Z org.apache.jmeter.protocol.http.sampler.HeaderCaptureBenchmark.capture-jmh-worker-1 ERROR Unable to locate appender "gui-log-event" for logger config "root"
172,785 ns/op
# Warmup Iteration   2: 150,401 ns/op
# Warmup Iteration   3: 147,676 ns/op
Iteration   1: 144,026 ns/op
                 gc.alloc.rate:      6672,660 MB/sec
                 gc.alloc.rate.norm: 1008,002 B/op
                 gc.count:           11,000 counts
                 gc.time:            9,000 ms
                 process.cpu:        156,013 ns/op

Iteration   2: 145,341 ns/op
                 gc.alloc.rate:      6612,607 MB/sec
                 gc.alloc.rate.norm: 1008,002 B/op
                 gc.count:           11,000 counts
                 gc.time:            8,000 ms
                 process.cpu:        157,858 ns/op

Iteration   3: 145,545 ns/op
                 gc.alloc.rate:      6602,938 MB/sec
                 gc.alloc.rate.norm: 1008,002 B/op
                 gc.count:           11,000 counts
                 gc.time:            9,000 ms
                 process.cpu:        157,682 ns/op

Iteration   4: 148,433 ns/op
                 gc.alloc.rate:      6474,662 MB/sec
                 gc.alloc.rate.norm: 1008,002 B/op
                 gc.count:           10,000 counts
                 gc.time:            8,000 ms
                 process.cpu:        162,076 ns/op


# Run progress: 79,17% complete, ETA 00:00:58
# Fork: 2 of 2
# Warmup Iteration   1: 2026-09-12T07:35:29.977007Z org.apache.jmeter.protocol.http.sampler.HeaderCaptureBenchmark.capture-jmh-worker-1 ERROR Error processing element GuiLogEvent ([Appenders: null]): CLASS_NOT_FOUND
2026-09-12T07:35:30.002987Z org.apache.jmeter.protocol.http.sampler.HeaderCaptureBenchmark.capture-jmh-worker-1 ERROR Unable to locate appender "gui-log-event" for logger config "root"
170,784 ns/op
# Warmup Iteration   2: 146,216 ns/op
# Warmup Iteration   3: 146,120 ns/op
Iteration   1: 150,034 ns/op
                 gc.alloc.rate:      6404,447 MB/sec
                 gc.alloc.rate.norm: 1008,002 B/op
                 gc.count:           11,000 counts
                 gc.time:            8,000 ms
                 process.cpu:        164,732 ns/op

Iteration   2: 147,717 ns/op
                 gc.alloc.rate:      6505,952 MB/sec
                 gc.alloc.rate.norm: 1008,002 B/op
                 gc.count:           11,000 counts
                 gc.time:            10,000 ms
                 process.cpu:        160,934 ns/op

Iteration   3: 145,220 ns/op
                 gc.alloc.rate:      6617,867 MB/sec
                 gc.alloc.rate.norm: 1008,002 B/op
                 gc.count:           11,000 counts
                 gc.time:            8,000 ms
                 process.cpu:        157,428 ns/op

Iteration   4: 144,974 ns/op
                 gc.alloc.rate:      6629,201 MB/sec
                 gc.alloc.rate.norm: 1008,002 B/op
                 gc.count:           11,000 counts
                 gc.time:            9,000 ms
                 process.cpu:        158,361 ns/op



Result "org.apache.jmeter.protocol.http.sampler.HeaderCaptureBenchmark.capture":
  146,411 ±(99.9%) 3,957 ns/op [Average]
  (min, avg, max) = (144,026, 146,411, 150,034), stdev = 2,070
  CI (99.9%): [142,454, 150,369] (assumes normal distribution)

Secondary result "org.apache.jmeter.protocol.http.sampler.HeaderCaptureBenchmark.capture:gc.alloc.rate":
  6565,042 ±(99.9%) 176,479 MB/sec [Average]
  (min, avg, max) = (6404,447, 6565,042, 6672,660), stdev = 92,302
  CI (99.9%): [6388,562, 6741,521] (assumes normal distribution)

Secondary result "org.apache.jmeter.protocol.http.sampler.HeaderCaptureBenchmark.capture:gc.alloc.rate.norm":
  1008,002 ±(99.9%) 0,001 B/op [Average]
  (min, avg, max) = (1008,002, 1008,002, 1008,002), stdev = 0,001
  CI (99.9%): [1008,002, 1008,002] (assumes normal distribution)

Secondary result "org.apache.jmeter.protocol.http.sampler.HeaderCaptureBenchmark.capture:gc.count":
  87,000 ±(99.9%) 0,001 counts [Sum]
  (min, avg, max) = (10,000, 10,875, 11,000), stdev = 0,354
  CI (99.9%): [87,000, 87,000] (assumes normal distribution)

Secondary result "org.apache.jmeter.protocol.http.sampler.HeaderCaptureBenchmark.capture:gc.time":
  69,000 ±(99.9%) 0,001 ms [Sum]
  (min, avg, max) = (8,000, 8,625, 10,000), stdev = 0,744
  CI (99.9%): [69,000, 69,000] (assumes normal distribution)

Secondary result "org.apache.jmeter.protocol.http.sampler.HeaderCaptureBenchmark.capture:process.cpu":
  159,385 ±(99.9%) 5,584 ns/op [Average]
  (min, avg, max) = (156,013, 159,385, 164,732), stdev = 2,921
  CI (99.9%): [153,801, 164,970] (assumes normal distribution)


# JMH version: 1.37
# VM version: JDK 21.0.5, Java HotSpot(TM) 64-Bit Server VM, 21.0.5+9-LTS-239
# VM invoker: /Library/Java/JavaVirtualMachines/jdk-21.jdk/Contents/Home/bin/java
# VM options: -Djdk.net.hosts.file=/etc/hosts -Xms512m -Xmx512m -Djdk.net.hosts.file=/etc/hosts
# Blackhole mode: compiler (auto-detected, use -Djmh.blackhole.autoDetect=false to disable)
# Warmup: 3 iterations, 500 ms each
# Measurement: 4 iterations, 500 ms each
# Timeout: 10 min per iteration
# Threads: 1 thread, will synchronize iterations
# Benchmark mode: Average time, time/op
# Benchmark: org.apache.jmeter.protocol.http.sampler.HeaderCaptureBenchmark.capture
# Parameters: (deferred = true, protocol = h2, readers = unread, totalBytes = 8192)

# Run progress: 80,56% complete, ETA 00:00:54
# Fork: 1 of 2
# Warmup Iteration   1: 2026-09-12T07:35:33.824766Z org.apache.jmeter.protocol.http.sampler.HeaderCaptureBenchmark.capture-jmh-worker-1 ERROR Error processing element GuiLogEvent ([Appenders: null]): CLASS_NOT_FOUND
2026-09-12T07:35:33.850089Z org.apache.jmeter.protocol.http.sampler.HeaderCaptureBenchmark.capture-jmh-worker-1 ERROR Unable to locate appender "gui-log-event" for logger config "root"
174,592 ns/op
# Warmup Iteration   2: 149,638 ns/op
# Warmup Iteration   3: 148,518 ns/op
Iteration   1: 146,915 ns/op
                 gc.alloc.rate:      6541,376 MB/sec
                 gc.alloc.rate.norm: 1008,002 B/op
                 gc.count:           10,000 counts
                 gc.time:            8,000 ms
                 process.cpu:        161,662 ns/op

Iteration   2: 147,074 ns/op
                 gc.alloc.rate:      6534,593 MB/sec
                 gc.alloc.rate.norm: 1008,002 B/op
                 gc.count:           11,000 counts
                 gc.time:            9,000 ms
                 process.cpu:        160,601 ns/op

Iteration   3: 145,546 ns/op
                 gc.alloc.rate:      6603,009 MB/sec
                 gc.alloc.rate.norm: 1008,002 B/op
                 gc.count:           11,000 counts
                 gc.time:            8,000 ms
                 process.cpu:        157,271 ns/op

Iteration   4: 146,780 ns/op
                 gc.alloc.rate:      6547,535 MB/sec
                 gc.alloc.rate.norm: 1008,002 B/op
                 gc.count:           11,000 counts
                 gc.time:            9,000 ms
                 process.cpu:        160,506 ns/op


# Run progress: 81,94% complete, ETA 00:00:50
# Fork: 2 of 2
# Warmup Iteration   1: 2026-09-12T07:35:37.670840Z org.apache.jmeter.protocol.http.sampler.HeaderCaptureBenchmark.capture-jmh-worker-1 ERROR Error processing element GuiLogEvent ([Appenders: null]): CLASS_NOT_FOUND
2026-09-12T07:35:37.697337Z org.apache.jmeter.protocol.http.sampler.HeaderCaptureBenchmark.capture-jmh-worker-1 ERROR Unable to locate appender "gui-log-event" for logger config "root"
167,783 ns/op
# Warmup Iteration   2: 145,464 ns/op
# Warmup Iteration   3: 143,412 ns/op
Iteration   1: 146,321 ns/op
                 gc.alloc.rate:      6568,209 MB/sec
                 gc.alloc.rate.norm: 1008,002 B/op
                 gc.count:           11,000 counts
                 gc.time:            9,000 ms
                 process.cpu:        160,013 ns/op

Iteration   2: 143,803 ns/op
                 gc.alloc.rate:      6683,215 MB/sec
                 gc.alloc.rate.norm: 1008,002 B/op
                 gc.count:           11,000 counts
                 gc.time:            8,000 ms
                 process.cpu:        154,784 ns/op

Iteration   3: 144,740 ns/op
                 gc.alloc.rate:      6639,990 MB/sec
                 gc.alloc.rate.norm: 1008,002 B/op
                 gc.count:           11,000 counts
                 gc.time:            9,000 ms
                 process.cpu:        158,551 ns/op

Iteration   4: 142,344 ns/op
                 gc.alloc.rate:      6751,712 MB/sec
                 gc.alloc.rate.norm: 1008,002 B/op
                 gc.count:           11,000 counts
                 gc.time:            9,000 ms
                 process.cpu:        154,198 ns/op



Result "org.apache.jmeter.protocol.http.sampler.HeaderCaptureBenchmark.capture":
  145,440 ±(99.9%) 3,247 ns/op [Average]
  (min, avg, max) = (142,344, 145,440, 147,074), stdev = 1,698
  CI (99.9%): [142,193, 148,687] (assumes normal distribution)

Secondary result "org.apache.jmeter.protocol.http.sampler.HeaderCaptureBenchmark.capture:gc.alloc.rate":
  6608,705 ±(99.9%) 148,842 MB/sec [Average]
  (min, avg, max) = (6534,593, 6608,705, 6751,712), stdev = 77,847
  CI (99.9%): [6459,863, 6757,547] (assumes normal distribution)

Secondary result "org.apache.jmeter.protocol.http.sampler.HeaderCaptureBenchmark.capture:gc.alloc.rate.norm":
  1008,002 ±(99.9%) 0,001 B/op [Average]
  (min, avg, max) = (1008,002, 1008,002, 1008,002), stdev = 0,001
  CI (99.9%): [1008,002, 1008,002] (assumes normal distribution)

Secondary result "org.apache.jmeter.protocol.http.sampler.HeaderCaptureBenchmark.capture:gc.count":
  87,000 ±(99.9%) 0,001 counts [Sum]
  (min, avg, max) = (10,000, 10,875, 11,000), stdev = 0,354
  CI (99.9%): [87,000, 87,000] (assumes normal distribution)

Secondary result "org.apache.jmeter.protocol.http.sampler.HeaderCaptureBenchmark.capture:gc.time":
  69,000 ±(99.9%) 0,001 ms [Sum]
  (min, avg, max) = (8,000, 8,625, 9,000), stdev = 0,518
  CI (99.9%): [69,000, 69,000] (assumes normal distribution)

Secondary result "org.apache.jmeter.protocol.http.sampler.HeaderCaptureBenchmark.capture:process.cpu":
  158,448 ±(99.9%) 5,337 ns/op [Average]
  (min, avg, max) = (154,198, 158,448, 161,662), stdev = 2,791
  CI (99.9%): [153,111, 163,785] (assumes normal distribution)


# JMH version: 1.37
# VM version: JDK 21.0.5, Java HotSpot(TM) 64-Bit Server VM, 21.0.5+9-LTS-239
# VM invoker: /Library/Java/JavaVirtualMachines/jdk-21.jdk/Contents/Home/bin/java
# VM options: -Djdk.net.hosts.file=/etc/hosts -Xms512m -Xmx512m -Djdk.net.hosts.file=/etc/hosts
# Blackhole mode: compiler (auto-detected, use -Djmh.blackhole.autoDetect=false to disable)
# Warmup: 3 iterations, 500 ms each
# Measurement: 4 iterations, 500 ms each
# Timeout: 10 min per iteration
# Threads: 1 thread, will synchronize iterations
# Benchmark mode: Average time, time/op
# Benchmark: org.apache.jmeter.protocol.http.sampler.HeaderCaptureBenchmark.capture
# Parameters: (deferred = true, protocol = h2, readers = both50, totalBytes = 400)

# Run progress: 83,33% complete, ETA 00:00:46
# Fork: 1 of 2
# Warmup Iteration   1: 2026-09-12T07:35:41.486958Z org.apache.jmeter.protocol.http.sampler.HeaderCaptureBenchmark.capture-jmh-worker-1 ERROR Error processing element GuiLogEvent ([Appenders: null]): CLASS_NOT_FOUND
2026-09-12T07:35:41.512550Z org.apache.jmeter.protocol.http.sampler.HeaderCaptureBenchmark.capture-jmh-worker-1 ERROR Unable to locate appender "gui-log-event" for logger config "root"
152,277 ns/op
# Warmup Iteration   2: 120,056 ns/op
# Warmup Iteration   3: 116,734 ns/op
Iteration   1: 116,196 ns/op
                 gc.alloc.rate:      9058,774 MB/sec
                 gc.alloc.rate.norm: 1104,002 B/op
                 gc.count:           15,000 counts
                 gc.time:            11,000 ms
                 process.cpu:        129,262 ns/op

Iteration   2: 115,806 ns/op
                 gc.alloc.rate:      9089,462 MB/sec
                 gc.alloc.rate.norm: 1104,001 B/op
                 gc.count:           15,000 counts
                 gc.time:            11,000 ms
                 process.cpu:        128,602 ns/op

Iteration   3: 116,821 ns/op
                 gc.alloc.rate:      9010,134 MB/sec
                 gc.alloc.rate.norm: 1104,002 B/op
                 gc.count:           15,000 counts
                 gc.time:            12,000 ms
                 process.cpu:        130,840 ns/op

Iteration   4: 115,692 ns/op
                 gc.alloc.rate:      9097,769 MB/sec
                 gc.alloc.rate.norm: 1104,002 B/op
                 gc.count:           15,000 counts
                 gc.time:            12,000 ms
                 process.cpu:        128,856 ns/op


# Run progress: 84,72% complete, ETA 00:00:42
# Fork: 2 of 2
# Warmup Iteration   1: 2026-09-12T07:35:45.325239Z org.apache.jmeter.protocol.http.sampler.HeaderCaptureBenchmark.capture-jmh-worker-1 ERROR Error processing element GuiLogEvent ([Appenders: null]): CLASS_NOT_FOUND
2026-09-12T07:35:45.351233Z org.apache.jmeter.protocol.http.sampler.HeaderCaptureBenchmark.capture-jmh-worker-1 ERROR Unable to locate appender "gui-log-event" for logger config "root"
134,196 ns/op
# Warmup Iteration   2: 113,469 ns/op
# Warmup Iteration   3: 116,958 ns/op
Iteration   1: 115,273 ns/op
                 gc.alloc.rate:      9130,090 MB/sec
                 gc.alloc.rate.norm: 1104,002 B/op
                 gc.count:           15,000 counts
                 gc.time:            12,000 ms
                 process.cpu:        131,511 ns/op

Iteration   2: 119,186 ns/op
                 gc.alloc.rate:      8830,894 MB/sec
                 gc.alloc.rate.norm: 1104,002 B/op
                 gc.count:           15,000 counts
                 gc.time:            13,000 ms
                 process.cpu:        133,992 ns/op

Iteration   3: 113,493 ns/op
                 gc.alloc.rate:      9274,527 MB/sec
                 gc.alloc.rate.norm: 1104,002 B/op
                 gc.count:           15,000 counts
                 gc.time:            12,000 ms
                 process.cpu:        128,185 ns/op

Iteration   4: 113,373 ns/op
                 gc.alloc.rate:      9284,383 MB/sec
                 gc.alloc.rate.norm: 1104,002 B/op
                 gc.count:           16,000 counts
                 gc.time:            12,000 ms
                 process.cpu:        128,790 ns/op



Result "org.apache.jmeter.protocol.http.sampler.HeaderCaptureBenchmark.capture":
  115,730 ±(99.9%) 3,550 ns/op [Average]
  (min, avg, max) = (113,373, 115,730, 119,186), stdev = 1,857
  CI (99.9%): [112,180, 119,280] (assumes normal distribution)

Secondary result "org.apache.jmeter.protocol.http.sampler.HeaderCaptureBenchmark.capture:gc.alloc.rate":
  9097,004 ±(99.9%) 277,636 MB/sec [Average]
  (min, avg, max) = (8830,894, 9097,004, 9284,383), stdev = 145,209
  CI (99.9%): [8819,368, 9374,641] (assumes normal distribution)

Secondary result "org.apache.jmeter.protocol.http.sampler.HeaderCaptureBenchmark.capture:gc.alloc.rate.norm":
  1104,002 ±(99.9%) 0,001 B/op [Average]
  (min, avg, max) = (1104,001, 1104,002, 1104,002), stdev = 0,001
  CI (99.9%): [1104,001, 1104,002] (assumes normal distribution)

Secondary result "org.apache.jmeter.protocol.http.sampler.HeaderCaptureBenchmark.capture:gc.count":
  121,000 ±(99.9%) 0,001 counts [Sum]
  (min, avg, max) = (15,000, 15,125, 16,000), stdev = 0,354
  CI (99.9%): [121,000, 121,000] (assumes normal distribution)

Secondary result "org.apache.jmeter.protocol.http.sampler.HeaderCaptureBenchmark.capture:gc.time":
  95,000 ±(99.9%) 0,001 ms [Sum]
  (min, avg, max) = (11,000, 11,875, 13,000), stdev = 0,641
  CI (99.9%): [95,000, 95,000] (assumes normal distribution)

Secondary result "org.apache.jmeter.protocol.http.sampler.HeaderCaptureBenchmark.capture:process.cpu":
  130,005 ±(99.9%) 3,789 ns/op [Average]
  (min, avg, max) = (128,185, 130,005, 133,992), stdev = 1,982
  CI (99.9%): [126,216, 133,794] (assumes normal distribution)


# JMH version: 1.37
# VM version: JDK 21.0.5, Java HotSpot(TM) 64-Bit Server VM, 21.0.5+9-LTS-239
# VM invoker: /Library/Java/JavaVirtualMachines/jdk-21.jdk/Contents/Home/bin/java
# VM options: -Djdk.net.hosts.file=/etc/hosts -Xms512m -Xmx512m -Djdk.net.hosts.file=/etc/hosts
# Blackhole mode: compiler (auto-detected, use -Djmh.blackhole.autoDetect=false to disable)
# Warmup: 3 iterations, 500 ms each
# Measurement: 4 iterations, 500 ms each
# Timeout: 10 min per iteration
# Threads: 1 thread, will synchronize iterations
# Benchmark mode: Average time, time/op
# Benchmark: org.apache.jmeter.protocol.http.sampler.HeaderCaptureBenchmark.capture
# Parameters: (deferred = true, protocol = h2, readers = both50, totalBytes = 1600)

# Run progress: 86,11% complete, ETA 00:00:38
# Fork: 1 of 2
# Warmup Iteration   1: 2026-09-12T07:35:49.165963Z org.apache.jmeter.protocol.http.sampler.HeaderCaptureBenchmark.capture-jmh-worker-1 ERROR Error processing element GuiLogEvent ([Appenders: null]): CLASS_NOT_FOUND
2026-09-12T07:35:49.190060Z org.apache.jmeter.protocol.http.sampler.HeaderCaptureBenchmark.capture-jmh-worker-1 ERROR Unable to locate appender "gui-log-event" for logger config "root"
377,433 ns/op
# Warmup Iteration   2: 312,243 ns/op
# Warmup Iteration   3: 312,320 ns/op
Iteration   1: 315,971 ns/op
                 gc.alloc.rate:      6903,462 MB/sec
                 gc.alloc.rate.norm: 2288,004 B/op
                 gc.count:           11,000 counts
                 gc.time:            10,000 ms
                 process.cpu:        344,316 ns/op

Iteration   2: 315,524 ns/op
                 gc.alloc.rate:      6913,769 MB/sec
                 gc.alloc.rate.norm: 2288,005 B/op
                 gc.count:           12,000 counts
                 gc.time:            9,000 ms
                 process.cpu:        347,928 ns/op

Iteration   3: 313,727 ns/op
                 gc.alloc.rate:      6952,519 MB/sec
                 gc.alloc.rate.norm: 2288,005 B/op
                 gc.count:           11,000 counts
                 gc.time:            9,000 ms
                 process.cpu:        346,354 ns/op

Iteration   4: 312,519 ns/op
                 gc.alloc.rate:      6980,132 MB/sec
                 gc.alloc.rate.norm: 2288,003 B/op
                 gc.count:           12,000 counts
                 gc.time:            10,000 ms
                 process.cpu:        343,878 ns/op


# Run progress: 87,50% complete, ETA 00:00:34
# Fork: 2 of 2
# Warmup Iteration   1: 2026-09-12T07:35:53.025462Z org.apache.jmeter.protocol.http.sampler.HeaderCaptureBenchmark.capture-jmh-worker-1 ERROR Error processing element GuiLogEvent ([Appenders: null]): CLASS_NOT_FOUND
2026-09-12T07:35:53.056788Z org.apache.jmeter.protocol.http.sampler.HeaderCaptureBenchmark.capture-jmh-worker-1 ERROR Unable to locate appender "gui-log-event" for logger config "root"
361,301 ns/op
# Warmup Iteration   2: 312,624 ns/op
# Warmup Iteration   3: 309,682 ns/op
Iteration   1: 305,290 ns/op
                 gc.alloc.rate:      7145,457 MB/sec
                 gc.alloc.rate.norm: 2288,005 B/op
                 gc.count:           11,000 counts
                 gc.time:            9,000 ms
                 process.cpu:        330,651 ns/op

Iteration   2: 308,383 ns/op
                 gc.alloc.rate:      7073,897 MB/sec
                 gc.alloc.rate.norm: 2288,004 B/op
                 gc.count:           12,000 counts
                 gc.time:            9,000 ms
                 process.cpu:        336,043 ns/op

Iteration   3: 307,358 ns/op
                 gc.alloc.rate:      7097,382 MB/sec
                 gc.alloc.rate.norm: 2288,004 B/op
                 gc.count:           12,000 counts
                 gc.time:            9,000 ms
                 process.cpu:        335,648 ns/op

Iteration   4: 308,932 ns/op
                 gc.alloc.rate:      7061,240 MB/sec
                 gc.alloc.rate.norm: 2288,004 B/op
                 gc.count:           11,000 counts
                 gc.time:            8,000 ms
                 process.cpu:        337,593 ns/op



Result "org.apache.jmeter.protocol.http.sampler.HeaderCaptureBenchmark.capture":
  310,963 ±(99.9%) 7,644 ns/op [Average]
  (min, avg, max) = (305,290, 310,963, 315,971), stdev = 3,998
  CI (99.9%): [303,319, 318,607] (assumes normal distribution)

Secondary result "org.apache.jmeter.protocol.http.sampler.HeaderCaptureBenchmark.capture:gc.alloc.rate":
  7015,982 ±(99.9%) 172,855 MB/sec [Average]
  (min, avg, max) = (6903,462, 7015,982, 7145,457), stdev = 90,406
  CI (99.9%): [6843,127, 7188,837] (assumes normal distribution)

Secondary result "org.apache.jmeter.protocol.http.sampler.HeaderCaptureBenchmark.capture:gc.alloc.rate.norm":
  2288,004 ±(99.9%) 0,002 B/op [Average]
  (min, avg, max) = (2288,003, 2288,004, 2288,005), stdev = 0,001
  CI (99.9%): [2288,003, 2288,006] (assumes normal distribution)

Secondary result "org.apache.jmeter.protocol.http.sampler.HeaderCaptureBenchmark.capture:gc.count":
  92,000 ±(99.9%) 0,001 counts [Sum]
  (min, avg, max) = (11,000, 11,500, 12,000), stdev = 0,535
  CI (99.9%): [92,000, 92,000] (assumes normal distribution)

Secondary result "org.apache.jmeter.protocol.http.sampler.HeaderCaptureBenchmark.capture:gc.time":
  73,000 ±(99.9%) 0,001 ms [Sum]
  (min, avg, max) = (8,000, 9,125, 10,000), stdev = 0,641
  CI (99.9%): [73,000, 73,000] (assumes normal distribution)

Secondary result "org.apache.jmeter.protocol.http.sampler.HeaderCaptureBenchmark.capture:process.cpu":
  340,301 ±(99.9%) 11,741 ns/op [Average]
  (min, avg, max) = (330,651, 340,301, 347,928), stdev = 6,141
  CI (99.9%): [328,560, 352,042] (assumes normal distribution)


# JMH version: 1.37
# VM version: JDK 21.0.5, Java HotSpot(TM) 64-Bit Server VM, 21.0.5+9-LTS-239
# VM invoker: /Library/Java/JavaVirtualMachines/jdk-21.jdk/Contents/Home/bin/java
# VM options: -Djdk.net.hosts.file=/etc/hosts -Xms512m -Xmx512m -Djdk.net.hosts.file=/etc/hosts
# Blackhole mode: compiler (auto-detected, use -Djmh.blackhole.autoDetect=false to disable)
# Warmup: 3 iterations, 500 ms each
# Measurement: 4 iterations, 500 ms each
# Timeout: 10 min per iteration
# Threads: 1 thread, will synchronize iterations
# Benchmark mode: Average time, time/op
# Benchmark: org.apache.jmeter.protocol.http.sampler.HeaderCaptureBenchmark.capture
# Parameters: (deferred = true, protocol = h2, readers = both50, totalBytes = 8192)

# Run progress: 88,89% complete, ETA 00:00:30
# Fork: 1 of 2
# Warmup Iteration   1: 2026-09-12T07:35:56.859781Z org.apache.jmeter.protocol.http.sampler.HeaderCaptureBenchmark.capture-jmh-worker-1 ERROR Error processing element GuiLogEvent ([Appenders: null]): CLASS_NOT_FOUND
2026-09-12T07:35:56.884930Z org.apache.jmeter.protocol.http.sampler.HeaderCaptureBenchmark.capture-jmh-worker-1 ERROR Unable to locate appender "gui-log-event" for logger config "root"
523,382 ns/op
# Warmup Iteration   2: 460,851 ns/op
# Warmup Iteration   3: 451,780 ns/op
Iteration   1: 447,305 ns/op
                 gc.alloc.rate:      15413,654 MB/sec
                 gc.alloc.rate.norm: 7232,006 B/op
                 gc.count:           25,000 counts
                 gc.time:            20,000 ms
                 process.cpu:        531,967 ns/op

Iteration   2: 550,934 ns/op
                 gc.alloc.rate:      12514,669 MB/sec
                 gc.alloc.rate.norm: 7232,001 B/op
                 gc.count:           21,000 counts
                 gc.time:            20,000 ms
                 process.cpu:        585,076 ns/op

Iteration   3: 449,159 ns/op
                 gc.alloc.rate:      15350,102 MB/sec
                 gc.alloc.rate.norm: 7232,001 B/op
                 gc.count:           25,000 counts
                 gc.time:            21,000 ms
                 process.cpu:        555,567 ns/op

Iteration   4: 463,881 ns/op
                 gc.alloc.rate:      14862,752 MB/sec
                 gc.alloc.rate.norm: 7232,012 B/op
                 gc.count:           25,000 counts
                 gc.time:            20,000 ms
                 process.cpu:        543,435 ns/op


# Run progress: 90,28% complete, ETA 00:00:27
# Fork: 2 of 2
# Warmup Iteration   1: 2026-09-12T07:36:00.728336Z org.apache.jmeter.protocol.http.sampler.HeaderCaptureBenchmark.capture-jmh-worker-1 ERROR Error processing element GuiLogEvent ([Appenders: null]): CLASS_NOT_FOUND
2026-09-12T07:36:00.759160Z org.apache.jmeter.protocol.http.sampler.HeaderCaptureBenchmark.capture-jmh-worker-1 ERROR Unable to locate appender "gui-log-event" for logger config "root"
515,260 ns/op
# Warmup Iteration   2: 452,549 ns/op
# Warmup Iteration   3: 453,887 ns/op
Iteration   1: 459,316 ns/op
                 gc.alloc.rate:      15009,612 MB/sec
                 gc.alloc.rate.norm: 7232,007 B/op
                 gc.count:           24,000 counts
                 gc.time:            20,000 ms
                 process.cpu:        559,083 ns/op

Iteration   2: 447,748 ns/op
                 gc.alloc.rate:      15395,539 MB/sec
                 gc.alloc.rate.norm: 7232,006 B/op
                 gc.count:           26,000 counts
                 gc.time:            21,000 ms
                 process.cpu:        548,913 ns/op

Iteration   3: 448,141 ns/op
                 gc.alloc.rate:      15384,831 MB/sec
                 gc.alloc.rate.norm: 7232,006 B/op
                 gc.count:           25,000 counts
                 gc.time:            20,000 ms
                 process.cpu:        539,612 ns/op

Iteration   4: 450,705 ns/op
                 gc.alloc.rate:      15298,442 MB/sec
                 gc.alloc.rate.norm: 7232,006 B/op
                 gc.count:           26,000 counts
                 gc.time:            21,000 ms
                 process.cpu:        555,042 ns/op



Result "org.apache.jmeter.protocol.http.sampler.HeaderCaptureBenchmark.capture":
  464,649 ±(99.9%) 67,666 ns/op [Average]
  (min, avg, max) = (447,305, 464,649, 550,934), stdev = 35,391
  CI (99.9%): [396,982, 532,315] (assumes normal distribution)

Secondary result "org.apache.jmeter.protocol.http.sampler.HeaderCaptureBenchmark.capture:gc.alloc.rate":
  14903,700 ±(99.9%) 1885,697 MB/sec [Average]
  (min, avg, max) = (12514,669, 14903,700, 15413,654), stdev = 986,256
  CI (99.9%): [13018,004, 16789,397] (assumes normal distribution)

Secondary result "org.apache.jmeter.protocol.http.sampler.HeaderCaptureBenchmark.capture:gc.alloc.rate.norm":
  7232,006 ±(99.9%) 0,007 B/op [Average]
  (min, avg, max) = (7232,001, 7232,006, 7232,012), stdev = 0,004
  CI (99.9%): [7231,999, 7232,013] (assumes normal distribution)

Secondary result "org.apache.jmeter.protocol.http.sampler.HeaderCaptureBenchmark.capture:gc.count":
  197,000 ±(99.9%) 0,001 counts [Sum]
  (min, avg, max) = (21,000, 24,625, 26,000), stdev = 1,598
  CI (99.9%): [197,000, 197,000] (assumes normal distribution)

Secondary result "org.apache.jmeter.protocol.http.sampler.HeaderCaptureBenchmark.capture:gc.time":
  163,000 ±(99.9%) 0,001 ms [Sum]
  (min, avg, max) = (20,000, 20,375, 21,000), stdev = 0,518
  CI (99.9%): [163,000, 163,000] (assumes normal distribution)

Secondary result "org.apache.jmeter.protocol.http.sampler.HeaderCaptureBenchmark.capture:process.cpu":
  552,337 ±(99.9%) 30,685 ns/op [Average]
  (min, avg, max) = (531,967, 552,337, 585,076), stdev = 16,049
  CI (99.9%): [521,652, 583,022] (assumes normal distribution)


# JMH version: 1.37
# VM version: JDK 21.0.5, Java HotSpot(TM) 64-Bit Server VM, 21.0.5+9-LTS-239
# VM invoker: /Library/Java/JavaVirtualMachines/jdk-21.jdk/Contents/Home/bin/java
# VM options: -Djdk.net.hosts.file=/etc/hosts -Xms512m -Xmx512m -Djdk.net.hosts.file=/etc/hosts
# Blackhole mode: compiler (auto-detected, use -Djmh.blackhole.autoDetect=false to disable)
# Warmup: 3 iterations, 500 ms each
# Measurement: 4 iterations, 500 ms each
# Timeout: 10 min per iteration
# Threads: 1 thread, will synchronize iterations
# Benchmark mode: Average time, time/op
# Benchmark: org.apache.jmeter.protocol.http.sampler.HeaderCaptureBenchmark.capture
# Parameters: (deferred = true, protocol = h2, readers = both100, totalBytes = 400)

# Run progress: 91,67% complete, ETA 00:00:23
# Fork: 1 of 2
# Warmup Iteration   1: 2026-09-12T07:36:04.598687Z org.apache.jmeter.protocol.http.sampler.HeaderCaptureBenchmark.capture-jmh-worker-1 ERROR Error processing element GuiLogEvent ([Appenders: null]): CLASS_NOT_FOUND
2026-09-12T07:36:04.627352Z org.apache.jmeter.protocol.http.sampler.HeaderCaptureBenchmark.capture-jmh-worker-1 ERROR Unable to locate appender "gui-log-event" for logger config "root"
177,063 ns/op
# Warmup Iteration   2: 156,422 ns/op
# Warmup Iteration   3: 154,162 ns/op
Iteration   1: 153,185 ns/op
                 gc.alloc.rate:      9260,999 MB/sec
                 gc.alloc.rate.norm: 1488,002 B/op
                 gc.count:           15,000 counts
                 gc.time:            13,000 ms
                 process.cpu:        175,212 ns/op

Iteration   2: 155,602 ns/op
                 gc.alloc.rate:      9117,247 MB/sec
                 gc.alloc.rate.norm: 1488,002 B/op
                 gc.count:           15,000 counts
                 gc.time:            12,000 ms
                 process.cpu:        176,770 ns/op

Iteration   3: 155,630 ns/op
                 gc.alloc.rate:      9115,688 MB/sec
                 gc.alloc.rate.norm: 1488,002 B/op
                 gc.count:           15,000 counts
                 gc.time:            12,000 ms
                 process.cpu:        176,557 ns/op

Iteration   4: 152,703 ns/op
                 gc.alloc.rate:      9290,582 MB/sec
                 gc.alloc.rate.norm: 1488,002 B/op
                 gc.count:           15,000 counts
                 gc.time:            12,000 ms
                 process.cpu:        169,142 ns/op


# Run progress: 93,06% complete, ETA 00:00:19
# Fork: 2 of 2
# Warmup Iteration   1: 2026-09-12T07:36:08.435399Z org.apache.jmeter.protocol.http.sampler.HeaderCaptureBenchmark.capture-jmh-worker-1 ERROR Error processing element GuiLogEvent ([Appenders: null]): CLASS_NOT_FOUND
2026-09-12T07:36:08.462018Z org.apache.jmeter.protocol.http.sampler.HeaderCaptureBenchmark.capture-jmh-worker-1 ERROR Unable to locate appender "gui-log-event" for logger config "root"
180,002 ns/op
# Warmup Iteration   2: 158,435 ns/op
# Warmup Iteration   3: 154,302 ns/op
Iteration   1: 156,140 ns/op
                 gc.alloc.rate:      9085,802 MB/sec
                 gc.alloc.rate.norm: 1488,002 B/op
                 gc.count:           15,000 counts
                 gc.time:            12,000 ms
                 process.cpu:        177,402 ns/op

Iteration   2: 157,313 ns/op
                 gc.alloc.rate:      9018,425 MB/sec
                 gc.alloc.rate.norm: 1488,002 B/op
                 gc.count:           15,000 counts
                 gc.time:            12,000 ms
                 process.cpu:        178,955 ns/op

Iteration   3: 155,162 ns/op
                 gc.alloc.rate:      9142,851 MB/sec
                 gc.alloc.rate.norm: 1488,002 B/op
                 gc.count:           15,000 counts
                 gc.time:            12,000 ms
                 process.cpu:        173,558 ns/op

Iteration   4: 157,741 ns/op
                 gc.alloc.rate:      8993,630 MB/sec
                 gc.alloc.rate.norm: 1488,002 B/op
                 gc.count:           15,000 counts
                 gc.time:            12,000 ms
                 process.cpu:        177,775 ns/op



Result "org.apache.jmeter.protocol.http.sampler.HeaderCaptureBenchmark.capture":
  155,434 ±(99.9%) 3,391 ns/op [Average]
  (min, avg, max) = (152,703, 155,434, 157,741), stdev = 1,773
  CI (99.9%): [152,044, 158,825] (assumes normal distribution)

Secondary result "org.apache.jmeter.protocol.http.sampler.HeaderCaptureBenchmark.capture:gc.alloc.rate":
  9128,153 ±(99.9%) 199,815 MB/sec [Average]
  (min, avg, max) = (8993,630, 9128,153, 9290,582), stdev = 104,507
  CI (99.9%): [8928,338, 9327,968] (assumes normal distribution)

Secondary result "org.apache.jmeter.protocol.http.sampler.HeaderCaptureBenchmark.capture:gc.alloc.rate.norm":
  1488,002 ±(99.9%) 0,001 B/op [Average]
  (min, avg, max) = (1488,002, 1488,002, 1488,002), stdev = 0,001
  CI (99.9%): [1488,002, 1488,002] (assumes normal distribution)

Secondary result "org.apache.jmeter.protocol.http.sampler.HeaderCaptureBenchmark.capture:gc.count":
  120,000 ±(99.9%) 0,001 counts [Sum]
  (min, avg, max) = (15,000, 15,000, 15,000), stdev = 0,001
  CI (99.9%): [120,000, 120,000] (assumes normal distribution)

Secondary result "org.apache.jmeter.protocol.http.sampler.HeaderCaptureBenchmark.capture:gc.time":
  97,000 ±(99.9%) 0,001 ms [Sum]
  (min, avg, max) = (12,000, 12,125, 13,000), stdev = 0,354
  CI (99.9%): [97,000, 97,000] (assumes normal distribution)

Secondary result "org.apache.jmeter.protocol.http.sampler.HeaderCaptureBenchmark.capture:process.cpu":
  175,671 ±(99.9%) 5,937 ns/op [Average]
  (min, avg, max) = (169,142, 175,671, 178,955), stdev = 3,105
  CI (99.9%): [169,734, 181,609] (assumes normal distribution)


# JMH version: 1.37
# VM version: JDK 21.0.5, Java HotSpot(TM) 64-Bit Server VM, 21.0.5+9-LTS-239
# VM invoker: /Library/Java/JavaVirtualMachines/jdk-21.jdk/Contents/Home/bin/java
# VM options: -Djdk.net.hosts.file=/etc/hosts -Xms512m -Xmx512m -Djdk.net.hosts.file=/etc/hosts
# Blackhole mode: compiler (auto-detected, use -Djmh.blackhole.autoDetect=false to disable)
# Warmup: 3 iterations, 500 ms each
# Measurement: 4 iterations, 500 ms each
# Timeout: 10 min per iteration
# Threads: 1 thread, will synchronize iterations
# Benchmark mode: Average time, time/op
# Benchmark: org.apache.jmeter.protocol.http.sampler.HeaderCaptureBenchmark.capture
# Parameters: (deferred = true, protocol = h2, readers = both100, totalBytes = 1600)

# Run progress: 94,44% complete, ETA 00:00:15
# Fork: 1 of 2
# Warmup Iteration   1: 2026-09-12T07:36:12.302941Z org.apache.jmeter.protocol.http.sampler.HeaderCaptureBenchmark.capture-jmh-worker-1 ERROR Error processing element GuiLogEvent ([Appenders: null]): CLASS_NOT_FOUND
2026-09-12T07:36:12.332361Z org.apache.jmeter.protocol.http.sampler.HeaderCaptureBenchmark.capture-jmh-worker-1 ERROR Unable to locate appender "gui-log-event" for logger config "root"
560,200 ns/op
# Warmup Iteration   2: 462,631 ns/op
# Warmup Iteration   3: 467,857 ns/op
Iteration   1: 462,619 ns/op
                 gc.alloc.rate:      7353,476 MB/sec
                 gc.alloc.rate.norm: 3568,007 B/op
                 gc.count:           13,000 counts
                 gc.time:            10,000 ms
                 process.cpu:        508,047 ns/op

Iteration   2: 469,106 ns/op
                 gc.alloc.rate:      7251,890 MB/sec
                 gc.alloc.rate.norm: 3568,007 B/op
                 gc.count:           12,000 counts
                 gc.time:            10,000 ms
                 process.cpu:        515,242 ns/op

Iteration   3: 464,988 ns/op
                 gc.alloc.rate:      7315,712 MB/sec
                 gc.alloc.rate.norm: 3568,007 B/op
                 gc.count:           12,000 counts
                 gc.time:            10,000 ms
                 process.cpu:        520,709 ns/op

Iteration   4: 462,378 ns/op
                 gc.alloc.rate:      7357,005 MB/sec
                 gc.alloc.rate.norm: 3568,007 B/op
                 gc.count:           12,000 counts
                 gc.time:            10,000 ms
                 process.cpu:        509,821 ns/op


# Run progress: 95,83% complete, ETA 00:00:11
# Fork: 2 of 2
# Warmup Iteration   1: 2026-09-12T07:36:16.164417Z org.apache.jmeter.protocol.http.sampler.HeaderCaptureBenchmark.capture-jmh-worker-1 ERROR Error processing element GuiLogEvent ([Appenders: null]): CLASS_NOT_FOUND
2026-09-12T07:36:16.194707Z org.apache.jmeter.protocol.http.sampler.HeaderCaptureBenchmark.capture-jmh-worker-1 ERROR Unable to locate appender "gui-log-event" for logger config "root"
562,937 ns/op
# Warmup Iteration   2: 490,006 ns/op
# Warmup Iteration   3: 468,378 ns/op
Iteration   1: 468,346 ns/op
                 gc.alloc.rate:      7263,035 MB/sec
                 gc.alloc.rate.norm: 3568,007 B/op
                 gc.count:           12,000 counts
                 gc.time:            9,000 ms
                 process.cpu:        516,801 ns/op

Iteration   2: 469,788 ns/op
                 gc.alloc.rate:      7240,677 MB/sec
                 gc.alloc.rate.norm: 3568,007 B/op
                 gc.count:           12,000 counts
                 gc.time:            10,000 ms
                 process.cpu:        520,357 ns/op

Iteration   3: 466,129 ns/op
                 gc.alloc.rate:      7297,716 MB/sec
                 gc.alloc.rate.norm: 3568,007 B/op
                 gc.count:           12,000 counts
                 gc.time:            9,000 ms
                 process.cpu:        514,630 ns/op

Iteration   4: 465,939 ns/op
                 gc.alloc.rate:      7300,957 MB/sec
                 gc.alloc.rate.norm: 3568,007 B/op
                 gc.count:           12,000 counts
                 gc.time:            10,000 ms
                 process.cpu:        514,433 ns/op



Result "org.apache.jmeter.protocol.http.sampler.HeaderCaptureBenchmark.capture":
  466,162 ±(99.9%) 5,354 ns/op [Average]
  (min, avg, max) = (462,378, 466,162, 469,788), stdev = 2,800
  CI (99.9%): [460,807, 471,516] (assumes normal distribution)

Secondary result "org.apache.jmeter.protocol.http.sampler.HeaderCaptureBenchmark.capture:gc.alloc.rate":
  7297,559 ±(99.9%) 84,011 MB/sec [Average]
  (min, avg, max) = (7240,677, 7297,559, 7357,005), stdev = 43,940
  CI (99.9%): [7213,547, 7381,570] (assumes normal distribution)

Secondary result "org.apache.jmeter.protocol.http.sampler.HeaderCaptureBenchmark.capture:gc.alloc.rate.norm":
  3568,007 ±(99.9%) 0,001 B/op [Average]
  (min, avg, max) = (3568,007, 3568,007, 3568,007), stdev = 0,001
  CI (99.9%): [3568,007, 3568,007] (assumes normal distribution)

Secondary result "org.apache.jmeter.protocol.http.sampler.HeaderCaptureBenchmark.capture:gc.count":
  97,000 ±(99.9%) 0,001 counts [Sum]
  (min, avg, max) = (12,000, 12,125, 13,000), stdev = 0,354
  CI (99.9%): [97,000, 97,000] (assumes normal distribution)

Secondary result "org.apache.jmeter.protocol.http.sampler.HeaderCaptureBenchmark.capture:gc.time":
  78,000 ±(99.9%) 0,001 ms [Sum]
  (min, avg, max) = (9,000, 9,750, 10,000), stdev = 0,463
  CI (99.9%): [78,000, 78,000] (assumes normal distribution)

Secondary result "org.apache.jmeter.protocol.http.sampler.HeaderCaptureBenchmark.capture:process.cpu":
  515,005 ±(99.9%) 8,557 ns/op [Average]
  (min, avg, max) = (508,047, 515,005, 520,709), stdev = 4,476
  CI (99.9%): [506,448, 523,562] (assumes normal distribution)


# JMH version: 1.37
# VM version: JDK 21.0.5, Java HotSpot(TM) 64-Bit Server VM, 21.0.5+9-LTS-239
# VM invoker: /Library/Java/JavaVirtualMachines/jdk-21.jdk/Contents/Home/bin/java
# VM options: -Djdk.net.hosts.file=/etc/hosts -Xms512m -Xmx512m -Djdk.net.hosts.file=/etc/hosts
# Blackhole mode: compiler (auto-detected, use -Djmh.blackhole.autoDetect=false to disable)
# Warmup: 3 iterations, 500 ms each
# Measurement: 4 iterations, 500 ms each
# Timeout: 10 min per iteration
# Threads: 1 thread, will synchronize iterations
# Benchmark mode: Average time, time/op
# Benchmark: org.apache.jmeter.protocol.http.sampler.HeaderCaptureBenchmark.capture
# Parameters: (deferred = true, protocol = h2, readers = both100, totalBytes = 8192)

# Run progress: 97,22% complete, ETA 00:00:07
# Fork: 1 of 2
# Warmup Iteration   1: 2026-09-12T07:36:20.021287Z org.apache.jmeter.protocol.http.sampler.HeaderCaptureBenchmark.capture-jmh-worker-1 ERROR Error processing element GuiLogEvent ([Appenders: null]): CLASS_NOT_FOUND
2026-09-12T07:36:20.049798Z org.apache.jmeter.protocol.http.sampler.HeaderCaptureBenchmark.capture-jmh-worker-1 ERROR Unable to locate appender "gui-log-event" for logger config "root"
875,010 ns/op
# Warmup Iteration   2: 751,652 ns/op
# Warmup Iteration   3: 756,906 ns/op
Iteration   1: 750,909 ns/op
                 gc.alloc.rate:      17083,961 MB/sec
                 gc.alloc.rate.norm: 13456,011 B/op
                 gc.count:           28,000 counts
                 gc.time:            22,000 ms
                 process.cpu:        931,073 ns/op

Iteration   2: 748,735 ns/op
                 gc.alloc.rate:      17134,698 MB/sec
                 gc.alloc.rate.norm: 13456,011 B/op
                 gc.count:           29,000 counts
                 gc.time:            24,000 ms
                 process.cpu:        944,006 ns/op

Iteration   3: 754,180 ns/op
                 gc.alloc.rate:      17010,820 MB/sec
                 gc.alloc.rate.norm: 13456,011 B/op
                 gc.count:           28,000 counts
                 gc.time:            23,000 ms
                 process.cpu:        952,120 ns/op

Iteration   4: 745,439 ns/op
                 gc.alloc.rate:      17208,971 MB/sec
                 gc.alloc.rate.norm: 13456,011 B/op
                 gc.count:           28,000 counts
                 gc.time:            22,000 ms
                 process.cpu:        915,614 ns/op


# Run progress: 98,61% complete, ETA 00:00:03
# Fork: 2 of 2
# Warmup Iteration   1: 2026-09-12T07:36:23.899986Z org.apache.jmeter.protocol.http.sampler.HeaderCaptureBenchmark.capture-jmh-worker-1 ERROR Error processing element GuiLogEvent ([Appenders: null]): CLASS_NOT_FOUND
2026-09-12T07:36:23.928463Z org.apache.jmeter.protocol.http.sampler.HeaderCaptureBenchmark.capture-jmh-worker-1 ERROR Unable to locate appender "gui-log-event" for logger config "root"
861,924 ns/op
# Warmup Iteration   2: 765,416 ns/op
# Warmup Iteration   3: 764,814 ns/op
Iteration   1: 753,019 ns/op
                 gc.alloc.rate:      17036,870 MB/sec
                 gc.alloc.rate.norm: 13456,011 B/op
                 gc.count:           29,000 counts
                 gc.time:            23,000 ms
                 process.cpu:        940,411 ns/op

Iteration   2: 730,893 ns/op
                 gc.alloc.rate:      17552,217 MB/sec
                 gc.alloc.rate.norm: 13456,010 B/op
                 gc.count:           29,000 counts
                 gc.time:            23,000 ms
                 process.cpu:        896,389 ns/op

Iteration   3: 733,572 ns/op
                 gc.alloc.rate:      17488,446 MB/sec
                 gc.alloc.rate.norm: 13456,011 B/op
                 gc.count:           28,000 counts
                 gc.time:            21,000 ms
                 process.cpu:        895,426 ns/op

Iteration   4: 780,821 ns/op
                 gc.alloc.rate:      16426,157 MB/sec
                 gc.alloc.rate.norm: 13456,011 B/op
                 gc.count:           28,000 counts
                 gc.time:            23,000 ms
                 process.cpu:        966,538 ns/op



Result "org.apache.jmeter.protocol.http.sampler.HeaderCaptureBenchmark.capture":
  749,696 ±(99.9%) 29,211 ns/op [Average]
  (min, avg, max) = (730,893, 749,696, 780,821), stdev = 15,278
  CI (99.9%): [720,485, 778,907] (assumes normal distribution)

Secondary result "org.apache.jmeter.protocol.http.sampler.HeaderCaptureBenchmark.capture:gc.alloc.rate":
  17117,768 ±(99.9%) 659,247 MB/sec [Average]
  (min, avg, max) = (16426,157, 17117,768, 17552,217), stdev = 344,799
  CI (99.9%): [16458,520, 17777,015] (assumes normal distribution)

Secondary result "org.apache.jmeter.protocol.http.sampler.HeaderCaptureBenchmark.capture:gc.alloc.rate.norm":
  13456,011 ±(99.9%) 0,001 B/op [Average]
  (min, avg, max) = (13456,010, 13456,011, 13456,011), stdev = 0,001
  CI (99.9%): [13456,010, 13456,011] (assumes normal distribution)

Secondary result "org.apache.jmeter.protocol.http.sampler.HeaderCaptureBenchmark.capture:gc.count":
  227,000 ±(99.9%) 0,001 counts [Sum]
  (min, avg, max) = (28,000, 28,375, 29,000), stdev = 0,518
  CI (99.9%): [227,000, 227,000] (assumes normal distribution)

Secondary result "org.apache.jmeter.protocol.http.sampler.HeaderCaptureBenchmark.capture:gc.time":
  181,000 ±(99.9%) 0,001 ms [Sum]
  (min, avg, max) = (21,000, 22,625, 24,000), stdev = 0,916
  CI (99.9%): [181,000, 181,000] (assumes normal distribution)

Secondary result "org.apache.jmeter.protocol.http.sampler.HeaderCaptureBenchmark.capture:process.cpu":
  930,197 ±(99.9%) 49,341 ns/op [Average]
  (min, avg, max) = (895,426, 930,197, 966,538), stdev = 25,806
  CI (99.9%): [880,856, 979,538] (assumes normal distribution)


# Run complete. Total time: 00:04:38

REMEMBER: The numbers below are just data. To gain reusable insights, you need to follow up on
why the numbers are the way they are. Use profilers (see -prof, -lprof), design factorial
experiments, perform baseline and negative tests that provide experimental control, make sure
the benchmarking environment is safe on JVM/OS/HW level, ask for reviews from the domain experts.
Do not assume the numbers tell you what you want them to tell.

NOTE: Current JVM experimentally supports Compiler Blackholes, and they are in use. Please exercise
extra caution when trusting the results, look into the generated code to check the benchmark still
works, and factor in a small probability of new VM bugs. Additionally, while comparisons between
different JVMs are already problematic, the performance difference caused by different Blackhole
modes can be very significant. Please make sure you use the consistent Blackhole mode for comparisons.

Benchmark                                          (deferred)  (protocol)  (readers)  (totalBytes)  Mode  Cnt      Score      Error   Units
HeaderCaptureBenchmark.capture                          false          h1     unread           400  avgt    8    176,397 ±    9,243   ns/op
HeaderCaptureBenchmark.capture:gc.alloc.rate            false          h1     unread           400  avgt    8   7874,024 ±  410,623  MB/sec
HeaderCaptureBenchmark.capture:gc.alloc.rate.norm       false          h1     unread           400  avgt    8   1456,003 ±    0,001    B/op
HeaderCaptureBenchmark.capture:gc.count                 false          h1     unread           400  avgt    8    104,000             counts
HeaderCaptureBenchmark.capture:gc.time                  false          h1     unread           400  avgt    8     90,000                 ms
HeaderCaptureBenchmark.capture:process.cpu              false          h1     unread           400  avgt    8    196,134 ±    7,721   ns/op
HeaderCaptureBenchmark.capture                          false          h1     unread          1600  avgt    8    553,975 ±    5,588   ns/op
HeaderCaptureBenchmark.capture:gc.alloc.rate            false          h1     unread          1600  avgt    8   9127,984 ±   91,009  MB/sec
HeaderCaptureBenchmark.capture:gc.alloc.rate.norm       false          h1     unread          1600  avgt    8   5304,008 ±    0,001    B/op
HeaderCaptureBenchmark.capture:gc.count                 false          h1     unread          1600  avgt    8    120,000             counts
HeaderCaptureBenchmark.capture:gc.time                  false          h1     unread          1600  avgt    8     97,000                 ms
HeaderCaptureBenchmark.capture:process.cpu              false          h1     unread          1600  avgt    8    622,951 ±   10,485   ns/op
HeaderCaptureBenchmark.capture                          false          h1     unread          8192  avgt    8   1587,729 ±   23,080   ns/op
HeaderCaptureBenchmark.capture:gc.alloc.rate            false          h1     unread          8192  avgt    8  13294,575 ±  195,790  MB/sec
HeaderCaptureBenchmark.capture:gc.alloc.rate.norm       false          h1     unread          8192  avgt    8  22144,023 ±    0,001    B/op
HeaderCaptureBenchmark.capture:gc.count                 false          h1     unread          8192  avgt    8    175,000             counts
HeaderCaptureBenchmark.capture:gc.time                  false          h1     unread          8192  avgt    8    141,000                 ms
HeaderCaptureBenchmark.capture:process.cpu              false          h1     unread          8192  avgt    8   1885,494 ±   64,912   ns/op
HeaderCaptureBenchmark.capture                          false          h1     both50           400  avgt    8    177,319 ±   10,571   ns/op
HeaderCaptureBenchmark.capture:gc.alloc.rate            false          h1     both50           400  avgt    8   7835,052 ±  465,849  MB/sec
HeaderCaptureBenchmark.capture:gc.alloc.rate.norm       false          h1     both50           400  avgt    8   1456,003 ±    0,001    B/op
HeaderCaptureBenchmark.capture:gc.count                 false          h1     both50           400  avgt    8    103,000             counts
HeaderCaptureBenchmark.capture:gc.time                  false          h1     both50           400  avgt    8     86,000                 ms
HeaderCaptureBenchmark.capture:process.cpu              false          h1     both50           400  avgt    8    197,540 ±   10,616   ns/op
HeaderCaptureBenchmark.capture                          false          h1     both50          1600  avgt    8    561,783 ±   10,017   ns/op
HeaderCaptureBenchmark.capture:gc.alloc.rate            false          h1     both50          1600  avgt    8   9001,749 ±  159,542  MB/sec
HeaderCaptureBenchmark.capture:gc.alloc.rate.norm       false          h1     both50          1600  avgt    8   5304,008 ±    0,001    B/op
HeaderCaptureBenchmark.capture:gc.count                 false          h1     both50          1600  avgt    8    119,000             counts
HeaderCaptureBenchmark.capture:gc.time                  false          h1     both50          1600  avgt    8     98,000                 ms
HeaderCaptureBenchmark.capture:process.cpu              false          h1     both50          1600  avgt    8    635,751 ±   14,890   ns/op
HeaderCaptureBenchmark.capture                          false          h1     both50          8192  avgt    8   1603,045 ±   13,165   ns/op
HeaderCaptureBenchmark.capture:gc.alloc.rate            false          h1     both50          8192  avgt    8  13169,626 ±  108,046  MB/sec
HeaderCaptureBenchmark.capture:gc.alloc.rate.norm       false          h1     both50          8192  avgt    8  22144,023 ±    0,001    B/op
HeaderCaptureBenchmark.capture:gc.count                 false          h1     both50          8192  avgt    8    174,000             counts
HeaderCaptureBenchmark.capture:gc.time                  false          h1     both50          8192  avgt    8    141,000                 ms
HeaderCaptureBenchmark.capture:process.cpu              false          h1     both50          8192  avgt    8   1894,081 ±   30,126   ns/op
HeaderCaptureBenchmark.capture                          false          h1    both100           400  avgt    8    172,378 ±   10,531   ns/op
HeaderCaptureBenchmark.capture:gc.alloc.rate            false          h1    both100           400  avgt    8   8060,334 ±  493,774  MB/sec
HeaderCaptureBenchmark.capture:gc.alloc.rate.norm       false          h1    both100           400  avgt    8   1456,002 ±    0,001    B/op
HeaderCaptureBenchmark.capture:gc.count                 false          h1    both100           400  avgt    8    106,000             counts
HeaderCaptureBenchmark.capture:gc.time                  false          h1    both100           400  avgt    8     87,000                 ms
HeaderCaptureBenchmark.capture:process.cpu              false          h1    both100           400  avgt    8    191,141 ±   10,343   ns/op
HeaderCaptureBenchmark.capture                          false          h1    both100          1600  avgt    8    555,839 ±    8,076   ns/op
HeaderCaptureBenchmark.capture:gc.alloc.rate            false          h1    both100          1600  avgt    8   9098,244 ±  131,699  MB/sec
HeaderCaptureBenchmark.capture:gc.alloc.rate.norm       false          h1    both100          1600  avgt    8   5304,008 ±    0,001    B/op
HeaderCaptureBenchmark.capture:gc.count                 false          h1    both100          1600  avgt    8    121,000             counts
HeaderCaptureBenchmark.capture:gc.time                  false          h1    both100          1600  avgt    8     98,000                 ms
HeaderCaptureBenchmark.capture:process.cpu              false          h1    both100          1600  avgt    8    629,414 ±   18,857   ns/op
HeaderCaptureBenchmark.capture                          false          h1    both100          8192  avgt    8   1595,291 ±   22,802   ns/op
HeaderCaptureBenchmark.capture:gc.alloc.rate            false          h1    both100          8192  avgt    8  13234,560 ±  186,872  MB/sec
HeaderCaptureBenchmark.capture:gc.alloc.rate.norm       false          h1    both100          8192  avgt    8  22144,023 ±    0,001    B/op
HeaderCaptureBenchmark.capture:gc.count                 false          h1    both100          8192  avgt    8    176,000             counts
HeaderCaptureBenchmark.capture:gc.time                  false          h1    both100          8192  avgt    8    144,000                 ms
HeaderCaptureBenchmark.capture:process.cpu              false          h1    both100          8192  avgt    8   1901,685 ±   55,680   ns/op
HeaderCaptureBenchmark.capture                          false          h2     unread           400  avgt    8    117,488 ±    1,804   ns/op
HeaderCaptureBenchmark.capture:gc.alloc.rate            false          h2     unread           400  avgt    8  10257,793 ±  159,818  MB/sec
HeaderCaptureBenchmark.capture:gc.alloc.rate.norm       false          h2     unread           400  avgt    8   1264,002 ±    0,001    B/op
HeaderCaptureBenchmark.capture:gc.count                 false          h2     unread           400  avgt    8    137,000             counts
HeaderCaptureBenchmark.capture:gc.time                  false          h2     unread           400  avgt    8    110,000                 ms
HeaderCaptureBenchmark.capture:process.cpu              false          h2     unread           400  avgt    8    133,856 ±    2,267   ns/op
HeaderCaptureBenchmark.capture                          false          h2     unread          1600  avgt    8    422,909 ±    7,426   ns/op
HeaderCaptureBenchmark.capture:gc.alloc.rate            false          h2     unread          1600  avgt    8  11525,170 ±  202,601  MB/sec
HeaderCaptureBenchmark.capture:gc.alloc.rate.norm       false          h2     unread          1600  avgt    8   5112,006 ±    0,001    B/op
HeaderCaptureBenchmark.capture:gc.count                 false          h2     unread          1600  avgt    8    153,000             counts
HeaderCaptureBenchmark.capture:gc.time                  false          h2     unread          1600  avgt    8    123,000                 ms
HeaderCaptureBenchmark.capture:process.cpu              false          h2     unread          1600  avgt    8    489,000 ±   13,805   ns/op
HeaderCaptureBenchmark.capture                          false          h2     unread          8192  avgt    8    846,601 ±   16,605   ns/op
HeaderCaptureBenchmark.capture:gc.alloc.rate            false          h2     unread          8192  avgt    8  24722,022 ±  483,190  MB/sec
HeaderCaptureBenchmark.capture:gc.alloc.rate.norm       false          h2     unread          8192  avgt    8  21952,012 ±    0,001    B/op
HeaderCaptureBenchmark.capture:gc.count                 false          h2     unread          8192  avgt    8    329,000             counts
HeaderCaptureBenchmark.capture:gc.time                  false          h2     unread          8192  avgt    8    265,000                 ms
HeaderCaptureBenchmark.capture:process.cpu              false          h2     unread          8192  avgt    8   1154,388 ±   39,210   ns/op
HeaderCaptureBenchmark.capture                          false          h2     both50           400  avgt    8    123,810 ±    3,880   ns/op
HeaderCaptureBenchmark.capture:gc.alloc.rate            false          h2     both50           400  avgt    8   9735,839 ±  305,616  MB/sec
HeaderCaptureBenchmark.capture:gc.alloc.rate.norm       false          h2     both50           400  avgt    8   1264,002 ±    0,001    B/op
HeaderCaptureBenchmark.capture:gc.count                 false          h2     both50           400  avgt    8    129,000             counts
HeaderCaptureBenchmark.capture:gc.time                  false          h2     both50           400  avgt    8    103,000                 ms
HeaderCaptureBenchmark.capture:process.cpu              false          h2     both50           400  avgt    8    140,894 ±    4,550   ns/op
HeaderCaptureBenchmark.capture                          false          h2     both50          1600  avgt    8    422,013 ±    6,134   ns/op
HeaderCaptureBenchmark.capture:gc.alloc.rate            false          h2     both50          1600  avgt    8  11549,069 ±  167,433  MB/sec
HeaderCaptureBenchmark.capture:gc.alloc.rate.norm       false          h2     both50          1600  avgt    8   5112,006 ±    0,001    B/op
HeaderCaptureBenchmark.capture:gc.count                 false          h2     both50          1600  avgt    8    152,000             counts
HeaderCaptureBenchmark.capture:gc.time                  false          h2     both50          1600  avgt    8    123,000                 ms
HeaderCaptureBenchmark.capture:process.cpu              false          h2     both50          1600  avgt    8    490,186 ±   10,491   ns/op
HeaderCaptureBenchmark.capture                          false          h2     both50          8192  avgt    8    844,560 ±   23,382   ns/op
HeaderCaptureBenchmark.capture:gc.alloc.rate            false          h2     both50          8192  avgt    8  24784,330 ±  681,462  MB/sec
HeaderCaptureBenchmark.capture:gc.alloc.rate.norm       false          h2     both50          8192  avgt    8  21952,012 ±    0,001    B/op
HeaderCaptureBenchmark.capture:gc.count                 false          h2     both50          8192  avgt    8    328,000             counts
HeaderCaptureBenchmark.capture:gc.time                  false          h2     both50          8192  avgt    8    261,000                 ms
HeaderCaptureBenchmark.capture:process.cpu              false          h2     both50          8192  avgt    8   1130,864 ±   71,914   ns/op
HeaderCaptureBenchmark.capture                          false          h2    both100           400  avgt    8    117,116 ±    2,000   ns/op
HeaderCaptureBenchmark.capture:gc.alloc.rate            false          h2    both100           400  avgt    8  10290,436 ±  177,189  MB/sec
HeaderCaptureBenchmark.capture:gc.alloc.rate.norm       false          h2    both100           400  avgt    8   1264,002 ±    0,001    B/op
HeaderCaptureBenchmark.capture:gc.count                 false          h2    both100           400  avgt    8    135,000             counts
HeaderCaptureBenchmark.capture:gc.time                  false          h2    both100           400  avgt    8    109,000                 ms
HeaderCaptureBenchmark.capture:process.cpu              false          h2    both100           400  avgt    8    133,455 ±    3,725   ns/op
HeaderCaptureBenchmark.capture                          false          h2    both100          1600  avgt    8    427,315 ±   21,538   ns/op
HeaderCaptureBenchmark.capture:gc.alloc.rate            false          h2    both100          1600  avgt    8  11412,602 ±  575,657  MB/sec
HeaderCaptureBenchmark.capture:gc.alloc.rate.norm       false          h2    both100          1600  avgt    8   5112,006 ±    0,001    B/op
HeaderCaptureBenchmark.capture:gc.count                 false          h2    both100          1600  avgt    8    150,000             counts
HeaderCaptureBenchmark.capture:gc.time                  false          h2    both100          1600  avgt    8    121,000                 ms
HeaderCaptureBenchmark.capture:process.cpu              false          h2    both100          1600  avgt    8    495,201 ±   29,143   ns/op
HeaderCaptureBenchmark.capture                          false          h2    both100          8192  avgt    8    835,281 ±   11,276   ns/op
HeaderCaptureBenchmark.capture:gc.alloc.rate            false          h2    both100          8192  avgt    8  25057,260 ±  339,365  MB/sec
HeaderCaptureBenchmark.capture:gc.alloc.rate.norm       false          h2    both100          8192  avgt    8  21952,012 ±    0,001    B/op
HeaderCaptureBenchmark.capture:gc.count                 false          h2    both100          8192  avgt    8    331,000             counts
HeaderCaptureBenchmark.capture:gc.time                  false          h2    both100          8192  avgt    8    263,000                 ms
HeaderCaptureBenchmark.capture:process.cpu              false          h2    both100          8192  avgt    8   1126,984 ±   22,001   ns/op
HeaderCaptureBenchmark.capture                           true          h1     unread           400  avgt    8    119,851 ±    2,554   ns/op
HeaderCaptureBenchmark.capture:gc.alloc.rate             true          h1     unread           400  avgt    8   9419,691 ±  200,827  MB/sec
HeaderCaptureBenchmark.capture:gc.alloc.rate.norm        true          h1     unread           400  avgt    8   1184,002 ±    0,001    B/op
HeaderCaptureBenchmark.capture:gc.count                  true          h1     unread           400  avgt    8    125,000             counts
HeaderCaptureBenchmark.capture:gc.time                   true          h1     unread           400  avgt    8    101,000                 ms
HeaderCaptureBenchmark.capture:process.cpu               true          h1     unread           400  avgt    8    135,099 ±    5,143   ns/op
HeaderCaptureBenchmark.capture                           true          h1     unread          1600  avgt    8    222,661 ±    1,006   ns/op
HeaderCaptureBenchmark.capture:gc.alloc.rate             true          h1     unread          1600  avgt    8  10824,517 ±   48,824  MB/sec
HeaderCaptureBenchmark.capture:gc.alloc.rate.norm        true          h1     unread          1600  avgt    8   2528,003 ±    0,001    B/op
HeaderCaptureBenchmark.capture:gc.count                  true          h1     unread          1600  avgt    8    142,000             counts
HeaderCaptureBenchmark.capture:gc.time                   true          h1     unread          1600  avgt    8    116,000                 ms
HeaderCaptureBenchmark.capture:process.cpu               true          h1     unread          1600  avgt    8    257,044 ±    3,526   ns/op
HeaderCaptureBenchmark.capture                           true          h1     unread          8192  avgt    8    332,378 ±    3,185   ns/op
HeaderCaptureBenchmark.capture:gc.alloc.rate             true          h1     unread          8192  avgt    8  16797,849 ±  160,470  MB/sec
HeaderCaptureBenchmark.capture:gc.alloc.rate.norm        true          h1     unread          8192  avgt    8   5856,005 ±    0,001    B/op
HeaderCaptureBenchmark.capture:gc.count                  true          h1     unread          8192  avgt    8    222,000             counts
HeaderCaptureBenchmark.capture:gc.time                   true          h1     unread          8192  avgt    8    178,000                 ms
HeaderCaptureBenchmark.capture:process.cpu               true          h1     unread          8192  avgt    8    412,441 ±    7,417   ns/op
HeaderCaptureBenchmark.capture                           true          h1     both50           400  avgt    8    160,228 ±    5,296   ns/op
HeaderCaptureBenchmark.capture:gc.alloc.rate             true          h1     both50           400  avgt    8   9331,016 ±  309,954  MB/sec
HeaderCaptureBenchmark.capture:gc.alloc.rate.norm        true          h1     both50           400  avgt    8   1568,002 ±    0,001    B/op
HeaderCaptureBenchmark.capture:gc.count                  true          h1     both50           400  avgt    8    122,000             counts
HeaderCaptureBenchmark.capture:gc.time                   true          h1     both50           400  avgt    8    110,000                 ms
HeaderCaptureBenchmark.capture:process.cpu               true          h1     both50           400  avgt    8    181,254 ±    5,247   ns/op
HeaderCaptureBenchmark.capture                           true          h1     both50          1600  avgt    8    354,165 ±    3,768   ns/op
HeaderCaptureBenchmark.capture:gc.alloc.rate             true          h1     both50          1600  avgt    8  10251,124 ±  108,329  MB/sec
HeaderCaptureBenchmark.capture:gc.alloc.rate.norm        true          h1     both50          1600  avgt    8   3808,005 ±    0,002    B/op
HeaderCaptureBenchmark.capture:gc.count                  true          h1     both50          1600  avgt    8    136,000             counts
HeaderCaptureBenchmark.capture:gc.time                   true          h1     both50          1600  avgt    8    108,000                 ms
HeaderCaptureBenchmark.capture:process.cpu               true          h1     both50          1600  avgt    8    403,462 ±    6,589   ns/op
HeaderCaptureBenchmark.capture                           true          h1     both50          8192  avgt    8    615,463 ±   12,524   ns/op
HeaderCaptureBenchmark.capture:gc.alloc.rate             true          h1     both50          8192  avgt    8  18714,362 ±  382,847  MB/sec
HeaderCaptureBenchmark.capture:gc.alloc.rate.norm        true          h1     both50          8192  avgt    8  12080,008 ±    0,016    B/op
HeaderCaptureBenchmark.capture:gc.count                  true          h1     both50          8192  avgt    8    248,000             counts
HeaderCaptureBenchmark.capture:gc.time                   true          h1     both50          8192  avgt    8    198,000                 ms
HeaderCaptureBenchmark.capture:process.cpu               true          h1     both50          8192  avgt    8    779,813 ±   34,424   ns/op
HeaderCaptureBenchmark.capture                           true          h1    both100           400  avgt    8    187,927 ±    1,369   ns/op
HeaderCaptureBenchmark.capture:gc.alloc.rate             true          h1    both100           400  avgt    8   9902,977 ±   72,318  MB/sec
HeaderCaptureBenchmark.capture:gc.alloc.rate.norm        true          h1    both100           400  avgt    8   1952,003 ±    0,001    B/op
HeaderCaptureBenchmark.capture:gc.count                  true          h1    both100           400  avgt    8    131,000             counts
HeaderCaptureBenchmark.capture:gc.time                   true          h1    both100           400  avgt    8    105,000                 ms
HeaderCaptureBenchmark.capture:process.cpu               true          h1    both100           400  avgt    8    213,078 ±    4,580   ns/op
HeaderCaptureBenchmark.capture                           true          h1    both100          1600  avgt    8    478,029 ±   14,581   ns/op
HeaderCaptureBenchmark.capture:gc.alloc.rate             true          h1    both100          1600  avgt    8  10149,384 ±  304,465  MB/sec
HeaderCaptureBenchmark.capture:gc.alloc.rate.norm        true          h1    both100          1600  avgt    8   5088,007 ±    0,001    B/op
HeaderCaptureBenchmark.capture:gc.count                  true          h1    both100          1600  avgt    8    133,000             counts
HeaderCaptureBenchmark.capture:gc.time                   true          h1    both100          1600  avgt    8    109,000                 ms
HeaderCaptureBenchmark.capture:process.cpu               true          h1    both100          1600  avgt    8    548,719 ±   18,987   ns/op
HeaderCaptureBenchmark.capture                           true          h1    both100          8192  avgt    8    869,762 ±   20,590   ns/op
HeaderCaptureBenchmark.capture:gc.alloc.rate             true          h1    both100          8192  avgt    8  20066,898 ±  471,117  MB/sec
HeaderCaptureBenchmark.capture:gc.alloc.rate.norm        true          h1    both100          8192  avgt    8  18304,012 ±    0,001    B/op
HeaderCaptureBenchmark.capture:gc.count                  true          h1    both100          8192  avgt    8    265,000             counts
HeaderCaptureBenchmark.capture:gc.time                   true          h1    both100          8192  avgt    8    212,000                 ms
HeaderCaptureBenchmark.capture:process.cpu               true          h1    both100          8192  avgt    8   1112,055 ±   37,000   ns/op
HeaderCaptureBenchmark.capture                           true          h2     unread           400  avgt    8     74,310 ±    5,591   ns/op
HeaderCaptureBenchmark.capture:gc.alloc.rate             true          h2     unread           400  avgt    8   9249,861 ±  693,128  MB/sec
HeaderCaptureBenchmark.capture:gc.alloc.rate.norm        true          h2     unread           400  avgt    8    720,001 ±    0,001    B/op
HeaderCaptureBenchmark.capture:gc.count                  true          h2     unread           400  avgt    8    123,000             counts
HeaderCaptureBenchmark.capture:gc.time                   true          h2     unread           400  avgt    8     98,000                 ms
HeaderCaptureBenchmark.capture:process.cpu               true          h2     unread           400  avgt    8     84,046 ±    6,737   ns/op
HeaderCaptureBenchmark.capture                           true          h2     unread          1600  avgt    8    146,411 ±    3,957   ns/op
HeaderCaptureBenchmark.capture:gc.alloc.rate             true          h2     unread          1600  avgt    8   6565,042 ±  176,479  MB/sec
HeaderCaptureBenchmark.capture:gc.alloc.rate.norm        true          h2     unread          1600  avgt    8   1008,002 ±    0,001    B/op
HeaderCaptureBenchmark.capture:gc.count                  true          h2     unread          1600  avgt    8     87,000             counts
HeaderCaptureBenchmark.capture:gc.time                   true          h2     unread          1600  avgt    8     69,000                 ms
HeaderCaptureBenchmark.capture:process.cpu               true          h2     unread          1600  avgt    8    159,385 ±    5,584   ns/op
HeaderCaptureBenchmark.capture                           true          h2     unread          8192  avgt    8    145,440 ±    3,247   ns/op
HeaderCaptureBenchmark.capture:gc.alloc.rate             true          h2     unread          8192  avgt    8   6608,705 ±  148,842  MB/sec
HeaderCaptureBenchmark.capture:gc.alloc.rate.norm        true          h2     unread          8192  avgt    8   1008,002 ±    0,001    B/op
HeaderCaptureBenchmark.capture:gc.count                  true          h2     unread          8192  avgt    8     87,000             counts
HeaderCaptureBenchmark.capture:gc.time                   true          h2     unread          8192  avgt    8     69,000                 ms
HeaderCaptureBenchmark.capture:process.cpu               true          h2     unread          8192  avgt    8    158,448 ±    5,337   ns/op
HeaderCaptureBenchmark.capture                           true          h2     both50           400  avgt    8    115,730 ±    3,550   ns/op
HeaderCaptureBenchmark.capture:gc.alloc.rate             true          h2     both50           400  avgt    8   9097,004 ±  277,636  MB/sec
HeaderCaptureBenchmark.capture:gc.alloc.rate.norm        true          h2     both50           400  avgt    8   1104,002 ±    0,001    B/op
HeaderCaptureBenchmark.capture:gc.count                  true          h2     both50           400  avgt    8    121,000             counts
HeaderCaptureBenchmark.capture:gc.time                   true          h2     both50           400  avgt    8     95,000                 ms
HeaderCaptureBenchmark.capture:process.cpu               true          h2     both50           400  avgt    8    130,005 ±    3,789   ns/op
HeaderCaptureBenchmark.capture                           true          h2     both50          1600  avgt    8    310,963 ±    7,644   ns/op
HeaderCaptureBenchmark.capture:gc.alloc.rate             true          h2     both50          1600  avgt    8   7015,982 ±  172,855  MB/sec
HeaderCaptureBenchmark.capture:gc.alloc.rate.norm        true          h2     both50          1600  avgt    8   2288,004 ±    0,002    B/op
HeaderCaptureBenchmark.capture:gc.count                  true          h2     both50          1600  avgt    8     92,000             counts
HeaderCaptureBenchmark.capture:gc.time                   true          h2     both50          1600  avgt    8     73,000                 ms
HeaderCaptureBenchmark.capture:process.cpu               true          h2     both50          1600  avgt    8    340,301 ±   11,741   ns/op
HeaderCaptureBenchmark.capture                           true          h2     both50          8192  avgt    8    464,649 ±   67,666   ns/op
HeaderCaptureBenchmark.capture:gc.alloc.rate             true          h2     both50          8192  avgt    8  14903,700 ± 1885,697  MB/sec
HeaderCaptureBenchmark.capture:gc.alloc.rate.norm        true          h2     both50          8192  avgt    8   7232,006 ±    0,007    B/op
HeaderCaptureBenchmark.capture:gc.count                  true          h2     both50          8192  avgt    8    197,000             counts
HeaderCaptureBenchmark.capture:gc.time                   true          h2     both50          8192  avgt    8    163,000                 ms
HeaderCaptureBenchmark.capture:process.cpu               true          h2     both50          8192  avgt    8    552,337 ±   30,685   ns/op
HeaderCaptureBenchmark.capture                           true          h2    both100           400  avgt    8    155,434 ±    3,391   ns/op
HeaderCaptureBenchmark.capture:gc.alloc.rate             true          h2    both100           400  avgt    8   9128,153 ±  199,815  MB/sec
HeaderCaptureBenchmark.capture:gc.alloc.rate.norm        true          h2    both100           400  avgt    8   1488,002 ±    0,001    B/op
HeaderCaptureBenchmark.capture:gc.count                  true          h2    both100           400  avgt    8    120,000             counts
HeaderCaptureBenchmark.capture:gc.time                   true          h2    both100           400  avgt    8     97,000                 ms
HeaderCaptureBenchmark.capture:process.cpu               true          h2    both100           400  avgt    8    175,671 ±    5,937   ns/op
HeaderCaptureBenchmark.capture                           true          h2    both100          1600  avgt    8    466,162 ±    5,354   ns/op
HeaderCaptureBenchmark.capture:gc.alloc.rate             true          h2    both100          1600  avgt    8   7297,559 ±   84,011  MB/sec
HeaderCaptureBenchmark.capture:gc.alloc.rate.norm        true          h2    both100          1600  avgt    8   3568,007 ±    0,001    B/op
HeaderCaptureBenchmark.capture:gc.count                  true          h2    both100          1600  avgt    8     97,000             counts
HeaderCaptureBenchmark.capture:gc.time                   true          h2    both100          1600  avgt    8     78,000                 ms
HeaderCaptureBenchmark.capture:process.cpu               true          h2    both100          1600  avgt    8    515,005 ±    8,557   ns/op
HeaderCaptureBenchmark.capture                           true          h2    both100          8192  avgt    8    749,696 ±   29,211   ns/op
HeaderCaptureBenchmark.capture:gc.alloc.rate             true          h2    both100          8192  avgt    8  17117,768 ±  659,247  MB/sec
HeaderCaptureBenchmark.capture:gc.alloc.rate.norm        true          h2    both100          8192  avgt    8  13456,011 ±    0,001    B/op
HeaderCaptureBenchmark.capture:gc.count                  true          h2    both100          8192  avgt    8    227,000             counts
HeaderCaptureBenchmark.capture:gc.time                   true          h2    both100          8192  avgt    8    181,000                 ms
HeaderCaptureBenchmark.capture:process.cpu               true          h2    both100          8192  avgt    8    930,197 ±   49,341   ns/op

Benchmark result is saved to benchmarks/deferred-headers/results/fixed-heap.json
