# JMH version: 1.37
# VM version: JDK 21.0.5, Java HotSpot(TM) 64-Bit Server VM, 21.0.5+9-LTS-239
# VM invoker: /Library/Java/JavaVirtualMachines/jdk-21.jdk/Contents/Home/bin/java
# VM options: -Djdk.net.hosts.file=/etc/hosts -Djdk.net.hosts.file=/etc/hosts
# Blackhole mode: compiler (auto-detected, use -Djmh.blackhole.autoDetect=false to disable)
# Warmup: 3 iterations, 500 ms each
# Measurement: 4 iterations, 500 ms each
# Timeout: 10 min per iteration
# Threads: 1 thread, will synchronize iterations
# Benchmark mode: Average time, time/op
# Benchmark: org.apache.jmeter.protocol.http.sampler.HeaderCaptureBenchmark.capture
# Parameters: (deferred = false, protocol = h1, readers = unread, totalBytes = 400)

# Run progress: 0,00% complete, ETA 00:09:48
# Fork: 1 of 2
# Warmup Iteration   1: 2026-09-12T07:19:18.098687Z org.apache.jmeter.protocol.http.sampler.HeaderCaptureBenchmark.capture-jmh-worker-1 ERROR Error processing element GuiLogEvent ([Appenders: null]): CLASS_NOT_FOUND
2026-09-12T07:19:18.130056Z org.apache.jmeter.protocol.http.sampler.HeaderCaptureBenchmark.capture-jmh-worker-1 ERROR Unable to locate appender "gui-log-event" for logger config "root"
286,935 ns/op
# Warmup Iteration   2: 167,400 ns/op
# Warmup Iteration   3: 168,759 ns/op
Iteration   1: 169,607 ns/op
                 gc.alloc.rate:      8183,129 MB/sec
                 gc.alloc.rate.norm: 1456,002 B/op
                 gc.count:           10,000 counts
                 gc.time:            5,000 ms
                 process.cpu:        173,735 ns/op

Iteration   2: 168,497 ns/op
                 gc.alloc.rate:      8238,642 MB/sec
                 gc.alloc.rate.norm: 1456,002 B/op
                 gc.count:           9,000 counts
                 gc.time:            5,000 ms
                 process.cpu:        172,892 ns/op

Iteration   3: 169,807 ns/op
                 gc.alloc.rate:      8174,873 MB/sec
                 gc.alloc.rate.norm: 1456,002 B/op
                 gc.count:           9,000 counts
                 gc.time:            4,000 ms
                 process.cpu:        176,923 ns/op

Iteration   4: 168,755 ns/op
                 gc.alloc.rate:      8226,014 MB/sec
                 gc.alloc.rate.norm: 1456,002 B/op
                 gc.count:           9,000 counts
                 gc.time:            5,000 ms
                 process.cpu:        172,857 ns/op


# Run progress: 0,60% complete, ETA 00:10:54
# Fork: 2 of 2
# Warmup Iteration   1: 2026-09-12T07:19:21.987056Z org.apache.jmeter.protocol.http.sampler.HeaderCaptureBenchmark.capture-jmh-worker-1 ERROR Error processing element GuiLogEvent ([Appenders: null]): CLASS_NOT_FOUND
2026-09-12T07:19:22.017568Z org.apache.jmeter.protocol.http.sampler.HeaderCaptureBenchmark.capture-jmh-worker-1 ERROR Unable to locate appender "gui-log-event" for logger config "root"
265,233 ns/op
# Warmup Iteration   2: 183,812 ns/op
# Warmup Iteration   3: 177,806 ns/op
Iteration   1: 176,166 ns/op
                 gc.alloc.rate:      7879,539 MB/sec
                 gc.alloc.rate.norm: 1456,003 B/op
                 gc.count:           7,000 counts
                 gc.time:            3,000 ms
                 process.cpu:        180,344 ns/op

Iteration   2: 175,583 ns/op
                 gc.alloc.rate:      7905,460 MB/sec
                 gc.alloc.rate.norm: 1456,003 B/op
                 gc.count:           7,000 counts
                 gc.time:            4,000 ms
                 process.cpu:        179,183 ns/op

Iteration   3: 190,565 ns/op
                 gc.alloc.rate:      7283,300 MB/sec
                 gc.alloc.rate.norm: 1456,003 B/op
                 gc.count:           7,000 counts
                 gc.time:            3,000 ms
                 process.cpu:        194,095 ns/op

Iteration   4: 173,938 ns/op
                 gc.alloc.rate:      7980,346 MB/sec
                 gc.alloc.rate.norm: 1456,002 B/op
                 gc.count:           7,000 counts
                 gc.time:            3,000 ms
                 process.cpu:        177,963 ns/op



Result "org.apache.jmeter.protocol.http.sampler.HeaderCaptureBenchmark.capture":
  174,115 ±(99.9%) 14,016 ns/op [Average]
  (min, avg, max) = (168,497, 174,115, 190,565), stdev = 7,331
  CI (99.9%): [160,099, 188,131] (assumes normal distribution)

Secondary result "org.apache.jmeter.protocol.http.sampler.HeaderCaptureBenchmark.capture:gc.alloc.rate":
  7983,913 ±(99.9%) 607,881 MB/sec [Average]
  (min, avg, max) = (7283,300, 7983,913, 8238,642), stdev = 317,934
  CI (99.9%): [7376,032, 8591,794] (assumes normal distribution)

Secondary result "org.apache.jmeter.protocol.http.sampler.HeaderCaptureBenchmark.capture:gc.alloc.rate.norm":
  1456,002 ±(99.9%) 0,001 B/op [Average]
  (min, avg, max) = (1456,002, 1456,002, 1456,003), stdev = 0,001
  CI (99.9%): [1456,002, 1456,003] (assumes normal distribution)

Secondary result "org.apache.jmeter.protocol.http.sampler.HeaderCaptureBenchmark.capture:gc.count":
  65,000 ±(99.9%) 0,001 counts [Sum]
  (min, avg, max) = (7,000, 8,125, 10,000), stdev = 1,246
  CI (99.9%): [65,000, 65,000] (assumes normal distribution)

Secondary result "org.apache.jmeter.protocol.http.sampler.HeaderCaptureBenchmark.capture:gc.time":
  32,000 ±(99.9%) 0,001 ms [Sum]
  (min, avg, max) = (3,000, 4,000, 5,000), stdev = 0,926
  CI (99.9%): [32,000, 32,000] (assumes normal distribution)

Secondary result "org.apache.jmeter.protocol.http.sampler.HeaderCaptureBenchmark.capture:process.cpu":
  178,499 ±(99.9%) 13,243 ns/op [Average]
  (min, avg, max) = (172,857, 178,499, 194,095), stdev = 6,926
  CI (99.9%): [165,256, 191,742] (assumes normal distribution)


# JMH version: 1.37
# VM version: JDK 21.0.5, Java HotSpot(TM) 64-Bit Server VM, 21.0.5+9-LTS-239
# VM invoker: /Library/Java/JavaVirtualMachines/jdk-21.jdk/Contents/Home/bin/java
# VM options: -Djdk.net.hosts.file=/etc/hosts -Djdk.net.hosts.file=/etc/hosts
# Blackhole mode: compiler (auto-detected, use -Djmh.blackhole.autoDetect=false to disable)
# Warmup: 3 iterations, 500 ms each
# Measurement: 4 iterations, 500 ms each
# Timeout: 10 min per iteration
# Threads: 1 thread, will synchronize iterations
# Benchmark mode: Average time, time/op
# Benchmark: org.apache.jmeter.protocol.http.sampler.HeaderCaptureBenchmark.capture
# Parameters: (deferred = false, protocol = h1, readers = unread, totalBytes = 1600)

# Run progress: 1,19% complete, ETA 00:10:48
# Fork: 1 of 2
# Warmup Iteration   1: 2026-09-12T07:19:25.895341Z org.apache.jmeter.protocol.http.sampler.HeaderCaptureBenchmark.capture-jmh-worker-1 ERROR Error processing element GuiLogEvent ([Appenders: null]): CLASS_NOT_FOUND
2026-09-12T07:19:25.925240Z org.apache.jmeter.protocol.http.sampler.HeaderCaptureBenchmark.capture-jmh-worker-1 ERROR Unable to locate appender "gui-log-event" for logger config "root"
790,574 ns/op
# Warmup Iteration   2: 558,293 ns/op
# Warmup Iteration   3: 539,597 ns/op
Iteration   1: 535,630 ns/op
                 gc.alloc.rate:      9440,908 MB/sec
                 gc.alloc.rate.norm: 5304,008 B/op
                 gc.count:           9,000 counts
                 gc.time:            5,000 ms
                 process.cpu:        551,065 ns/op

Iteration   2: 538,124 ns/op
                 gc.alloc.rate:      9395,837 MB/sec
                 gc.alloc.rate.norm: 5304,008 B/op
                 gc.count:           8,000 counts
                 gc.time:            3,000 ms
                 process.cpu:        553,322 ns/op

Iteration   3: 539,812 ns/op
                 gc.alloc.rate:      9367,684 MB/sec
                 gc.alloc.rate.norm: 5304,008 B/op
                 gc.count:           9,000 counts
                 gc.time:            5,000 ms
                 process.cpu:        558,090 ns/op

Iteration   4: 548,752 ns/op
                 gc.alloc.rate:      9215,256 MB/sec
                 gc.alloc.rate.norm: 5304,008 B/op
                 gc.count:           8,000 counts
                 gc.time:            4,000 ms
                 process.cpu:        562,663 ns/op


# Run progress: 1,79% complete, ETA 00:10:44
# Fork: 2 of 2
# Warmup Iteration   1: 2026-09-12T07:19:29.934498Z org.apache.jmeter.protocol.http.sampler.HeaderCaptureBenchmark.capture-jmh-worker-1 ERROR Error processing element GuiLogEvent ([Appenders: null]): CLASS_NOT_FOUND
2026-09-12T07:19:29.967002Z org.apache.jmeter.protocol.http.sampler.HeaderCaptureBenchmark.capture-jmh-worker-1 ERROR Unable to locate appender "gui-log-event" for logger config "root"
729,534 ns/op
# Warmup Iteration   2: 594,448 ns/op
# Warmup Iteration   3: 538,388 ns/op
Iteration   1: 547,626 ns/op
                 gc.alloc.rate:      9232,805 MB/sec
                 gc.alloc.rate.norm: 5304,008 B/op
                 gc.count:           8,000 counts
                 gc.time:            4,000 ms
                 process.cpu:        562,344 ns/op

Iteration   2: 545,864 ns/op
                 gc.alloc.rate:      9263,223 MB/sec
                 gc.alloc.rate.norm: 5304,008 B/op
                 gc.count:           9,000 counts
                 gc.time:            5,000 ms
                 process.cpu:        561,870 ns/op

Iteration   3: 554,326 ns/op
                 gc.alloc.rate:      9122,516 MB/sec
                 gc.alloc.rate.norm: 5304,008 B/op
                 gc.count:           8,000 counts
                 gc.time:            4,000 ms
                 process.cpu:        570,402 ns/op

Iteration   4: 555,159 ns/op
                 gc.alloc.rate:      9108,792 MB/sec
                 gc.alloc.rate.norm: 5304,008 B/op
                 gc.count:           8,000 counts
                 gc.time:            4,000 ms
                 process.cpu:        568,436 ns/op



Result "org.apache.jmeter.protocol.http.sampler.HeaderCaptureBenchmark.capture":
  545,662 ±(99.9%) 13,908 ns/op [Average]
  (min, avg, max) = (535,630, 545,662, 555,159), stdev = 7,274
  CI (99.9%): [531,754, 559,570] (assumes normal distribution)

Secondary result "org.apache.jmeter.protocol.http.sampler.HeaderCaptureBenchmark.capture:gc.alloc.rate":
  9268,378 ±(99.9%) 236,091 MB/sec [Average]
  (min, avg, max) = (9108,792, 9268,378, 9440,908), stdev = 123,480
  CI (99.9%): [9032,287, 9504,469] (assumes normal distribution)

Secondary result "org.apache.jmeter.protocol.http.sampler.HeaderCaptureBenchmark.capture:gc.alloc.rate.norm":
  5304,008 ±(99.9%) 0,001 B/op [Average]
  (min, avg, max) = (5304,008, 5304,008, 5304,008), stdev = 0,001
  CI (99.9%): [5304,008, 5304,008] (assumes normal distribution)

Secondary result "org.apache.jmeter.protocol.http.sampler.HeaderCaptureBenchmark.capture:gc.count":
  67,000 ±(99.9%) 0,001 counts [Sum]
  (min, avg, max) = (8,000, 8,375, 9,000), stdev = 0,518
  CI (99.9%): [67,000, 67,000] (assumes normal distribution)

Secondary result "org.apache.jmeter.protocol.http.sampler.HeaderCaptureBenchmark.capture:gc.time":
  34,000 ±(99.9%) 0,001 ms [Sum]
  (min, avg, max) = (3,000, 4,250, 5,000), stdev = 0,707
  CI (99.9%): [34,000, 34,000] (assumes normal distribution)

Secondary result "org.apache.jmeter.protocol.http.sampler.HeaderCaptureBenchmark.capture:process.cpu":
  561,024 ±(99.9%) 12,829 ns/op [Average]
  (min, avg, max) = (551,065, 561,024, 570,402), stdev = 6,710
  CI (99.9%): [548,196, 573,853] (assumes normal distribution)


# JMH version: 1.37
# VM version: JDK 21.0.5, Java HotSpot(TM) 64-Bit Server VM, 21.0.5+9-LTS-239
# VM invoker: /Library/Java/JavaVirtualMachines/jdk-21.jdk/Contents/Home/bin/java
# VM options: -Djdk.net.hosts.file=/etc/hosts -Djdk.net.hosts.file=/etc/hosts
# Blackhole mode: compiler (auto-detected, use -Djmh.blackhole.autoDetect=false to disable)
# Warmup: 3 iterations, 500 ms each
# Measurement: 4 iterations, 500 ms each
# Timeout: 10 min per iteration
# Threads: 1 thread, will synchronize iterations
# Benchmark mode: Average time, time/op
# Benchmark: org.apache.jmeter.protocol.http.sampler.HeaderCaptureBenchmark.capture
# Parameters: (deferred = false, protocol = h1, readers = unread, totalBytes = 8192)

# Run progress: 2,38% complete, ETA 00:10:46
# Fork: 1 of 2
# Warmup Iteration   1: 2026-09-12T07:19:33.839771Z org.apache.jmeter.protocol.http.sampler.HeaderCaptureBenchmark.capture-jmh-worker-1 ERROR Error processing element GuiLogEvent ([Appenders: null]): CLASS_NOT_FOUND
2026-09-12T07:19:33.868797Z org.apache.jmeter.protocol.http.sampler.HeaderCaptureBenchmark.capture-jmh-worker-1 ERROR Unable to locate appender "gui-log-event" for logger config "root"
1982,478 ns/op
# Warmup Iteration   2: 1653,488 ns/op
# Warmup Iteration   3: 1541,491 ns/op
Iteration   1: 1617,816 ns/op
                 gc.alloc.rate:      13049,307 MB/sec
                 gc.alloc.rate.norm: 22144,023 B/op
                 gc.count:           10,000 counts
                 gc.time:            6,000 ms
                 process.cpu:        1676,358 ns/op

Iteration   2: 1542,524 ns/op
                 gc.alloc.rate:      13686,839 MB/sec
                 gc.alloc.rate.norm: 22144,022 B/op
                 gc.count:           10,000 counts
                 gc.time:            5,000 ms
                 process.cpu:        1599,958 ns/op

Iteration   3: 1548,035 ns/op
                 gc.alloc.rate:      13637,003 MB/sec
                 gc.alloc.rate.norm: 22144,022 B/op
                 gc.count:           10,000 counts
                 gc.time:            5,000 ms
                 process.cpu:        1602,324 ns/op

Iteration   4: 1548,260 ns/op
                 gc.alloc.rate:      13635,232 MB/sec
                 gc.alloc.rate.norm: 22144,022 B/op
                 gc.count:           10,000 counts
                 gc.time:            6,000 ms
                 process.cpu:        1604,604 ns/op


# Run progress: 2,98% complete, ETA 00:10:41
# Fork: 2 of 2
# Warmup Iteration   1: 2026-09-12T07:19:37.725987Z org.apache.jmeter.protocol.http.sampler.HeaderCaptureBenchmark.capture-jmh-worker-1 ERROR Error processing element GuiLogEvent ([Appenders: null]): CLASS_NOT_FOUND
2026-09-12T07:19:37.754268Z org.apache.jmeter.protocol.http.sampler.HeaderCaptureBenchmark.capture-jmh-worker-1 ERROR Unable to locate appender "gui-log-event" for logger config "root"
2004,029 ns/op
# Warmup Iteration   2: 1655,692 ns/op
# Warmup Iteration   3: 1554,190 ns/op
Iteration   1: 1553,050 ns/op
                 gc.alloc.rate:      13590,864 MB/sec
                 gc.alloc.rate.norm: 22144,022 B/op
                 gc.count:           10,000 counts
                 gc.time:            5,000 ms
                 process.cpu:        1598,645 ns/op

Iteration   2: 1551,537 ns/op
                 gc.alloc.rate:      13606,717 MB/sec
                 gc.alloc.rate.norm: 22144,022 B/op
                 gc.count:           10,000 counts
                 gc.time:            5,000 ms
                 process.cpu:        1602,067 ns/op

Iteration   3: 1549,655 ns/op
                 gc.alloc.rate:      13623,598 MB/sec
                 gc.alloc.rate.norm: 22144,022 B/op
                 gc.count:           10,000 counts
                 gc.time:            6,000 ms
                 process.cpu:        1597,555 ns/op

Iteration   4: 1553,307 ns/op
                 gc.alloc.rate:      13591,516 MB/sec
                 gc.alloc.rate.norm: 22144,022 B/op
                 gc.count:           10,000 counts
                 gc.time:            5,000 ms
                 process.cpu:        1599,932 ns/op



Result "org.apache.jmeter.protocol.http.sampler.HeaderCaptureBenchmark.capture":
  1558,023 ±(99.9%) 46,664 ns/op [Average]
  (min, avg, max) = (1542,524, 1558,023, 1617,816), stdev = 24,406
  CI (99.9%): [1511,359, 1604,687] (assumes normal distribution)

Secondary result "org.apache.jmeter.protocol.http.sampler.HeaderCaptureBenchmark.capture:gc.alloc.rate":
  13552,635 ±(99.9%) 393,318 MB/sec [Average]
  (min, avg, max) = (13049,307, 13552,635, 13686,839), stdev = 205,713
  CI (99.9%): [13159,317, 13945,952] (assumes normal distribution)

Secondary result "org.apache.jmeter.protocol.http.sampler.HeaderCaptureBenchmark.capture:gc.alloc.rate.norm":
  22144,022 ±(99.9%) 0,001 B/op [Average]
  (min, avg, max) = (22144,022, 22144,022, 22144,023), stdev = 0,001
  CI (99.9%): [22144,022, 22144,023] (assumes normal distribution)

Secondary result "org.apache.jmeter.protocol.http.sampler.HeaderCaptureBenchmark.capture:gc.count":
  80,000 ±(99.9%) 0,001 counts [Sum]
  (min, avg, max) = (10,000, 10,000, 10,000), stdev = 0,001
  CI (99.9%): [80,000, 80,000] (assumes normal distribution)

Secondary result "org.apache.jmeter.protocol.http.sampler.HeaderCaptureBenchmark.capture:gc.time":
  43,000 ±(99.9%) 0,001 ms [Sum]
  (min, avg, max) = (5,000, 5,375, 6,000), stdev = 0,518
  CI (99.9%): [43,000, 43,000] (assumes normal distribution)

Secondary result "org.apache.jmeter.protocol.http.sampler.HeaderCaptureBenchmark.capture:process.cpu":
  1610,180 ±(99.9%) 51,304 ns/op [Average]
  (min, avg, max) = (1597,555, 1610,180, 1676,358), stdev = 26,833
  CI (99.9%): [1558,876, 1661,484] (assumes normal distribution)


# JMH version: 1.37
# VM version: JDK 21.0.5, Java HotSpot(TM) 64-Bit Server VM, 21.0.5+9-LTS-239
# VM invoker: /Library/Java/JavaVirtualMachines/jdk-21.jdk/Contents/Home/bin/java
# VM options: -Djdk.net.hosts.file=/etc/hosts -Djdk.net.hosts.file=/etc/hosts
# Blackhole mode: compiler (auto-detected, use -Djmh.blackhole.autoDetect=false to disable)
# Warmup: 3 iterations, 500 ms each
# Measurement: 4 iterations, 500 ms each
# Timeout: 10 min per iteration
# Threads: 1 thread, will synchronize iterations
# Benchmark mode: Average time, time/op
# Benchmark: org.apache.jmeter.protocol.http.sampler.HeaderCaptureBenchmark.capture
# Parameters: (deferred = false, protocol = h1, readers = request, totalBytes = 400)

# Run progress: 3,57% complete, ETA 00:10:35
# Fork: 1 of 2
# Warmup Iteration   1: 2026-09-12T07:19:41.600058Z org.apache.jmeter.protocol.http.sampler.HeaderCaptureBenchmark.capture-jmh-worker-1 ERROR Error processing element GuiLogEvent ([Appenders: null]): CLASS_NOT_FOUND
2026-09-12T07:19:41.629163Z org.apache.jmeter.protocol.http.sampler.HeaderCaptureBenchmark.capture-jmh-worker-1 ERROR Unable to locate appender "gui-log-event" for logger config "root"
254,591 ns/op
# Warmup Iteration   2: 174,361 ns/op
# Warmup Iteration   3: 181,280 ns/op
Iteration   1: 174,638 ns/op
                 gc.alloc.rate:      7948,640 MB/sec
                 gc.alloc.rate.norm: 1456,003 B/op
                 gc.count:           7,000 counts
                 gc.time:            3,000 ms
                 process.cpu:        177,271 ns/op

Iteration   2: 173,343 ns/op
                 gc.alloc.rate:      8007,087 MB/sec
                 gc.alloc.rate.norm: 1456,002 B/op
                 gc.count:           7,000 counts
                 gc.time:            4,000 ms
                 process.cpu:        176,675 ns/op

Iteration   3: 172,440 ns/op
                 gc.alloc.rate:      8049,500 MB/sec
                 gc.alloc.rate.norm: 1456,002 B/op
                 gc.count:           7,000 counts
                 gc.time:            4,000 ms
                 process.cpu:        178,753 ns/op

Iteration   4: 173,143 ns/op
                 gc.alloc.rate:      8017,096 MB/sec
                 gc.alloc.rate.norm: 1456,002 B/op
                 gc.count:           8,000 counts
                 gc.time:            4,000 ms
                 process.cpu:        177,467 ns/op


# Run progress: 4,17% complete, ETA 00:10:30
# Fork: 2 of 2
# Warmup Iteration   1: 2026-09-12T07:19:45.471869Z org.apache.jmeter.protocol.http.sampler.HeaderCaptureBenchmark.capture-jmh-worker-1 ERROR Error processing element GuiLogEvent ([Appenders: null]): CLASS_NOT_FOUND
2026-09-12T07:19:45.500254Z org.apache.jmeter.protocol.http.sampler.HeaderCaptureBenchmark.capture-jmh-worker-1 ERROR Unable to locate appender "gui-log-event" for logger config "root"
247,036 ns/op
# Warmup Iteration   2: 174,592 ns/op
# Warmup Iteration   3: 176,590 ns/op
Iteration   1: 172,568 ns/op
                 gc.alloc.rate:      8043,824 MB/sec
                 gc.alloc.rate.norm: 1456,002 B/op
                 gc.count:           9,000 counts
                 gc.time:            4,000 ms
                 process.cpu:        177,595 ns/op

Iteration   2: 173,579 ns/op
                 gc.alloc.rate:      7997,069 MB/sec
                 gc.alloc.rate.norm: 1456,002 B/op
                 gc.count:           9,000 counts
                 gc.time:            5,000 ms
                 process.cpu:        178,252 ns/op

Iteration   3: 173,766 ns/op
                 gc.alloc.rate:      7988,019 MB/sec
                 gc.alloc.rate.norm: 1456,003 B/op
                 gc.count:           9,000 counts
                 gc.time:            5,000 ms
                 process.cpu:        178,176 ns/op

Iteration   4: 173,558 ns/op
                 gc.alloc.rate:      7998,141 MB/sec
                 gc.alloc.rate.norm: 1456,002 B/op
                 gc.count:           9,000 counts
                 gc.time:            4,000 ms
                 process.cpu:        178,362 ns/op



Result "org.apache.jmeter.protocol.http.sampler.HeaderCaptureBenchmark.capture":
  173,379 ±(99.9%) 1,333 ns/op [Average]
  (min, avg, max) = (172,440, 173,379, 174,638), stdev = 0,697
  CI (99.9%): [172,046, 174,712] (assumes normal distribution)

Secondary result "org.apache.jmeter.protocol.http.sampler.HeaderCaptureBenchmark.capture:gc.alloc.rate":
  8006,172 ±(99.9%) 61,328 MB/sec [Average]
  (min, avg, max) = (7948,640, 8006,172, 8049,500), stdev = 32,076
  CI (99.9%): [7944,844, 8067,500] (assumes normal distribution)

Secondary result "org.apache.jmeter.protocol.http.sampler.HeaderCaptureBenchmark.capture:gc.alloc.rate.norm":
  1456,002 ±(99.9%) 0,001 B/op [Average]
  (min, avg, max) = (1456,002, 1456,002, 1456,003), stdev = 0,001
  CI (99.9%): [1456,002, 1456,003] (assumes normal distribution)

Secondary result "org.apache.jmeter.protocol.http.sampler.HeaderCaptureBenchmark.capture:gc.count":
  65,000 ±(99.9%) 0,001 counts [Sum]
  (min, avg, max) = (7,000, 8,125, 9,000), stdev = 0,991
  CI (99.9%): [65,000, 65,000] (assumes normal distribution)

Secondary result "org.apache.jmeter.protocol.http.sampler.HeaderCaptureBenchmark.capture:gc.time":
  33,000 ±(99.9%) 0,001 ms [Sum]
  (min, avg, max) = (3,000, 4,125, 5,000), stdev = 0,641
  CI (99.9%): [33,000, 33,000] (assumes normal distribution)

Secondary result "org.apache.jmeter.protocol.http.sampler.HeaderCaptureBenchmark.capture:process.cpu":
  177,819 ±(99.9%) 1,306 ns/op [Average]
  (min, avg, max) = (176,675, 177,819, 178,753), stdev = 0,683
  CI (99.9%): [176,513, 179,125] (assumes normal distribution)


# JMH version: 1.37
# VM version: JDK 21.0.5, Java HotSpot(TM) 64-Bit Server VM, 21.0.5+9-LTS-239
# VM invoker: /Library/Java/JavaVirtualMachines/jdk-21.jdk/Contents/Home/bin/java
# VM options: -Djdk.net.hosts.file=/etc/hosts -Djdk.net.hosts.file=/etc/hosts
# Blackhole mode: compiler (auto-detected, use -Djmh.blackhole.autoDetect=false to disable)
# Warmup: 3 iterations, 500 ms each
# Measurement: 4 iterations, 500 ms each
# Timeout: 10 min per iteration
# Threads: 1 thread, will synchronize iterations
# Benchmark mode: Average time, time/op
# Benchmark: org.apache.jmeter.protocol.http.sampler.HeaderCaptureBenchmark.capture
# Parameters: (deferred = false, protocol = h1, readers = request, totalBytes = 1600)

# Run progress: 4,76% complete, ETA 00:10:25
# Fork: 1 of 2
# Warmup Iteration   1: 2026-09-12T07:19:49.357750Z org.apache.jmeter.protocol.http.sampler.HeaderCaptureBenchmark.capture-jmh-worker-1 ERROR Error processing element GuiLogEvent ([Appenders: null]): CLASS_NOT_FOUND
2026-09-12T07:19:49.388812Z org.apache.jmeter.protocol.http.sampler.HeaderCaptureBenchmark.capture-jmh-worker-1 ERROR Unable to locate appender "gui-log-event" for logger config "root"
715,972 ns/op
# Warmup Iteration   2: 570,156 ns/op
# Warmup Iteration   3: 569,937 ns/op
Iteration   1: 566,387 ns/op
                 gc.alloc.rate:      8928,051 MB/sec
                 gc.alloc.rate.norm: 5304,008 B/op
                 gc.count:           8,000 counts
                 gc.time:            4,000 ms
                 process.cpu:        581,199 ns/op

Iteration   2: 566,486 ns/op
                 gc.alloc.rate:      8926,723 MB/sec
                 gc.alloc.rate.norm: 5304,008 B/op
                 gc.count:           8,000 counts
                 gc.time:            5,000 ms
                 process.cpu:        579,539 ns/op

Iteration   3: 573,867 ns/op
                 gc.alloc.rate:      8811,968 MB/sec
                 gc.alloc.rate.norm: 5304,008 B/op
                 gc.count:           8,000 counts
                 gc.time:            4,000 ms
                 process.cpu:        588,273 ns/op

Iteration   4: 565,208 ns/op
                 gc.alloc.rate:      8946,692 MB/sec
                 gc.alloc.rate.norm: 5304,008 B/op
                 gc.count:           8,000 counts
                 gc.time:            4,000 ms
                 process.cpu:        579,280 ns/op


# Run progress: 5,36% complete, ETA 00:10:21
# Fork: 2 of 2
# Warmup Iteration   1: 2026-09-12T07:19:53.245905Z org.apache.jmeter.protocol.http.sampler.HeaderCaptureBenchmark.capture-jmh-worker-1 ERROR Error processing element GuiLogEvent ([Appenders: null]): CLASS_NOT_FOUND
2026-09-12T07:19:53.275245Z org.apache.jmeter.protocol.http.sampler.HeaderCaptureBenchmark.capture-jmh-worker-1 ERROR Unable to locate appender "gui-log-event" for logger config "root"
741,406 ns/op
# Warmup Iteration   2: 554,303 ns/op
# Warmup Iteration   3: 556,842 ns/op
Iteration   1: 544,269 ns/op
                 gc.alloc.rate:      9290,759 MB/sec
                 gc.alloc.rate.norm: 5304,008 B/op
                 gc.count:           9,000 counts
                 gc.time:            5,000 ms
                 process.cpu:        560,722 ns/op

Iteration   2: 550,653 ns/op
                 gc.alloc.rate:      9183,063 MB/sec
                 gc.alloc.rate.norm: 5304,008 B/op
                 gc.count:           8,000 counts
                 gc.time:            4,000 ms
                 process.cpu:        563,666 ns/op

Iteration   3: 552,865 ns/op
                 gc.alloc.rate:      9146,512 MB/sec
                 gc.alloc.rate.norm: 5304,008 B/op
                 gc.count:           9,000 counts
                 gc.time:            5,000 ms
                 process.cpu:        579,422 ns/op

Iteration   4: 546,326 ns/op
                 gc.alloc.rate:      9256,032 MB/sec
                 gc.alloc.rate.norm: 5304,008 B/op
                 gc.count:           8,000 counts
                 gc.time:            4,000 ms
                 process.cpu:        560,062 ns/op



Result "org.apache.jmeter.protocol.http.sampler.HeaderCaptureBenchmark.capture":
  558,258 ±(99.9%) 21,077 ns/op [Average]
  (min, avg, max) = (544,269, 558,258, 573,867), stdev = 11,024
  CI (99.9%): [537,180, 579,335] (assumes normal distribution)

Secondary result "org.apache.jmeter.protocol.http.sampler.HeaderCaptureBenchmark.capture:gc.alloc.rate":
  9061,225 ±(99.9%) 341,892 MB/sec [Average]
  (min, avg, max) = (8811,968, 9061,225, 9290,759), stdev = 178,816
  CI (99.9%): [8719,332, 9403,117] (assumes normal distribution)

Secondary result "org.apache.jmeter.protocol.http.sampler.HeaderCaptureBenchmark.capture:gc.alloc.rate.norm":
  5304,008 ±(99.9%) 0,001 B/op [Average]
  (min, avg, max) = (5304,008, 5304,008, 5304,008), stdev = 0,001
  CI (99.9%): [5304,008, 5304,008] (assumes normal distribution)

Secondary result "org.apache.jmeter.protocol.http.sampler.HeaderCaptureBenchmark.capture:gc.count":
  66,000 ±(99.9%) 0,001 counts [Sum]
  (min, avg, max) = (8,000, 8,250, 9,000), stdev = 0,463
  CI (99.9%): [66,000, 66,000] (assumes normal distribution)

Secondary result "org.apache.jmeter.protocol.http.sampler.HeaderCaptureBenchmark.capture:gc.time":
  35,000 ±(99.9%) 0,001 ms [Sum]
  (min, avg, max) = (4,000, 4,375, 5,000), stdev = 0,518
  CI (99.9%): [35,000, 35,000] (assumes normal distribution)

Secondary result "org.apache.jmeter.protocol.http.sampler.HeaderCaptureBenchmark.capture:process.cpu":
  574,020 ±(99.9%) 20,705 ns/op [Average]
  (min, avg, max) = (560,062, 574,020, 588,273), stdev = 10,829
  CI (99.9%): [553,315, 594,725] (assumes normal distribution)


# JMH version: 1.37
# VM version: JDK 21.0.5, Java HotSpot(TM) 64-Bit Server VM, 21.0.5+9-LTS-239
# VM invoker: /Library/Java/JavaVirtualMachines/jdk-21.jdk/Contents/Home/bin/java
# VM options: -Djdk.net.hosts.file=/etc/hosts -Djdk.net.hosts.file=/etc/hosts
# Blackhole mode: compiler (auto-detected, use -Djmh.blackhole.autoDetect=false to disable)
# Warmup: 3 iterations, 500 ms each
# Measurement: 4 iterations, 500 ms each
# Timeout: 10 min per iteration
# Threads: 1 thread, will synchronize iterations
# Benchmark mode: Average time, time/op
# Benchmark: org.apache.jmeter.protocol.http.sampler.HeaderCaptureBenchmark.capture
# Parameters: (deferred = false, protocol = h1, readers = request, totalBytes = 8192)

# Run progress: 5,95% complete, ETA 00:10:17
# Fork: 1 of 2
# Warmup Iteration   1: 2026-09-12T07:19:57.134106Z org.apache.jmeter.protocol.http.sampler.HeaderCaptureBenchmark.capture-jmh-worker-1 ERROR Error processing element GuiLogEvent ([Appenders: null]): CLASS_NOT_FOUND
2026-09-12T07:19:57.163471Z org.apache.jmeter.protocol.http.sampler.HeaderCaptureBenchmark.capture-jmh-worker-1 ERROR Unable to locate appender "gui-log-event" for logger config "root"
1997,572 ns/op
# Warmup Iteration   2: 1620,540 ns/op
# Warmup Iteration   3: 1582,084 ns/op
Iteration   1: 1572,243 ns/op
                 gc.alloc.rate:      13427,476 MB/sec
                 gc.alloc.rate.norm: 22144,023 B/op
                 gc.count:           11,000 counts
                 gc.time:            6,000 ms
                 process.cpu:        1623,655 ns/op

Iteration   2: 1598,420 ns/op
                 gc.alloc.rate:      13207,499 MB/sec
                 gc.alloc.rate.norm: 22144,023 B/op
                 gc.count:           12,000 counts
                 gc.time:            6,000 ms
                 process.cpu:        1650,542 ns/op

Iteration   3: 1576,976 ns/op
                 gc.alloc.rate:      13386,918 MB/sec
                 gc.alloc.rate.norm: 22144,023 B/op
                 gc.count:           11,000 counts
                 gc.time:            5,000 ms
                 process.cpu:        1662,917 ns/op

Iteration   4: 1574,917 ns/op
                 gc.alloc.rate:      13405,179 MB/sec
                 gc.alloc.rate.norm: 22144,023 B/op
                 gc.count:           11,000 counts
                 gc.time:            6,000 ms
                 process.cpu:        1626,835 ns/op


# Run progress: 6,55% complete, ETA 00:10:12
# Fork: 2 of 2
# Warmup Iteration   1: 2026-09-12T07:20:01.003568Z org.apache.jmeter.protocol.http.sampler.HeaderCaptureBenchmark.capture-jmh-worker-1 ERROR Error processing element GuiLogEvent ([Appenders: null]): CLASS_NOT_FOUND
2026-09-12T07:20:01.032178Z org.apache.jmeter.protocol.http.sampler.HeaderCaptureBenchmark.capture-jmh-worker-1 ERROR Unable to locate appender "gui-log-event" for logger config "root"
1962,658 ns/op
# Warmup Iteration   2: 1706,610 ns/op
# Warmup Iteration   3: 1555,899 ns/op
Iteration   1: 1555,720 ns/op
                 gc.alloc.rate:      13570,550 MB/sec
                 gc.alloc.rate.norm: 22144,022 B/op
                 gc.count:           10,000 counts
                 gc.time:            5,000 ms
                 process.cpu:        1615,962 ns/op

Iteration   2: 1558,454 ns/op
                 gc.alloc.rate:      13546,090 MB/sec
                 gc.alloc.rate.norm: 22144,022 B/op
                 gc.count:           9,000 counts
                 gc.time:            5,000 ms
                 process.cpu:        1610,271 ns/op

Iteration   3: 1557,787 ns/op
                 gc.alloc.rate:      13552,462 MB/sec
                 gc.alloc.rate.norm: 22144,022 B/op
                 gc.count:           10,000 counts
                 gc.time:            5,000 ms
                 process.cpu:        1620,266 ns/op

Iteration   4: 1561,730 ns/op
                 gc.alloc.rate:      13517,978 MB/sec
                 gc.alloc.rate.norm: 22144,022 B/op
                 gc.count:           10,000 counts
                 gc.time:            5,000 ms
                 process.cpu:        1624,265 ns/op



Result "org.apache.jmeter.protocol.http.sampler.HeaderCaptureBenchmark.capture":
  1569,531 ±(99.9%) 27,410 ns/op [Average]
  (min, avg, max) = (1555,720, 1569,531, 1598,420), stdev = 14,336
  CI (99.9%): [1542,121, 1596,941] (assumes normal distribution)

Secondary result "org.apache.jmeter.protocol.http.sampler.HeaderCaptureBenchmark.capture:gc.alloc.rate":
  13451,769 ±(99.9%) 233,232 MB/sec [Average]
  (min, avg, max) = (13207,499, 13451,769, 13570,550), stdev = 121,985
  CI (99.9%): [13218,537, 13685,002] (assumes normal distribution)

Secondary result "org.apache.jmeter.protocol.http.sampler.HeaderCaptureBenchmark.capture:gc.alloc.rate.norm":
  22144,022 ±(99.9%) 0,001 B/op [Average]
  (min, avg, max) = (22144,022, 22144,022, 22144,023), stdev = 0,001
  CI (99.9%): [22144,022, 22144,023] (assumes normal distribution)

Secondary result "org.apache.jmeter.protocol.http.sampler.HeaderCaptureBenchmark.capture:gc.count":
  84,000 ±(99.9%) 0,001 counts [Sum]
  (min, avg, max) = (9,000, 10,500, 12,000), stdev = 0,926
  CI (99.9%): [84,000, 84,000] (assumes normal distribution)

Secondary result "org.apache.jmeter.protocol.http.sampler.HeaderCaptureBenchmark.capture:gc.time":
  43,000 ±(99.9%) 0,001 ms [Sum]
  (min, avg, max) = (5,000, 5,375, 6,000), stdev = 0,518
  CI (99.9%): [43,000, 43,000] (assumes normal distribution)

Secondary result "org.apache.jmeter.protocol.http.sampler.HeaderCaptureBenchmark.capture:process.cpu":
  1629,339 ±(99.9%) 34,402 ns/op [Average]
  (min, avg, max) = (1610,271, 1629,339, 1662,917), stdev = 17,993
  CI (99.9%): [1594,937, 1663,741] (assumes normal distribution)


# JMH version: 1.37
# VM version: JDK 21.0.5, Java HotSpot(TM) 64-Bit Server VM, 21.0.5+9-LTS-239
# VM invoker: /Library/Java/JavaVirtualMachines/jdk-21.jdk/Contents/Home/bin/java
# VM options: -Djdk.net.hosts.file=/etc/hosts -Djdk.net.hosts.file=/etc/hosts
# Blackhole mode: compiler (auto-detected, use -Djmh.blackhole.autoDetect=false to disable)
# Warmup: 3 iterations, 500 ms each
# Measurement: 4 iterations, 500 ms each
# Timeout: 10 min per iteration
# Threads: 1 thread, will synchronize iterations
# Benchmark mode: Average time, time/op
# Benchmark: org.apache.jmeter.protocol.http.sampler.HeaderCaptureBenchmark.capture
# Parameters: (deferred = false, protocol = h1, readers = response, totalBytes = 400)

# Run progress: 7,14% complete, ETA 00:10:08
# Fork: 1 of 2
# Warmup Iteration   1: 2026-09-12T07:20:04.908049Z org.apache.jmeter.protocol.http.sampler.HeaderCaptureBenchmark.capture-jmh-worker-1 ERROR Error processing element GuiLogEvent ([Appenders: null]): CLASS_NOT_FOUND
2026-09-12T07:20:04.938449Z org.apache.jmeter.protocol.http.sampler.HeaderCaptureBenchmark.capture-jmh-worker-1 ERROR Unable to locate appender "gui-log-event" for logger config "root"
249,867 ns/op
# Warmup Iteration   2: 168,542 ns/op
# Warmup Iteration   3: 171,977 ns/op
Iteration   1: 168,482 ns/op
                 gc.alloc.rate:      8238,920 MB/sec
                 gc.alloc.rate.norm: 1456,002 B/op
                 gc.count:           7,000 counts
                 gc.time:            4,000 ms
                 process.cpu:        172,301 ns/op

Iteration   2: 168,714 ns/op
                 gc.alloc.rate:      8227,837 MB/sec
                 gc.alloc.rate.norm: 1456,002 B/op
                 gc.count:           8,000 counts
                 gc.time:            4,000 ms
                 process.cpu:        173,034 ns/op

Iteration   3: 165,679 ns/op
                 gc.alloc.rate:      8378,505 MB/sec
                 gc.alloc.rate.norm: 1456,002 B/op
                 gc.count:           7,000 counts
                 gc.time:            4,000 ms
                 process.cpu:        169,196 ns/op

Iteration   4: 165,782 ns/op
                 gc.alloc.rate:      8373,145 MB/sec
                 gc.alloc.rate.norm: 1456,002 B/op
                 gc.count:           8,000 counts
                 gc.time:            4,000 ms
                 process.cpu:        170,281 ns/op


# Run progress: 7,74% complete, ETA 00:10:04
# Fork: 2 of 2
# Warmup Iteration   1: 2026-09-12T07:20:08.797470Z org.apache.jmeter.protocol.http.sampler.HeaderCaptureBenchmark.capture-jmh-worker-1 ERROR Error processing element GuiLogEvent ([Appenders: null]): CLASS_NOT_FOUND
2026-09-12T07:20:08.826733Z org.apache.jmeter.protocol.http.sampler.HeaderCaptureBenchmark.capture-jmh-worker-1 ERROR Unable to locate appender "gui-log-event" for logger config "root"
244,384 ns/op
# Warmup Iteration   2: 170,569 ns/op
# Warmup Iteration   3: 173,901 ns/op
Iteration   1: 167,920 ns/op
                 gc.alloc.rate:      8265,374 MB/sec
                 gc.alloc.rate.norm: 1456,002 B/op
                 gc.count:           9,000 counts
                 gc.time:            4,000 ms
                 process.cpu:        172,201 ns/op

Iteration   2: 167,565 ns/op
                 gc.alloc.rate:      8284,199 MB/sec
                 gc.alloc.rate.norm: 1456,002 B/op
                 gc.count:           9,000 counts
                 gc.time:            4,000 ms
                 process.cpu:        171,615 ns/op

Iteration   3: 168,141 ns/op
                 gc.alloc.rate:      8255,377 MB/sec
                 gc.alloc.rate.norm: 1456,002 B/op
                 gc.count:           10,000 counts
                 gc.time:            5,000 ms
                 process.cpu:        173,562 ns/op

Iteration   4: 170,019 ns/op
                 gc.alloc.rate:      8164,196 MB/sec
                 gc.alloc.rate.norm: 1456,002 B/op
                 gc.count:           9,000 counts
                 gc.time:            5,000 ms
                 process.cpu:        173,380 ns/op



Result "org.apache.jmeter.protocol.http.sampler.HeaderCaptureBenchmark.capture":
  167,788 ±(99.9%) 2,797 ns/op [Average]
  (min, avg, max) = (165,679, 167,788, 170,019), stdev = 1,463
  CI (99.9%): [164,991, 170,585] (assumes normal distribution)

Secondary result "org.apache.jmeter.protocol.http.sampler.HeaderCaptureBenchmark.capture:gc.alloc.rate":
  8273,444 ±(99.9%) 138,427 MB/sec [Average]
  (min, avg, max) = (8164,196, 8273,444, 8378,505), stdev = 72,400
  CI (99.9%): [8135,017, 8411,871] (assumes normal distribution)

Secondary result "org.apache.jmeter.protocol.http.sampler.HeaderCaptureBenchmark.capture:gc.alloc.rate.norm":
  1456,002 ±(99.9%) 0,001 B/op [Average]
  (min, avg, max) = (1456,002, 1456,002, 1456,002), stdev = 0,001
  CI (99.9%): [1456,002, 1456,002] (assumes normal distribution)

Secondary result "org.apache.jmeter.protocol.http.sampler.HeaderCaptureBenchmark.capture:gc.count":
  67,000 ±(99.9%) 0,001 counts [Sum]
  (min, avg, max) = (7,000, 8,375, 10,000), stdev = 1,061
  CI (99.9%): [67,000, 67,000] (assumes normal distribution)

Secondary result "org.apache.jmeter.protocol.http.sampler.HeaderCaptureBenchmark.capture:gc.time":
  34,000 ±(99.9%) 0,001 ms [Sum]
  (min, avg, max) = (4,000, 4,250, 5,000), stdev = 0,463
  CI (99.9%): [34,000, 34,000] (assumes normal distribution)

Secondary result "org.apache.jmeter.protocol.http.sampler.HeaderCaptureBenchmark.capture:process.cpu":
  171,946 ±(99.9%) 2,934 ns/op [Average]
  (min, avg, max) = (169,196, 171,946, 173,562), stdev = 1,535
  CI (99.9%): [169,012, 174,880] (assumes normal distribution)


# JMH version: 1.37
# VM version: JDK 21.0.5, Java HotSpot(TM) 64-Bit Server VM, 21.0.5+9-LTS-239
# VM invoker: /Library/Java/JavaVirtualMachines/jdk-21.jdk/Contents/Home/bin/java
# VM options: -Djdk.net.hosts.file=/etc/hosts -Djdk.net.hosts.file=/etc/hosts
# Blackhole mode: compiler (auto-detected, use -Djmh.blackhole.autoDetect=false to disable)
# Warmup: 3 iterations, 500 ms each
# Measurement: 4 iterations, 500 ms each
# Timeout: 10 min per iteration
# Threads: 1 thread, will synchronize iterations
# Benchmark mode: Average time, time/op
# Benchmark: org.apache.jmeter.protocol.http.sampler.HeaderCaptureBenchmark.capture
# Parameters: (deferred = false, protocol = h1, readers = response, totalBytes = 1600)

# Run progress: 8,33% complete, ETA 00:10:00
# Fork: 1 of 2
# Warmup Iteration   1: 2026-09-12T07:20:12.700334Z org.apache.jmeter.protocol.http.sampler.HeaderCaptureBenchmark.capture-jmh-worker-1 ERROR Error processing element GuiLogEvent ([Appenders: null]): CLASS_NOT_FOUND
2026-09-12T07:20:12.729390Z org.apache.jmeter.protocol.http.sampler.HeaderCaptureBenchmark.capture-jmh-worker-1 ERROR Unable to locate appender "gui-log-event" for logger config "root"
766,003 ns/op
# Warmup Iteration   2: 570,663 ns/op
# Warmup Iteration   3: 557,405 ns/op
Iteration   1: 552,176 ns/op
                 gc.alloc.rate:      9158,023 MB/sec
                 gc.alloc.rate.norm: 5304,008 B/op
                 gc.count:           8,000 counts
                 gc.time:            4,000 ms
                 process.cpu:        567,021 ns/op

Iteration   2: 550,501 ns/op
                 gc.alloc.rate:      9185,006 MB/sec
                 gc.alloc.rate.norm: 5304,008 B/op
                 gc.count:           9,000 counts
                 gc.time:            5,000 ms
                 process.cpu:        564,810 ns/op

Iteration   3: 552,089 ns/op
                 gc.alloc.rate:      9159,272 MB/sec
                 gc.alloc.rate.norm: 5304,008 B/op
                 gc.count:           8,000 counts
                 gc.time:            4,000 ms
                 process.cpu:        564,356 ns/op

Iteration   4: 601,625 ns/op
                 gc.alloc.rate:      8402,337 MB/sec
                 gc.alloc.rate.norm: 5304,009 B/op
                 gc.count:           8,000 counts
                 gc.time:            4,000 ms
                 process.cpu:        612,128 ns/op


# Run progress: 8,93% complete, ETA 00:09:56
# Fork: 2 of 2
# Warmup Iteration   1: 2026-09-12T07:20:16.604568Z org.apache.jmeter.protocol.http.sampler.HeaderCaptureBenchmark.capture-jmh-worker-1 ERROR Error processing element GuiLogEvent ([Appenders: null]): CLASS_NOT_FOUND
2026-09-12T07:20:16.633785Z org.apache.jmeter.protocol.http.sampler.HeaderCaptureBenchmark.capture-jmh-worker-1 ERROR Unable to locate appender "gui-log-event" for logger config "root"
740,328 ns/op
# Warmup Iteration   2: 569,189 ns/op
# Warmup Iteration   3: 550,199 ns/op
Iteration   1: 550,674 ns/op
                 gc.alloc.rate:      9182,951 MB/sec
                 gc.alloc.rate.norm: 5304,008 B/op
                 gc.count:           8,000 counts
                 gc.time:            4,000 ms
                 process.cpu:        563,010 ns/op

Iteration   2: 550,915 ns/op
                 gc.alloc.rate:      9176,517 MB/sec
                 gc.alloc.rate.norm: 5304,008 B/op
                 gc.count:           8,000 counts
                 gc.time:            4,000 ms
                 process.cpu:        564,329 ns/op

Iteration   3: 556,455 ns/op
                 gc.alloc.rate:      9087,578 MB/sec
                 gc.alloc.rate.norm: 5304,008 B/op
                 gc.count:           9,000 counts
                 gc.time:            5,000 ms
                 process.cpu:        581,560 ns/op

Iteration   4: 546,915 ns/op
                 gc.alloc.rate:      9245,947 MB/sec
                 gc.alloc.rate.norm: 5304,008 B/op
                 gc.count:           8,000 counts
                 gc.time:            4,000 ms
                 process.cpu:        557,656 ns/op



Result "org.apache.jmeter.protocol.http.sampler.HeaderCaptureBenchmark.capture":
  557,669 ±(99.9%) 34,328 ns/op [Average]
  (min, avg, max) = (546,915, 557,669, 601,625), stdev = 17,954
  CI (99.9%): [523,341, 591,997] (assumes normal distribution)

Secondary result "org.apache.jmeter.protocol.http.sampler.HeaderCaptureBenchmark.capture:gc.alloc.rate":
  9074,704 ±(99.9%) 526,059 MB/sec [Average]
  (min, avg, max) = (8402,337, 9074,704, 9245,947), stdev = 275,139
  CI (99.9%): [8548,644, 9600,763] (assumes normal distribution)

Secondary result "org.apache.jmeter.protocol.http.sampler.HeaderCaptureBenchmark.capture:gc.alloc.rate.norm":
  5304,008 ±(99.9%) 0,001 B/op [Average]
  (min, avg, max) = (5304,008, 5304,008, 5304,009), stdev = 0,001
  CI (99.9%): [5304,007, 5304,008] (assumes normal distribution)

Secondary result "org.apache.jmeter.protocol.http.sampler.HeaderCaptureBenchmark.capture:gc.count":
  66,000 ±(99.9%) 0,001 counts [Sum]
  (min, avg, max) = (8,000, 8,250, 9,000), stdev = 0,463
  CI (99.9%): [66,000, 66,000] (assumes normal distribution)

Secondary result "org.apache.jmeter.protocol.http.sampler.HeaderCaptureBenchmark.capture:gc.time":
  34,000 ±(99.9%) 0,001 ms [Sum]
  (min, avg, max) = (4,000, 4,250, 5,000), stdev = 0,463
  CI (99.9%): [34,000, 34,000] (assumes normal distribution)

Secondary result "org.apache.jmeter.protocol.http.sampler.HeaderCaptureBenchmark.capture:process.cpu":
  571,859 ±(99.9%) 33,755 ns/op [Average]
  (min, avg, max) = (557,656, 571,859, 612,128), stdev = 17,655
  CI (99.9%): [538,103, 605,614] (assumes normal distribution)


# JMH version: 1.37
# VM version: JDK 21.0.5, Java HotSpot(TM) 64-Bit Server VM, 21.0.5+9-LTS-239
# VM invoker: /Library/Java/JavaVirtualMachines/jdk-21.jdk/Contents/Home/bin/java
# VM options: -Djdk.net.hosts.file=/etc/hosts -Djdk.net.hosts.file=/etc/hosts
# Blackhole mode: compiler (auto-detected, use -Djmh.blackhole.autoDetect=false to disable)
# Warmup: 3 iterations, 500 ms each
# Measurement: 4 iterations, 500 ms each
# Timeout: 10 min per iteration
# Threads: 1 thread, will synchronize iterations
# Benchmark mode: Average time, time/op
# Benchmark: org.apache.jmeter.protocol.http.sampler.HeaderCaptureBenchmark.capture
# Parameters: (deferred = false, protocol = h1, readers = response, totalBytes = 8192)

# Run progress: 9,52% complete, ETA 00:09:53
# Fork: 1 of 2
# Warmup Iteration   1: 2026-09-12T07:20:20.483585Z org.apache.jmeter.protocol.http.sampler.HeaderCaptureBenchmark.capture-jmh-worker-1 ERROR Error processing element GuiLogEvent ([Appenders: null]): CLASS_NOT_FOUND
2026-09-12T07:20:20.514285Z org.apache.jmeter.protocol.http.sampler.HeaderCaptureBenchmark.capture-jmh-worker-1 ERROR Unable to locate appender "gui-log-event" for logger config "root"
2125,561 ns/op
# Warmup Iteration   2: 1752,696 ns/op
# Warmup Iteration   3: 1570,281 ns/op
Iteration   1: 1564,705 ns/op
                 gc.alloc.rate:      13491,627 MB/sec
                 gc.alloc.rate.norm: 22144,023 B/op
                 gc.count:           9,000 counts
                 gc.time:            5,000 ms
                 process.cpu:        1617,398 ns/op

Iteration   2: 1544,355 ns/op
                 gc.alloc.rate:      13670,562 MB/sec
                 gc.alloc.rate.norm: 22144,022 B/op
                 gc.count:           10,000 counts
                 gc.time:            5,000 ms
                 process.cpu:        1601,107 ns/op

Iteration   3: 1572,431 ns/op
                 gc.alloc.rate:      13425,880 MB/sec
                 gc.alloc.rate.norm: 22144,022 B/op
                 gc.count:           10,000 counts
                 gc.time:            5,000 ms
                 process.cpu:        1653,282 ns/op

Iteration   4: 1580,701 ns/op
                 gc.alloc.rate:      13355,049 MB/sec
                 gc.alloc.rate.norm: 22144,023 B/op
                 gc.count:           10,000 counts
                 gc.time:            6,000 ms
                 process.cpu:        1630,069 ns/op


# Run progress: 10,12% complete, ETA 00:09:49
# Fork: 2 of 2
# Warmup Iteration   1: 2026-09-12T07:20:24.392910Z org.apache.jmeter.protocol.http.sampler.HeaderCaptureBenchmark.capture-jmh-worker-1 ERROR Error processing element GuiLogEvent ([Appenders: null]): CLASS_NOT_FOUND
2026-09-12T07:20:24.421241Z org.apache.jmeter.protocol.http.sampler.HeaderCaptureBenchmark.capture-jmh-worker-1 ERROR Unable to locate appender "gui-log-event" for logger config "root"
2002,849 ns/op
# Warmup Iteration   2: 1544,197 ns/op
# Warmup Iteration   3: 1721,171 ns/op
Iteration   1: 1543,394 ns/op
                 gc.alloc.rate:      13677,882 MB/sec
                 gc.alloc.rate.norm: 22144,022 B/op
                 gc.count:           9,000 counts
                 gc.time:            4,000 ms
                 process.cpu:        1592,064 ns/op

Iteration   2: 1527,175 ns/op
                 gc.alloc.rate:      13808,328 MB/sec
                 gc.alloc.rate.norm: 22144,022 B/op
                 gc.count:           11,000 counts
                 gc.time:            6,000 ms
                 process.cpu:        1590,739 ns/op

Iteration   3: 1540,065 ns/op
                 gc.alloc.rate:      13707,156 MB/sec
                 gc.alloc.rate.norm: 22144,022 B/op
                 gc.count:           9,000 counts
                 gc.time:            5,000 ms
                 process.cpu:        1611,223 ns/op

Iteration   4: 1542,745 ns/op
                 gc.alloc.rate:      13684,598 MB/sec
                 gc.alloc.rate.norm: 22144,022 B/op
                 gc.count:           10,000 counts
                 gc.time:            5,000 ms
                 process.cpu:        1603,119 ns/op



Result "org.apache.jmeter.protocol.http.sampler.HeaderCaptureBenchmark.capture":
  1551,946 ±(99.9%) 35,251 ns/op [Average]
  (min, avg, max) = (1527,175, 1551,946, 1580,701), stdev = 18,437
  CI (99.9%): [1516,696, 1587,197] (assumes normal distribution)

Secondary result "org.apache.jmeter.protocol.http.sampler.HeaderCaptureBenchmark.capture:gc.alloc.rate":
  13602,635 ±(99.9%) 302,389 MB/sec [Average]
  (min, avg, max) = (13355,049, 13602,635, 13808,328), stdev = 158,155
  CI (99.9%): [13300,246, 13905,024] (assumes normal distribution)

Secondary result "org.apache.jmeter.protocol.http.sampler.HeaderCaptureBenchmark.capture:gc.alloc.rate.norm":
  22144,022 ±(99.9%) 0,001 B/op [Average]
  (min, avg, max) = (22144,022, 22144,022, 22144,023), stdev = 0,001
  CI (99.9%): [22144,022, 22144,023] (assumes normal distribution)

Secondary result "org.apache.jmeter.protocol.http.sampler.HeaderCaptureBenchmark.capture:gc.count":
  78,000 ±(99.9%) 0,001 counts [Sum]
  (min, avg, max) = (9,000, 9,750, 11,000), stdev = 0,707
  CI (99.9%): [78,000, 78,000] (assumes normal distribution)

Secondary result "org.apache.jmeter.protocol.http.sampler.HeaderCaptureBenchmark.capture:gc.time":
  41,000 ±(99.9%) 0,001 ms [Sum]
  (min, avg, max) = (4,000, 5,125, 6,000), stdev = 0,641
  CI (99.9%): [41,000, 41,000] (assumes normal distribution)

Secondary result "org.apache.jmeter.protocol.http.sampler.HeaderCaptureBenchmark.capture:process.cpu":
  1612,375 ±(99.9%) 40,277 ns/op [Average]
  (min, avg, max) = (1590,739, 1612,375, 1653,282), stdev = 21,066
  CI (99.9%): [1572,098, 1652,652] (assumes normal distribution)


# JMH version: 1.37
# VM version: JDK 21.0.5, Java HotSpot(TM) 64-Bit Server VM, 21.0.5+9-LTS-239
# VM invoker: /Library/Java/JavaVirtualMachines/jdk-21.jdk/Contents/Home/bin/java
# VM options: -Djdk.net.hosts.file=/etc/hosts -Djdk.net.hosts.file=/etc/hosts
# Blackhole mode: compiler (auto-detected, use -Djmh.blackhole.autoDetect=false to disable)
# Warmup: 3 iterations, 500 ms each
# Measurement: 4 iterations, 500 ms each
# Timeout: 10 min per iteration
# Threads: 1 thread, will synchronize iterations
# Benchmark mode: Average time, time/op
# Benchmark: org.apache.jmeter.protocol.http.sampler.HeaderCaptureBenchmark.capture
# Parameters: (deferred = false, protocol = h1, readers = both25, totalBytes = 400)

# Run progress: 10,71% complete, ETA 00:09:45
# Fork: 1 of 2
# Warmup Iteration   1: 2026-09-12T07:20:28.292894Z org.apache.jmeter.protocol.http.sampler.HeaderCaptureBenchmark.capture-jmh-worker-1 ERROR Error processing element GuiLogEvent ([Appenders: null]): CLASS_NOT_FOUND
2026-09-12T07:20:28.322729Z org.apache.jmeter.protocol.http.sampler.HeaderCaptureBenchmark.capture-jmh-worker-1 ERROR Unable to locate appender "gui-log-event" for logger config "root"
258,457 ns/op
# Warmup Iteration   2: 176,559 ns/op
# Warmup Iteration   3: 175,273 ns/op
Iteration   1: 176,119 ns/op
                 gc.alloc.rate:      7881,536 MB/sec
                 gc.alloc.rate.norm: 1456,003 B/op
                 gc.count:           9,000 counts
                 gc.time:            4,000 ms
                 process.cpu:        180,116 ns/op

Iteration   2: 174,392 ns/op
                 gc.alloc.rate:      7959,693 MB/sec
                 gc.alloc.rate.norm: 1456,003 B/op
                 gc.count:           9,000 counts
                 gc.time:            5,000 ms
                 process.cpu:        178,832 ns/op

Iteration   3: 175,420 ns/op
                 gc.alloc.rate:      7912,798 MB/sec
                 gc.alloc.rate.norm: 1456,003 B/op
                 gc.count:           9,000 counts
                 gc.time:            4,000 ms
                 process.cpu:        178,959 ns/op

Iteration   4: 176,357 ns/op
                 gc.alloc.rate:      7870,848 MB/sec
                 gc.alloc.rate.norm: 1456,003 B/op
                 gc.count:           9,000 counts
                 gc.time:            5,000 ms
                 process.cpu:        180,483 ns/op


# Run progress: 11,31% complete, ETA 00:09:41
# Fork: 2 of 2
# Warmup Iteration   1: 2026-09-12T07:20:32.166042Z org.apache.jmeter.protocol.http.sampler.HeaderCaptureBenchmark.capture-jmh-worker-1 ERROR Error processing element GuiLogEvent ([Appenders: null]): CLASS_NOT_FOUND
2026-09-12T07:20:32.196067Z org.apache.jmeter.protocol.http.sampler.HeaderCaptureBenchmark.capture-jmh-worker-1 ERROR Unable to locate appender "gui-log-event" for logger config "root"
256,489 ns/op
# Warmup Iteration   2: 184,523 ns/op
# Warmup Iteration   3: 188,320 ns/op
Iteration   1: 190,218 ns/op
                 gc.alloc.rate:      7296,940 MB/sec
                 gc.alloc.rate.norm: 1456,003 B/op
                 gc.count:           8,000 counts
                 gc.time:            4,000 ms
                 process.cpu:        193,352 ns/op

Iteration   2: 188,845 ns/op
                 gc.alloc.rate:      7350,898 MB/sec
                 gc.alloc.rate.norm: 1456,003 B/op
                 gc.count:           9,000 counts
                 gc.time:            5,000 ms
                 process.cpu:        194,118 ns/op

Iteration   3: 189,180 ns/op
                 gc.alloc.rate:      7337,215 MB/sec
                 gc.alloc.rate.norm: 1456,003 B/op
                 gc.count:           8,000 counts
                 gc.time:            3,000 ms
                 process.cpu:        193,904 ns/op

Iteration   4: 190,383 ns/op
                 gc.alloc.rate:      7290,439 MB/sec
                 gc.alloc.rate.norm: 1456,003 B/op
                 gc.count:           8,000 counts
                 gc.time:            4,000 ms
                 process.cpu:        194,270 ns/op



Result "org.apache.jmeter.protocol.http.sampler.HeaderCaptureBenchmark.capture":
  182,614 ±(99.9%) 14,468 ns/op [Average]
  (min, avg, max) = (174,392, 182,614, 190,383), stdev = 7,567
  CI (99.9%): [168,147, 197,082] (assumes normal distribution)

Secondary result "org.apache.jmeter.protocol.http.sampler.HeaderCaptureBenchmark.capture:gc.alloc.rate":
  7612,546 ±(99.9%) 603,480 MB/sec [Average]
  (min, avg, max) = (7290,439, 7612,546, 7959,693), stdev = 315,632
  CI (99.9%): [7009,065, 8216,026] (assumes normal distribution)

Secondary result "org.apache.jmeter.protocol.http.sampler.HeaderCaptureBenchmark.capture:gc.alloc.rate.norm":
  1456,003 ±(99.9%) 0,001 B/op [Average]
  (min, avg, max) = (1456,003, 1456,003, 1456,003), stdev = 0,001
  CI (99.9%): [1456,002, 1456,003] (assumes normal distribution)

Secondary result "org.apache.jmeter.protocol.http.sampler.HeaderCaptureBenchmark.capture:gc.count":
  69,000 ±(99.9%) 0,001 counts [Sum]
  (min, avg, max) = (8,000, 8,625, 9,000), stdev = 0,518
  CI (99.9%): [69,000, 69,000] (assumes normal distribution)

Secondary result "org.apache.jmeter.protocol.http.sampler.HeaderCaptureBenchmark.capture:gc.time":
  34,000 ±(99.9%) 0,001 ms [Sum]
  (min, avg, max) = (3,000, 4,250, 5,000), stdev = 0,707
  CI (99.9%): [34,000, 34,000] (assumes normal distribution)

Secondary result "org.apache.jmeter.protocol.http.sampler.HeaderCaptureBenchmark.capture:process.cpu":
  186,754 ±(99.9%) 14,673 ns/op [Average]
  (min, avg, max) = (178,832, 186,754, 194,270), stdev = 7,674
  CI (99.9%): [172,081, 201,428] (assumes normal distribution)


# JMH version: 1.37
# VM version: JDK 21.0.5, Java HotSpot(TM) 64-Bit Server VM, 21.0.5+9-LTS-239
# VM invoker: /Library/Java/JavaVirtualMachines/jdk-21.jdk/Contents/Home/bin/java
# VM options: -Djdk.net.hosts.file=/etc/hosts -Djdk.net.hosts.file=/etc/hosts
# Blackhole mode: compiler (auto-detected, use -Djmh.blackhole.autoDetect=false to disable)
# Warmup: 3 iterations, 500 ms each
# Measurement: 4 iterations, 500 ms each
# Timeout: 10 min per iteration
# Threads: 1 thread, will synchronize iterations
# Benchmark mode: Average time, time/op
# Benchmark: org.apache.jmeter.protocol.http.sampler.HeaderCaptureBenchmark.capture
# Parameters: (deferred = false, protocol = h1, readers = both25, totalBytes = 1600)

# Run progress: 11,90% complete, ETA 00:09:36
# Fork: 1 of 2
# Warmup Iteration   1: 2026-09-12T07:20:36.039229Z org.apache.jmeter.protocol.http.sampler.HeaderCaptureBenchmark.capture-jmh-worker-1 ERROR Error processing element GuiLogEvent ([Appenders: null]): CLASS_NOT_FOUND
2026-09-12T07:20:36.069195Z org.apache.jmeter.protocol.http.sampler.HeaderCaptureBenchmark.capture-jmh-worker-1 ERROR Unable to locate appender "gui-log-event" for logger config "root"
841,739 ns/op
# Warmup Iteration   2: 559,204 ns/op
# Warmup Iteration   3: 551,785 ns/op
Iteration   1: 555,979 ns/op
                 gc.alloc.rate:      9093,598 MB/sec
                 gc.alloc.rate.norm: 5304,008 B/op
                 gc.count:           9,000 counts
                 gc.time:            5,000 ms
                 process.cpu:        572,938 ns/op

Iteration   2: 552,674 ns/op
                 gc.alloc.rate:      9149,801 MB/sec
                 gc.alloc.rate.norm: 5304,008 B/op
                 gc.count:           8,000 counts
                 gc.time:            5,000 ms
                 process.cpu:        565,200 ns/op

Iteration   3: 558,226 ns/op
                 gc.alloc.rate:      9058,338 MB/sec
                 gc.alloc.rate.norm: 5304,008 B/op
                 gc.count:           8,000 counts
                 gc.time:            4,000 ms
                 process.cpu:        569,853 ns/op

Iteration   4: 557,547 ns/op
                 gc.alloc.rate:      9067,084 MB/sec
                 gc.alloc.rate.norm: 5304,008 B/op
                 gc.count:           9,000 counts
                 gc.time:            4,000 ms
                 process.cpu:        570,657 ns/op


# Run progress: 12,50% complete, ETA 00:09:32
# Fork: 2 of 2
# Warmup Iteration   1: 2026-09-12T07:20:39.934174Z org.apache.jmeter.protocol.http.sampler.HeaderCaptureBenchmark.capture-jmh-worker-1 ERROR Error processing element GuiLogEvent ([Appenders: null]): CLASS_NOT_FOUND
2026-09-12T07:20:39.966166Z org.apache.jmeter.protocol.http.sampler.HeaderCaptureBenchmark.capture-jmh-worker-1 ERROR Unable to locate appender "gui-log-event" for logger config "root"
731,677 ns/op
# Warmup Iteration   2: 585,443 ns/op
# Warmup Iteration   3: 558,647 ns/op
Iteration   1: 567,193 ns/op
                 gc.alloc.rate:      8914,442 MB/sec
                 gc.alloc.rate.norm: 5304,008 B/op
                 gc.count:           8,000 counts
                 gc.time:            4,000 ms
                 process.cpu:        576,904 ns/op

Iteration   2: 561,129 ns/op
                 gc.alloc.rate:      9011,146 MB/sec
                 gc.alloc.rate.norm: 5304,008 B/op
                 gc.count:           8,000 counts
                 gc.time:            4,000 ms
                 process.cpu:        572,938 ns/op

Iteration   3: 555,684 ns/op
                 gc.alloc.rate:      9099,762 MB/sec
                 gc.alloc.rate.norm: 5304,008 B/op
                 gc.count:           8,000 counts
                 gc.time:            4,000 ms
                 process.cpu:        571,001 ns/op

Iteration   4: 555,802 ns/op
                 gc.alloc.rate:      9098,124 MB/sec
                 gc.alloc.rate.norm: 5304,008 B/op
                 gc.count:           9,000 counts
                 gc.time:            5,000 ms
                 process.cpu:        573,389 ns/op



Result "org.apache.jmeter.protocol.http.sampler.HeaderCaptureBenchmark.capture":
  558,029 ±(99.9%) 8,465 ns/op [Average]
  (min, avg, max) = (552,674, 558,029, 567,193), stdev = 4,427
  CI (99.9%): [549,564, 566,494] (assumes normal distribution)

Secondary result "org.apache.jmeter.protocol.http.sampler.HeaderCaptureBenchmark.capture:gc.alloc.rate":
  9061,537 ±(99.9%) 136,801 MB/sec [Average]
  (min, avg, max) = (8914,442, 9061,537, 9149,801), stdev = 71,550
  CI (99.9%): [8924,735, 9198,338] (assumes normal distribution)

Secondary result "org.apache.jmeter.protocol.http.sampler.HeaderCaptureBenchmark.capture:gc.alloc.rate.norm":
  5304,008 ±(99.9%) 0,001 B/op [Average]
  (min, avg, max) = (5304,008, 5304,008, 5304,008), stdev = 0,001
  CI (99.9%): [5304,008, 5304,008] (assumes normal distribution)

Secondary result "org.apache.jmeter.protocol.http.sampler.HeaderCaptureBenchmark.capture:gc.count":
  67,000 ±(99.9%) 0,001 counts [Sum]
  (min, avg, max) = (8,000, 8,375, 9,000), stdev = 0,518
  CI (99.9%): [67,000, 67,000] (assumes normal distribution)

Secondary result "org.apache.jmeter.protocol.http.sampler.HeaderCaptureBenchmark.capture:gc.time":
  35,000 ±(99.9%) 0,001 ms [Sum]
  (min, avg, max) = (4,000, 4,375, 5,000), stdev = 0,518
  CI (99.9%): [35,000, 35,000] (assumes normal distribution)

Secondary result "org.apache.jmeter.protocol.http.sampler.HeaderCaptureBenchmark.capture:process.cpu":
  571,610 ±(99.9%) 6,471 ns/op [Average]
  (min, avg, max) = (565,200, 571,610, 576,904), stdev = 3,384
  CI (99.9%): [565,139, 578,081] (assumes normal distribution)


# JMH version: 1.37
# VM version: JDK 21.0.5, Java HotSpot(TM) 64-Bit Server VM, 21.0.5+9-LTS-239
# VM invoker: /Library/Java/JavaVirtualMachines/jdk-21.jdk/Contents/Home/bin/java
# VM options: -Djdk.net.hosts.file=/etc/hosts -Djdk.net.hosts.file=/etc/hosts
# Blackhole mode: compiler (auto-detected, use -Djmh.blackhole.autoDetect=false to disable)
# Warmup: 3 iterations, 500 ms each
# Measurement: 4 iterations, 500 ms each
# Timeout: 10 min per iteration
# Threads: 1 thread, will synchronize iterations
# Benchmark mode: Average time, time/op
# Benchmark: org.apache.jmeter.protocol.http.sampler.HeaderCaptureBenchmark.capture
# Parameters: (deferred = false, protocol = h1, readers = both25, totalBytes = 8192)

# Run progress: 13,10% complete, ETA 00:09:29
# Fork: 1 of 2
# Warmup Iteration   1: 2026-09-12T07:20:43.831443Z org.apache.jmeter.protocol.http.sampler.HeaderCaptureBenchmark.capture-jmh-worker-1 ERROR Error processing element GuiLogEvent ([Appenders: null]): CLASS_NOT_FOUND
2026-09-12T07:20:43.862418Z org.apache.jmeter.protocol.http.sampler.HeaderCaptureBenchmark.capture-jmh-worker-1 ERROR Unable to locate appender "gui-log-event" for logger config "root"
1969,274 ns/op
# Warmup Iteration   2: 1622,979 ns/op
# Warmup Iteration   3: 1532,810 ns/op
Iteration   1: 1612,592 ns/op
                 gc.alloc.rate:      13089,742 MB/sec
                 gc.alloc.rate.norm: 22144,023 B/op
                 gc.count:           10,000 counts
                 gc.time:            5,000 ms
                 process.cpu:        1673,899 ns/op

Iteration   2: 1519,392 ns/op
                 gc.alloc.rate:      13893,807 MB/sec
                 gc.alloc.rate.norm: 22144,022 B/op
                 gc.count:           10,000 counts
                 gc.time:            6,000 ms
                 process.cpu:        1576,141 ns/op

Iteration   3: 1675,101 ns/op
                 gc.alloc.rate:      12601,547 MB/sec
                 gc.alloc.rate.norm: 22144,024 B/op
                 gc.count:           9,000 counts
                 gc.time:            4,000 ms
                 process.cpu:        1693,399 ns/op

Iteration   4: 1549,175 ns/op
                 gc.alloc.rate:      13627,166 MB/sec
                 gc.alloc.rate.norm: 22144,022 B/op
                 gc.count:           9,000 counts
                 gc.time:            5,000 ms
                 process.cpu:        1601,694 ns/op


# Run progress: 13,69% complete, ETA 00:09:25
# Fork: 2 of 2
# Warmup Iteration   1: 2026-09-12T07:20:47.738022Z org.apache.jmeter.protocol.http.sampler.HeaderCaptureBenchmark.capture-jmh-worker-1 ERROR Error processing element GuiLogEvent ([Appenders: null]): CLASS_NOT_FOUND
2026-09-12T07:20:47.766860Z org.apache.jmeter.protocol.http.sampler.HeaderCaptureBenchmark.capture-jmh-worker-1 ERROR Unable to locate appender "gui-log-event" for logger config "root"
2006,830 ns/op
# Warmup Iteration   2: 1637,327 ns/op
# Warmup Iteration   3: 1568,451 ns/op
Iteration   1: 1560,080 ns/op
                 gc.alloc.rate:      13532,053 MB/sec
                 gc.alloc.rate.norm: 22144,022 B/op
                 gc.count:           10,000 counts
                 gc.time:            5,000 ms
                 process.cpu:        1611,018 ns/op

Iteration   2: 1542,762 ns/op
                 gc.alloc.rate:      13683,457 MB/sec
                 gc.alloc.rate.norm: 22144,022 B/op
                 gc.count:           10,000 counts
                 gc.time:            5,000 ms
                 process.cpu:        1591,933 ns/op

Iteration   3: 1549,710 ns/op
                 gc.alloc.rate:      13620,868 MB/sec
                 gc.alloc.rate.norm: 22144,022 B/op
                 gc.count:           10,000 counts
                 gc.time:            5,000 ms
                 process.cpu:        1629,621 ns/op

Iteration   4: 1562,393 ns/op
                 gc.alloc.rate:      13512,348 MB/sec
                 gc.alloc.rate.norm: 22144,022 B/op
                 gc.count:           9,000 counts
                 gc.time:            5,000 ms
                 process.cpu:        1611,900 ns/op



Result "org.apache.jmeter.protocol.http.sampler.HeaderCaptureBenchmark.capture":
  1571,401 ±(99.9%) 94,636 ns/op [Average]
  (min, avg, max) = (1519,392, 1571,401, 1675,101), stdev = 49,496
  CI (99.9%): [1476,765, 1666,037] (assumes normal distribution)

Secondary result "org.apache.jmeter.protocol.http.sampler.HeaderCaptureBenchmark.capture:gc.alloc.rate":
  13445,123 ±(99.9%) 782,389 MB/sec [Average]
  (min, avg, max) = (12601,547, 13445,123, 13893,807), stdev = 409,204
  CI (99.9%): [12662,735, 14227,512] (assumes normal distribution)

Secondary result "org.apache.jmeter.protocol.http.sampler.HeaderCaptureBenchmark.capture:gc.alloc.rate.norm":
  22144,023 ±(99.9%) 0,001 B/op [Average]
  (min, avg, max) = (22144,022, 22144,023, 22144,024), stdev = 0,001
  CI (99.9%): [22144,021, 22144,024] (assumes normal distribution)

Secondary result "org.apache.jmeter.protocol.http.sampler.HeaderCaptureBenchmark.capture:gc.count":
  77,000 ±(99.9%) 0,001 counts [Sum]
  (min, avg, max) = (9,000, 9,625, 10,000), stdev = 0,518
  CI (99.9%): [77,000, 77,000] (assumes normal distribution)

Secondary result "org.apache.jmeter.protocol.http.sampler.HeaderCaptureBenchmark.capture:gc.time":
  40,000 ±(99.9%) 0,001 ms [Sum]
  (min, avg, max) = (4,000, 5,000, 6,000), stdev = 0,535
  CI (99.9%): [40,000, 40,000] (assumes normal distribution)

Secondary result "org.apache.jmeter.protocol.http.sampler.HeaderCaptureBenchmark.capture:process.cpu":
  1623,701 ±(99.9%) 77,390 ns/op [Average]
  (min, avg, max) = (1576,141, 1623,701, 1693,399), stdev = 40,476
  CI (99.9%): [1546,311, 1701,090] (assumes normal distribution)


# JMH version: 1.37
# VM version: JDK 21.0.5, Java HotSpot(TM) 64-Bit Server VM, 21.0.5+9-LTS-239
# VM invoker: /Library/Java/JavaVirtualMachines/jdk-21.jdk/Contents/Home/bin/java
# VM options: -Djdk.net.hosts.file=/etc/hosts -Djdk.net.hosts.file=/etc/hosts
# Blackhole mode: compiler (auto-detected, use -Djmh.blackhole.autoDetect=false to disable)
# Warmup: 3 iterations, 500 ms each
# Measurement: 4 iterations, 500 ms each
# Timeout: 10 min per iteration
# Threads: 1 thread, will synchronize iterations
# Benchmark mode: Average time, time/op
# Benchmark: org.apache.jmeter.protocol.http.sampler.HeaderCaptureBenchmark.capture
# Parameters: (deferred = false, protocol = h1, readers = both50, totalBytes = 400)

# Run progress: 14,29% complete, ETA 00:09:21
# Fork: 1 of 2
# Warmup Iteration   1: 2026-09-12T07:20:51.631303Z org.apache.jmeter.protocol.http.sampler.HeaderCaptureBenchmark.capture-jmh-worker-1 ERROR Error processing element GuiLogEvent ([Appenders: null]): CLASS_NOT_FOUND
2026-09-12T07:20:51.661329Z org.apache.jmeter.protocol.http.sampler.HeaderCaptureBenchmark.capture-jmh-worker-1 ERROR Unable to locate appender "gui-log-event" for logger config "root"
275,953 ns/op
# Warmup Iteration   2: 179,425 ns/op
# Warmup Iteration   3: 179,580 ns/op
Iteration   1: 181,407 ns/op
                 gc.alloc.rate:      7651,604 MB/sec
                 gc.alloc.rate.norm: 1456,003 B/op
                 gc.count:           9,000 counts
                 gc.time:            5,000 ms
                 process.cpu:        186,067 ns/op

Iteration   2: 181,335 ns/op
                 gc.alloc.rate:      7653,991 MB/sec
                 gc.alloc.rate.norm: 1456,003 B/op
                 gc.count:           9,000 counts
                 gc.time:            4,000 ms
                 process.cpu:        185,151 ns/op

Iteration   3: 179,716 ns/op
                 gc.alloc.rate:      7724,385 MB/sec
                 gc.alloc.rate.norm: 1456,003 B/op
                 gc.count:           8,000 counts
                 gc.time:            4,000 ms
                 process.cpu:        183,807 ns/op

Iteration   4: 180,926 ns/op
                 gc.alloc.rate:      7671,985 MB/sec
                 gc.alloc.rate.norm: 1456,003 B/op
                 gc.count:           9,000 counts
                 gc.time:            5,000 ms
                 process.cpu:        185,139 ns/op


# Run progress: 14,88% complete, ETA 00:09:17
# Fork: 2 of 2
# Warmup Iteration   1: 2026-09-12T07:20:55.515887Z org.apache.jmeter.protocol.http.sampler.HeaderCaptureBenchmark.capture-jmh-worker-1 ERROR Error processing element GuiLogEvent ([Appenders: null]): CLASS_NOT_FOUND
2026-09-12T07:20:55.546928Z org.apache.jmeter.protocol.http.sampler.HeaderCaptureBenchmark.capture-jmh-worker-1 ERROR Unable to locate appender "gui-log-event" for logger config "root"
257,623 ns/op
# Warmup Iteration   2: 194,540 ns/op
# Warmup Iteration   3: 198,578 ns/op
Iteration   1: 191,365 ns/op
                 gc.alloc.rate:      7253,622 MB/sec
                 gc.alloc.rate.norm: 1456,003 B/op
                 gc.count:           8,000 counts
                 gc.time:            4,000 ms
                 process.cpu:        197,308 ns/op

Iteration   2: 191,893 ns/op
                 gc.alloc.rate:      7234,338 MB/sec
                 gc.alloc.rate.norm: 1456,003 B/op
                 gc.count:           9,000 counts
                 gc.time:            4,000 ms
                 process.cpu:        197,119 ns/op

Iteration   3: 192,259 ns/op
                 gc.alloc.rate:      7220,420 MB/sec
                 gc.alloc.rate.norm: 1456,003 B/op
                 gc.count:           8,000 counts
                 gc.time:            4,000 ms
                 process.cpu:        196,591 ns/op

Iteration   4: 193,112 ns/op
                 gc.alloc.rate:      7188,340 MB/sec
                 gc.alloc.rate.norm: 1456,003 B/op
                 gc.count:           8,000 counts
                 gc.time:            4,000 ms
                 process.cpu:        197,361 ns/op



Result "org.apache.jmeter.protocol.http.sampler.HeaderCaptureBenchmark.capture":
  186,501 ±(99.9%) 11,638 ns/op [Average]
  (min, avg, max) = (179,716, 186,501, 193,112), stdev = 6,087
  CI (99.9%): [174,864, 198,139] (assumes normal distribution)

Secondary result "org.apache.jmeter.protocol.http.sampler.HeaderCaptureBenchmark.capture:gc.alloc.rate":
  7449,836 ±(99.9%) 464,456 MB/sec [Average]
  (min, avg, max) = (7188,340, 7449,836, 7724,385), stdev = 242,919
  CI (99.9%): [6985,380, 7914,291] (assumes normal distribution)

Secondary result "org.apache.jmeter.protocol.http.sampler.HeaderCaptureBenchmark.capture:gc.alloc.rate.norm":
  1456,003 ±(99.9%) 0,001 B/op [Average]
  (min, avg, max) = (1456,003, 1456,003, 1456,003), stdev = 0,001
  CI (99.9%): [1456,003, 1456,003] (assumes normal distribution)

Secondary result "org.apache.jmeter.protocol.http.sampler.HeaderCaptureBenchmark.capture:gc.count":
  68,000 ±(99.9%) 0,001 counts [Sum]
  (min, avg, max) = (8,000, 8,500, 9,000), stdev = 0,535
  CI (99.9%): [68,000, 68,000] (assumes normal distribution)

Secondary result "org.apache.jmeter.protocol.http.sampler.HeaderCaptureBenchmark.capture:gc.time":
  34,000 ±(99.9%) 0,001 ms [Sum]
  (min, avg, max) = (4,000, 4,250, 5,000), stdev = 0,463
  CI (99.9%): [34,000, 34,000] (assumes normal distribution)

Secondary result "org.apache.jmeter.protocol.http.sampler.HeaderCaptureBenchmark.capture:process.cpu":
  191,068 ±(99.9%) 12,382 ns/op [Average]
  (min, avg, max) = (183,807, 191,068, 197,361), stdev = 6,476
  CI (99.9%): [178,686, 203,450] (assumes normal distribution)


# JMH version: 1.37
# VM version: JDK 21.0.5, Java HotSpot(TM) 64-Bit Server VM, 21.0.5+9-LTS-239
# VM invoker: /Library/Java/JavaVirtualMachines/jdk-21.jdk/Contents/Home/bin/java
# VM options: -Djdk.net.hosts.file=/etc/hosts -Djdk.net.hosts.file=/etc/hosts
# Blackhole mode: compiler (auto-detected, use -Djmh.blackhole.autoDetect=false to disable)
# Warmup: 3 iterations, 500 ms each
# Measurement: 4 iterations, 500 ms each
# Timeout: 10 min per iteration
# Threads: 1 thread, will synchronize iterations
# Benchmark mode: Average time, time/op
# Benchmark: org.apache.jmeter.protocol.http.sampler.HeaderCaptureBenchmark.capture
# Parameters: (deferred = false, protocol = h1, readers = both50, totalBytes = 1600)

# Run progress: 15,48% complete, ETA 00:09:13
# Fork: 1 of 2
# Warmup Iteration   1: 2026-09-12T07:20:59.418664Z org.apache.jmeter.protocol.http.sampler.HeaderCaptureBenchmark.capture-jmh-worker-1 ERROR Error processing element GuiLogEvent ([Appenders: null]): CLASS_NOT_FOUND
2026-09-12T07:20:59.448568Z org.apache.jmeter.protocol.http.sampler.HeaderCaptureBenchmark.capture-jmh-worker-1 ERROR Unable to locate appender "gui-log-event" for logger config "root"
757,891 ns/op
# Warmup Iteration   2: 585,599 ns/op
# Warmup Iteration   3: 553,880 ns/op
Iteration   1: 558,585 ns/op
                 gc.alloc.rate:      9052,609 MB/sec
                 gc.alloc.rate.norm: 5304,008 B/op
                 gc.count:           9,000 counts
                 gc.time:            5,000 ms
                 process.cpu:        571,434 ns/op

Iteration   2: 556,124 ns/op
                 gc.alloc.rate:      9093,152 MB/sec
                 gc.alloc.rate.norm: 5304,008 B/op
                 gc.count:           8,000 counts
                 gc.time:            4,000 ms
                 process.cpu:        568,288 ns/op

Iteration   3: 564,987 ns/op
                 gc.alloc.rate:      8950,184 MB/sec
                 gc.alloc.rate.norm: 5304,008 B/op
                 gc.count:           8,000 counts
                 gc.time:            4,000 ms
                 process.cpu:        586,017 ns/op

Iteration   4: 557,293 ns/op
                 gc.alloc.rate:      9074,077 MB/sec
                 gc.alloc.rate.norm: 5304,008 B/op
                 gc.count:           8,000 counts
                 gc.time:            4,000 ms
                 process.cpu:        571,053 ns/op


# Run progress: 16,07% complete, ETA 00:09:09
# Fork: 2 of 2
# Warmup Iteration   1: 2026-09-12T07:21:03.302099Z org.apache.jmeter.protocol.http.sampler.HeaderCaptureBenchmark.capture-jmh-worker-1 ERROR Error processing element GuiLogEvent ([Appenders: null]): CLASS_NOT_FOUND
2026-09-12T07:21:03.334082Z org.apache.jmeter.protocol.http.sampler.HeaderCaptureBenchmark.capture-jmh-worker-1 ERROR Unable to locate appender "gui-log-event" for logger config "root"
794,779 ns/op
# Warmup Iteration   2: 591,022 ns/op
# Warmup Iteration   3: 554,031 ns/op
Iteration   1: 548,100 ns/op
                 gc.alloc.rate:      9225,485 MB/sec
                 gc.alloc.rate.norm: 5304,008 B/op
                 gc.count:           9,000 counts
                 gc.time:            4,000 ms
                 process.cpu:        564,051 ns/op

Iteration   2: 555,669 ns/op
                 gc.alloc.rate:      9098,110 MB/sec
                 gc.alloc.rate.norm: 5304,008 B/op
                 gc.count:           8,000 counts
                 gc.time:            4,000 ms
                 process.cpu:        571,189 ns/op

Iteration   3: 552,980 ns/op
                 gc.alloc.rate:      9143,784 MB/sec
                 gc.alloc.rate.norm: 5304,008 B/op
                 gc.count:           8,000 counts
                 gc.time:            4,000 ms
                 process.cpu:        570,488 ns/op

Iteration   4: 553,893 ns/op
                 gc.alloc.rate:      9129,498 MB/sec
                 gc.alloc.rate.norm: 5304,008 B/op
                 gc.count:           9,000 counts
                 gc.time:            4,000 ms
                 process.cpu:        568,788 ns/op



Result "org.apache.jmeter.protocol.http.sampler.HeaderCaptureBenchmark.capture":
  555,954 ±(99.9%) 9,289 ns/op [Average]
  (min, avg, max) = (548,100, 555,954, 564,987), stdev = 4,858
  CI (99.9%): [546,665, 565,242] (assumes normal distribution)

Secondary result "org.apache.jmeter.protocol.http.sampler.HeaderCaptureBenchmark.capture:gc.alloc.rate":
  9095,863 ±(99.9%) 151,259 MB/sec [Average]
  (min, avg, max) = (8950,184, 9095,863, 9225,485), stdev = 79,111
  CI (99.9%): [8944,604, 9247,121] (assumes normal distribution)

Secondary result "org.apache.jmeter.protocol.http.sampler.HeaderCaptureBenchmark.capture:gc.alloc.rate.norm":
  5304,008 ±(99.9%) 0,001 B/op [Average]
  (min, avg, max) = (5304,008, 5304,008, 5304,008), stdev = 0,001
  CI (99.9%): [5304,008, 5304,008] (assumes normal distribution)

Secondary result "org.apache.jmeter.protocol.http.sampler.HeaderCaptureBenchmark.capture:gc.count":
  67,000 ±(99.9%) 0,001 counts [Sum]
  (min, avg, max) = (8,000, 8,375, 9,000), stdev = 0,518
  CI (99.9%): [67,000, 67,000] (assumes normal distribution)

Secondary result "org.apache.jmeter.protocol.http.sampler.HeaderCaptureBenchmark.capture:gc.time":
  33,000 ±(99.9%) 0,001 ms [Sum]
  (min, avg, max) = (4,000, 4,125, 5,000), stdev = 0,354
  CI (99.9%): [33,000, 33,000] (assumes normal distribution)

Secondary result "org.apache.jmeter.protocol.http.sampler.HeaderCaptureBenchmark.capture:process.cpu":
  571,414 ±(99.9%) 12,204 ns/op [Average]
  (min, avg, max) = (564,051, 571,414, 586,017), stdev = 6,383
  CI (99.9%): [559,210, 583,617] (assumes normal distribution)


# JMH version: 1.37
# VM version: JDK 21.0.5, Java HotSpot(TM) 64-Bit Server VM, 21.0.5+9-LTS-239
# VM invoker: /Library/Java/JavaVirtualMachines/jdk-21.jdk/Contents/Home/bin/java
# VM options: -Djdk.net.hosts.file=/etc/hosts -Djdk.net.hosts.file=/etc/hosts
# Blackhole mode: compiler (auto-detected, use -Djmh.blackhole.autoDetect=false to disable)
# Warmup: 3 iterations, 500 ms each
# Measurement: 4 iterations, 500 ms each
# Timeout: 10 min per iteration
# Threads: 1 thread, will synchronize iterations
# Benchmark mode: Average time, time/op
# Benchmark: org.apache.jmeter.protocol.http.sampler.HeaderCaptureBenchmark.capture
# Parameters: (deferred = false, protocol = h1, readers = both50, totalBytes = 8192)

# Run progress: 16,67% complete, ETA 00:09:05
# Fork: 1 of 2
# Warmup Iteration   1: 2026-09-12T07:21:07.202430Z org.apache.jmeter.protocol.http.sampler.HeaderCaptureBenchmark.capture-jmh-worker-1 ERROR Error processing element GuiLogEvent ([Appenders: null]): CLASS_NOT_FOUND
2026-09-12T07:21:07.233169Z org.apache.jmeter.protocol.http.sampler.HeaderCaptureBenchmark.capture-jmh-worker-1 ERROR Unable to locate appender "gui-log-event" for logger config "root"
2004,267 ns/op
# Warmup Iteration   2: 1661,937 ns/op
# Warmup Iteration   3: 1583,661 ns/op
Iteration   1: 1614,043 ns/op
                 gc.alloc.rate:      13079,171 MB/sec
                 gc.alloc.rate.norm: 22144,023 B/op
                 gc.count:           9,000 counts
                 gc.time:            5,000 ms
                 process.cpu:        1665,731 ns/op

Iteration   2: 1586,064 ns/op
                 gc.alloc.rate:      13311,035 MB/sec
                 gc.alloc.rate.norm: 22144,023 B/op
                 gc.count:           10,000 counts
                 gc.time:            6,000 ms
                 process.cpu:        1639,714 ns/op

Iteration   3: 1567,230 ns/op
                 gc.alloc.rate:      13469,756 MB/sec
                 gc.alloc.rate.norm: 22144,023 B/op
                 gc.count:           9,000 counts
                 gc.time:            5,000 ms
                 process.cpu:        1639,799 ns/op

Iteration   4: 1584,665 ns/op
                 gc.alloc.rate:      13320,707 MB/sec
                 gc.alloc.rate.norm: 22144,023 B/op
                 gc.count:           10,000 counts
                 gc.time:            5,000 ms
                 process.cpu:        1632,039 ns/op


# Run progress: 17,26% complete, ETA 00:09:01
# Fork: 2 of 2
# Warmup Iteration   1: 2026-09-12T07:21:11.122105Z org.apache.jmeter.protocol.http.sampler.HeaderCaptureBenchmark.capture-jmh-worker-1 ERROR Error processing element GuiLogEvent ([Appenders: null]): CLASS_NOT_FOUND
2026-09-12T07:21:11.153656Z org.apache.jmeter.protocol.http.sampler.HeaderCaptureBenchmark.capture-jmh-worker-1 ERROR Unable to locate appender "gui-log-event" for logger config "root"
2055,879 ns/op
# Warmup Iteration   2: 1825,309 ns/op
# Warmup Iteration   3: 1546,885 ns/op
Iteration   1: 1565,281 ns/op
                 gc.alloc.rate:      13486,212 MB/sec
                 gc.alloc.rate.norm: 22144,022 B/op
                 gc.count:           9,000 counts
                 gc.time:            5,000 ms
                 process.cpu:        1606,616 ns/op

Iteration   2: 1566,617 ns/op
                 gc.alloc.rate:      13474,120 MB/sec
                 gc.alloc.rate.norm: 22144,023 B/op
                 gc.count:           10,000 counts
                 gc.time:            6,000 ms
                 process.cpu:        1621,958 ns/op

Iteration   3: 1573,734 ns/op
                 gc.alloc.rate:      13415,279 MB/sec
                 gc.alloc.rate.norm: 22144,023 B/op
                 gc.count:           9,000 counts
                 gc.time:            4,000 ms
                 process.cpu:        1622,451 ns/op

Iteration   4: 1562,790 ns/op
                 gc.alloc.rate:      13509,163 MB/sec
                 gc.alloc.rate.norm: 22144,022 B/op
                 gc.count:           9,000 counts
                 gc.time:            5,000 ms
                 process.cpu:        1606,559 ns/op



Result "org.apache.jmeter.protocol.http.sampler.HeaderCaptureBenchmark.capture":
  1577,553 ±(99.9%) 32,830 ns/op [Average]
  (min, avg, max) = (1562,790, 1577,553, 1614,043), stdev = 17,171
  CI (99.9%): [1544,723, 1610,383] (assumes normal distribution)

Secondary result "org.apache.jmeter.protocol.http.sampler.HeaderCaptureBenchmark.capture:gc.alloc.rate":
  13383,180 ±(99.9%) 275,002 MB/sec [Average]
  (min, avg, max) = (13079,171, 13383,180, 13509,163), stdev = 143,831
  CI (99.9%): [13108,178, 13658,183] (assumes normal distribution)

Secondary result "org.apache.jmeter.protocol.http.sampler.HeaderCaptureBenchmark.capture:gc.alloc.rate.norm":
  22144,023 ±(99.9%) 0,001 B/op [Average]
  (min, avg, max) = (22144,022, 22144,023, 22144,023), stdev = 0,001
  CI (99.9%): [22144,022, 22144,023] (assumes normal distribution)

Secondary result "org.apache.jmeter.protocol.http.sampler.HeaderCaptureBenchmark.capture:gc.count":
  75,000 ±(99.9%) 0,001 counts [Sum]
  (min, avg, max) = (9,000, 9,375, 10,000), stdev = 0,518
  CI (99.9%): [75,000, 75,000] (assumes normal distribution)

Secondary result "org.apache.jmeter.protocol.http.sampler.HeaderCaptureBenchmark.capture:gc.time":
  41,000 ±(99.9%) 0,001 ms [Sum]
  (min, avg, max) = (4,000, 5,125, 6,000), stdev = 0,641
  CI (99.9%): [41,000, 41,000] (assumes normal distribution)

Secondary result "org.apache.jmeter.protocol.http.sampler.HeaderCaptureBenchmark.capture:process.cpu":
  1629,359 ±(99.9%) 37,453 ns/op [Average]
  (min, avg, max) = (1606,559, 1629,359, 1665,731), stdev = 19,588
  CI (99.9%): [1591,906, 1666,811] (assumes normal distribution)


# JMH version: 1.37
# VM version: JDK 21.0.5, Java HotSpot(TM) 64-Bit Server VM, 21.0.5+9-LTS-239
# VM invoker: /Library/Java/JavaVirtualMachines/jdk-21.jdk/Contents/Home/bin/java
# VM options: -Djdk.net.hosts.file=/etc/hosts -Djdk.net.hosts.file=/etc/hosts
# Blackhole mode: compiler (auto-detected, use -Djmh.blackhole.autoDetect=false to disable)
# Warmup: 3 iterations, 500 ms each
# Measurement: 4 iterations, 500 ms each
# Timeout: 10 min per iteration
# Threads: 1 thread, will synchronize iterations
# Benchmark mode: Average time, time/op
# Benchmark: org.apache.jmeter.protocol.http.sampler.HeaderCaptureBenchmark.capture
# Parameters: (deferred = false, protocol = h1, readers = both75, totalBytes = 400)

# Run progress: 17,86% complete, ETA 00:08:57
# Fork: 1 of 2
# Warmup Iteration   1: 2026-09-12T07:21:15.033689Z org.apache.jmeter.protocol.http.sampler.HeaderCaptureBenchmark.capture-jmh-worker-1 ERROR Error processing element GuiLogEvent ([Appenders: null]): CLASS_NOT_FOUND
2026-09-12T07:21:15.063592Z org.apache.jmeter.protocol.http.sampler.HeaderCaptureBenchmark.capture-jmh-worker-1 ERROR Unable to locate appender "gui-log-event" for logger config "root"
267,182 ns/op
# Warmup Iteration   2: 170,677 ns/op
# Warmup Iteration   3: 177,712 ns/op
Iteration   1: 173,389 ns/op
                 gc.alloc.rate:      8005,341 MB/sec
                 gc.alloc.rate.norm: 1456,002 B/op
                 gc.count:           7,000 counts
                 gc.time:            3,000 ms
                 process.cpu:        177,369 ns/op

Iteration   2: 169,305 ns/op
                 gc.alloc.rate:      8198,861 MB/sec
                 gc.alloc.rate.norm: 1456,002 B/op
                 gc.count:           7,000 counts
                 gc.time:            4,000 ms
                 process.cpu:        171,934 ns/op

Iteration   3: 170,920 ns/op
                 gc.alloc.rate:      8121,556 MB/sec
                 gc.alloc.rate.norm: 1456,002 B/op
                 gc.count:           8,000 counts
                 gc.time:            4,000 ms
                 process.cpu:        175,227 ns/op

Iteration   4: 167,948 ns/op
                 gc.alloc.rate:      8264,996 MB/sec
                 gc.alloc.rate.norm: 1456,002 B/op
                 gc.count:           7,000 counts
                 gc.time:            3,000 ms
                 process.cpu:        171,472 ns/op


# Run progress: 18,45% complete, ETA 00:08:54
# Fork: 2 of 2
# Warmup Iteration   1: 2026-09-12T07:21:18.918265Z org.apache.jmeter.protocol.http.sampler.HeaderCaptureBenchmark.capture-jmh-worker-1 ERROR Error processing element GuiLogEvent ([Appenders: null]): CLASS_NOT_FOUND
2026-09-12T07:21:18.947998Z org.apache.jmeter.protocol.http.sampler.HeaderCaptureBenchmark.capture-jmh-worker-1 ERROR Unable to locate appender "gui-log-event" for logger config "root"
259,980 ns/op
# Warmup Iteration   2: 180,766 ns/op
# Warmup Iteration   3: 171,956 ns/op
Iteration   1: 170,933 ns/op
                 gc.alloc.rate:      8120,322 MB/sec
                 gc.alloc.rate.norm: 1456,002 B/op
                 gc.count:           8,000 counts
                 gc.time:            4,000 ms
                 process.cpu:        175,580 ns/op

Iteration   2: 171,811 ns/op
                 gc.alloc.rate:      8079,587 MB/sec
                 gc.alloc.rate.norm: 1456,002 B/op
                 gc.count:           7,000 counts
                 gc.time:            4,000 ms
                 process.cpu:        175,331 ns/op

Iteration   3: 173,723 ns/op
                 gc.alloc.rate:      7990,641 MB/sec
                 gc.alloc.rate.norm: 1456,002 B/op
                 gc.count:           7,000 counts
                 gc.time:            4,000 ms
                 process.cpu:        177,664 ns/op

Iteration   4: 172,703 ns/op
                 gc.alloc.rate:      8037,277 MB/sec
                 gc.alloc.rate.norm: 1456,002 B/op
                 gc.count:           8,000 counts
                 gc.time:            4,000 ms
                 process.cpu:        176,892 ns/op



Result "org.apache.jmeter.protocol.http.sampler.HeaderCaptureBenchmark.capture":
  171,341 ±(99.9%) 3,821 ns/op [Average]
  (min, avg, max) = (167,948, 171,341, 173,723), stdev = 1,998
  CI (99.9%): [167,521, 175,162] (assumes normal distribution)

Secondary result "org.apache.jmeter.protocol.http.sampler.HeaderCaptureBenchmark.capture:gc.alloc.rate":
  8102,323 ±(99.9%) 181,533 MB/sec [Average]
  (min, avg, max) = (7990,641, 8102,323, 8264,996), stdev = 94,945
  CI (99.9%): [7920,790, 8283,856] (assumes normal distribution)

Secondary result "org.apache.jmeter.protocol.http.sampler.HeaderCaptureBenchmark.capture:gc.alloc.rate.norm":
  1456,002 ±(99.9%) 0,001 B/op [Average]
  (min, avg, max) = (1456,002, 1456,002, 1456,002), stdev = 0,001
  CI (99.9%): [1456,002, 1456,003] (assumes normal distribution)

Secondary result "org.apache.jmeter.protocol.http.sampler.HeaderCaptureBenchmark.capture:gc.count":
  59,000 ±(99.9%) 0,001 counts [Sum]
  (min, avg, max) = (7,000, 7,375, 8,000), stdev = 0,518
  CI (99.9%): [59,000, 59,000] (assumes normal distribution)

Secondary result "org.apache.jmeter.protocol.http.sampler.HeaderCaptureBenchmark.capture:gc.time":
  30,000 ±(99.9%) 0,001 ms [Sum]
  (min, avg, max) = (3,000, 3,750, 4,000), stdev = 0,463
  CI (99.9%): [30,000, 30,000] (assumes normal distribution)

Secondary result "org.apache.jmeter.protocol.http.sampler.HeaderCaptureBenchmark.capture:process.cpu":
  175,184 ±(99.9%) 4,476 ns/op [Average]
  (min, avg, max) = (171,472, 175,184, 177,664), stdev = 2,341
  CI (99.9%): [170,707, 179,660] (assumes normal distribution)


# JMH version: 1.37
# VM version: JDK 21.0.5, Java HotSpot(TM) 64-Bit Server VM, 21.0.5+9-LTS-239
# VM invoker: /Library/Java/JavaVirtualMachines/jdk-21.jdk/Contents/Home/bin/java
# VM options: -Djdk.net.hosts.file=/etc/hosts -Djdk.net.hosts.file=/etc/hosts
# Blackhole mode: compiler (auto-detected, use -Djmh.blackhole.autoDetect=false to disable)
# Warmup: 3 iterations, 500 ms each
# Measurement: 4 iterations, 500 ms each
# Timeout: 10 min per iteration
# Threads: 1 thread, will synchronize iterations
# Benchmark mode: Average time, time/op
# Benchmark: org.apache.jmeter.protocol.http.sampler.HeaderCaptureBenchmark.capture
# Parameters: (deferred = false, protocol = h1, readers = both75, totalBytes = 1600)

# Run progress: 19,05% complete, ETA 00:08:50
# Fork: 1 of 2
# Warmup Iteration   1: 2026-09-12T07:21:22.790771Z org.apache.jmeter.protocol.http.sampler.HeaderCaptureBenchmark.capture-jmh-worker-1 ERROR Error processing element GuiLogEvent ([Appenders: null]): CLASS_NOT_FOUND
2026-09-12T07:21:22.819874Z org.apache.jmeter.protocol.http.sampler.HeaderCaptureBenchmark.capture-jmh-worker-1 ERROR Unable to locate appender "gui-log-event" for logger config "root"
815,745 ns/op
# Warmup Iteration   2: 571,497 ns/op
# Warmup Iteration   3: 566,270 ns/op
Iteration   1: 556,218 ns/op
                 gc.alloc.rate:      9091,280 MB/sec
                 gc.alloc.rate.norm: 5304,008 B/op
                 gc.count:           9,000 counts
                 gc.time:            4,000 ms
                 process.cpu:        570,509 ns/op

Iteration   2: 548,890 ns/op
                 gc.alloc.rate:      9212,619 MB/sec
                 gc.alloc.rate.norm: 5304,008 B/op
                 gc.count:           8,000 counts
                 gc.time:            4,000 ms
                 process.cpu:        565,001 ns/op

Iteration   3: 571,457 ns/op
                 gc.alloc.rate:      8848,005 MB/sec
                 gc.alloc.rate.norm: 5304,008 B/op
                 gc.count:           8,000 counts
                 gc.time:            4,000 ms
                 process.cpu:        587,114 ns/op

Iteration   4: 559,466 ns/op
                 gc.alloc.rate:      9038,277 MB/sec
                 gc.alloc.rate.norm: 5304,008 B/op
                 gc.count:           8,000 counts
                 gc.time:            4,000 ms
                 process.cpu:        574,135 ns/op


# Run progress: 19,64% complete, ETA 00:08:46
# Fork: 2 of 2
# Warmup Iteration   1: 2026-09-12T07:21:26.703829Z org.apache.jmeter.protocol.http.sampler.HeaderCaptureBenchmark.capture-jmh-worker-1 ERROR Error processing element GuiLogEvent ([Appenders: null]): CLASS_NOT_FOUND
2026-09-12T07:21:26.732730Z org.apache.jmeter.protocol.http.sampler.HeaderCaptureBenchmark.capture-jmh-worker-1 ERROR Unable to locate appender "gui-log-event" for logger config "root"
803,264 ns/op
# Warmup Iteration   2: 564,868 ns/op
# Warmup Iteration   3: 556,974 ns/op
Iteration   1: 548,430 ns/op
                 gc.alloc.rate:      9219,142 MB/sec
                 gc.alloc.rate.norm: 5304,008 B/op
                 gc.count:           8,000 counts
                 gc.time:            4,000 ms
                 process.cpu:        562,946 ns/op

Iteration   2: 549,820 ns/op
                 gc.alloc.rate:      9196,892 MB/sec
                 gc.alloc.rate.norm: 5304,008 B/op
                 gc.count:           8,000 counts
                 gc.time:            4,000 ms
                 process.cpu:        564,090 ns/op

Iteration   3: 556,997 ns/op
                 gc.alloc.rate:      9078,525 MB/sec
                 gc.alloc.rate.norm: 5304,008 B/op
                 gc.count:           9,000 counts
                 gc.time:            5,000 ms
                 process.cpu:        574,534 ns/op

Iteration   4: 559,193 ns/op
                 gc.alloc.rate:      9042,288 MB/sec
                 gc.alloc.rate.norm: 5304,008 B/op
                 gc.count:           8,000 counts
                 gc.time:            4,000 ms
                 process.cpu:        570,850 ns/op



Result "org.apache.jmeter.protocol.http.sampler.HeaderCaptureBenchmark.capture":
  556,309 ±(99.9%) 14,587 ns/op [Average]
  (min, avg, max) = (548,430, 556,309, 571,457), stdev = 7,629
  CI (99.9%): [541,721, 570,896] (assumes normal distribution)

Secondary result "org.apache.jmeter.protocol.http.sampler.HeaderCaptureBenchmark.capture:gc.alloc.rate":
  9090,878 ±(99.9%) 236,144 MB/sec [Average]
  (min, avg, max) = (8848,005, 9090,878, 9219,142), stdev = 123,508
  CI (99.9%): [8854,735, 9327,022] (assumes normal distribution)

Secondary result "org.apache.jmeter.protocol.http.sampler.HeaderCaptureBenchmark.capture:gc.alloc.rate.norm":
  5304,008 ±(99.9%) 0,001 B/op [Average]
  (min, avg, max) = (5304,008, 5304,008, 5304,008), stdev = 0,001
  CI (99.9%): [5304,008, 5304,008] (assumes normal distribution)

Secondary result "org.apache.jmeter.protocol.http.sampler.HeaderCaptureBenchmark.capture:gc.count":
  66,000 ±(99.9%) 0,001 counts [Sum]
  (min, avg, max) = (8,000, 8,250, 9,000), stdev = 0,463
  CI (99.9%): [66,000, 66,000] (assumes normal distribution)

Secondary result "org.apache.jmeter.protocol.http.sampler.HeaderCaptureBenchmark.capture:gc.time":
  33,000 ±(99.9%) 0,001 ms [Sum]
  (min, avg, max) = (4,000, 4,125, 5,000), stdev = 0,354
  CI (99.9%): [33,000, 33,000] (assumes normal distribution)

Secondary result "org.apache.jmeter.protocol.http.sampler.HeaderCaptureBenchmark.capture:process.cpu":
  571,147 ±(99.9%) 14,997 ns/op [Average]
  (min, avg, max) = (562,946, 571,147, 587,114), stdev = 7,844
  CI (99.9%): [556,150, 586,144] (assumes normal distribution)


# JMH version: 1.37
# VM version: JDK 21.0.5, Java HotSpot(TM) 64-Bit Server VM, 21.0.5+9-LTS-239
# VM invoker: /Library/Java/JavaVirtualMachines/jdk-21.jdk/Contents/Home/bin/java
# VM options: -Djdk.net.hosts.file=/etc/hosts -Djdk.net.hosts.file=/etc/hosts
# Blackhole mode: compiler (auto-detected, use -Djmh.blackhole.autoDetect=false to disable)
# Warmup: 3 iterations, 500 ms each
# Measurement: 4 iterations, 500 ms each
# Timeout: 10 min per iteration
# Threads: 1 thread, will synchronize iterations
# Benchmark mode: Average time, time/op
# Benchmark: org.apache.jmeter.protocol.http.sampler.HeaderCaptureBenchmark.capture
# Parameters: (deferred = false, protocol = h1, readers = both75, totalBytes = 8192)

# Run progress: 20,24% complete, ETA 00:08:42
# Fork: 1 of 2
# Warmup Iteration   1: 2026-09-12T07:21:30.587563Z org.apache.jmeter.protocol.http.sampler.HeaderCaptureBenchmark.capture-jmh-worker-1 ERROR Error processing element GuiLogEvent ([Appenders: null]): CLASS_NOT_FOUND
2026-09-12T07:21:30.617678Z org.apache.jmeter.protocol.http.sampler.HeaderCaptureBenchmark.capture-jmh-worker-1 ERROR Unable to locate appender "gui-log-event" for logger config "root"
2063,623 ns/op
# Warmup Iteration   2: 1577,828 ns/op
# Warmup Iteration   3: 1577,381 ns/op
Iteration   1: 1626,719 ns/op
                 gc.alloc.rate:      12976,945 MB/sec
                 gc.alloc.rate.norm: 22144,023 B/op
                 gc.count:           11,000 counts
                 gc.time:            6,000 ms
                 process.cpu:        1659,893 ns/op

Iteration   2: 1576,265 ns/op
                 gc.alloc.rate:      13393,406 MB/sec
                 gc.alloc.rate.norm: 22144,023 B/op
                 gc.count:           11,000 counts
                 gc.time:            5,000 ms
                 process.cpu:        1636,106 ns/op

Iteration   3: 1570,564 ns/op
                 gc.alloc.rate:      13442,427 MB/sec
                 gc.alloc.rate.norm: 22144,022 B/op
                 gc.count:           11,000 counts
                 gc.time:            6,000 ms
                 process.cpu:        1628,231 ns/op

Iteration   4: 1584,556 ns/op
                 gc.alloc.rate:      13323,625 MB/sec
                 gc.alloc.rate.norm: 22144,023 B/op
                 gc.count:           11,000 counts
                 gc.time:            6,000 ms
                 process.cpu:        1650,277 ns/op


# Run progress: 20,83% complete, ETA 00:08:38
# Fork: 2 of 2
# Warmup Iteration   1: 2026-09-12T07:21:34.475962Z org.apache.jmeter.protocol.http.sampler.HeaderCaptureBenchmark.capture-jmh-worker-1 ERROR Error processing element GuiLogEvent ([Appenders: null]): CLASS_NOT_FOUND
2026-09-12T07:21:34.507593Z org.apache.jmeter.protocol.http.sampler.HeaderCaptureBenchmark.capture-jmh-worker-1 ERROR Unable to locate appender "gui-log-event" for logger config "root"
1996,820 ns/op
# Warmup Iteration   2: 1645,389 ns/op
# Warmup Iteration   3: 1642,853 ns/op
Iteration   1: 1541,571 ns/op
                 gc.alloc.rate:      13694,651 MB/sec
                 gc.alloc.rate.norm: 22144,022 B/op
                 gc.count:           9,000 counts
                 gc.time:            5,000 ms
                 process.cpu:        1585,530 ns/op

Iteration   2: 1569,839 ns/op
                 gc.alloc.rate:      13447,654 MB/sec
                 gc.alloc.rate.norm: 22144,023 B/op
                 gc.count:           10,000 counts
                 gc.time:            5,000 ms
                 process.cpu:        1621,474 ns/op

Iteration   3: 1546,126 ns/op
                 gc.alloc.rate:      13652,684 MB/sec
                 gc.alloc.rate.norm: 22144,022 B/op
                 gc.count:           9,000 counts
                 gc.time:            5,000 ms
                 process.cpu:        1620,690 ns/op

Iteration   4: 1561,320 ns/op
                 gc.alloc.rate:      13519,937 MB/sec
                 gc.alloc.rate.norm: 22144,022 B/op
                 gc.count:           10,000 counts
                 gc.time:            5,000 ms
                 process.cpu:        1607,152 ns/op



Result "org.apache.jmeter.protocol.http.sampler.HeaderCaptureBenchmark.capture":
  1572,120 ±(99.9%) 50,514 ns/op [Average]
  (min, avg, max) = (1541,571, 1572,120, 1626,719), stdev = 26,420
  CI (99.9%): [1521,606, 1622,634] (assumes normal distribution)

Secondary result "org.apache.jmeter.protocol.http.sampler.HeaderCaptureBenchmark.capture:gc.alloc.rate":
  13431,416 ±(99.9%) 425,130 MB/sec [Average]
  (min, avg, max) = (12976,945, 13431,416, 13694,651), stdev = 222,351
  CI (99.9%): [13006,286, 13856,546] (assumes normal distribution)

Secondary result "org.apache.jmeter.protocol.http.sampler.HeaderCaptureBenchmark.capture:gc.alloc.rate.norm":
  22144,023 ±(99.9%) 0,001 B/op [Average]
  (min, avg, max) = (22144,022, 22144,023, 22144,023), stdev = 0,001
  CI (99.9%): [22144,022, 22144,023] (assumes normal distribution)

Secondary result "org.apache.jmeter.protocol.http.sampler.HeaderCaptureBenchmark.capture:gc.count":
  82,000 ±(99.9%) 0,001 counts [Sum]
  (min, avg, max) = (9,000, 10,250, 11,000), stdev = 0,886
  CI (99.9%): [82,000, 82,000] (assumes normal distribution)

Secondary result "org.apache.jmeter.protocol.http.sampler.HeaderCaptureBenchmark.capture:gc.time":
  43,000 ±(99.9%) 0,001 ms [Sum]
  (min, avg, max) = (5,000, 5,375, 6,000), stdev = 0,518
  CI (99.9%): [43,000, 43,000] (assumes normal distribution)

Secondary result "org.apache.jmeter.protocol.http.sampler.HeaderCaptureBenchmark.capture:process.cpu":
  1626,169 ±(99.9%) 45,054 ns/op [Average]
  (min, avg, max) = (1585,530, 1626,169, 1659,893), stdev = 23,564
  CI (99.9%): [1581,115, 1671,223] (assumes normal distribution)


# JMH version: 1.37
# VM version: JDK 21.0.5, Java HotSpot(TM) 64-Bit Server VM, 21.0.5+9-LTS-239
# VM invoker: /Library/Java/JavaVirtualMachines/jdk-21.jdk/Contents/Home/bin/java
# VM options: -Djdk.net.hosts.file=/etc/hosts -Djdk.net.hosts.file=/etc/hosts
# Blackhole mode: compiler (auto-detected, use -Djmh.blackhole.autoDetect=false to disable)
# Warmup: 3 iterations, 500 ms each
# Measurement: 4 iterations, 500 ms each
# Timeout: 10 min per iteration
# Threads: 1 thread, will synchronize iterations
# Benchmark mode: Average time, time/op
# Benchmark: org.apache.jmeter.protocol.http.sampler.HeaderCaptureBenchmark.capture
# Parameters: (deferred = false, protocol = h1, readers = both100, totalBytes = 400)

# Run progress: 21,43% complete, ETA 00:08:34
# Fork: 1 of 2
# Warmup Iteration   1: 2026-09-12T07:21:38.386544Z org.apache.jmeter.protocol.http.sampler.HeaderCaptureBenchmark.capture-jmh-worker-1 ERROR Error processing element GuiLogEvent ([Appenders: null]): CLASS_NOT_FOUND
2026-09-12T07:21:38.417746Z org.apache.jmeter.protocol.http.sampler.HeaderCaptureBenchmark.capture-jmh-worker-1 ERROR Unable to locate appender "gui-log-event" for logger config "root"
265,321 ns/op
# Warmup Iteration   2: 181,349 ns/op
# Warmup Iteration   3: 184,155 ns/op
Iteration   1: 179,262 ns/op
                 gc.alloc.rate:      7743,239 MB/sec
                 gc.alloc.rate.norm: 1456,003 B/op
                 gc.count:           7,000 counts
                 gc.time:            4,000 ms
                 process.cpu:        182,866 ns/op

Iteration   2: 176,608 ns/op
                 gc.alloc.rate:      7860,240 MB/sec
                 gc.alloc.rate.norm: 1456,003 B/op
                 gc.count:           7,000 counts
                 gc.time:            4,000 ms
                 process.cpu:        180,593 ns/op

Iteration   3: 177,441 ns/op
                 gc.alloc.rate:      7821,998 MB/sec
                 gc.alloc.rate.norm: 1456,003 B/op
                 gc.count:           7,000 counts
                 gc.time:            4,000 ms
                 process.cpu:        184,489 ns/op

Iteration   4: 176,902 ns/op
                 gc.alloc.rate:      7845,902 MB/sec
                 gc.alloc.rate.norm: 1456,003 B/op
                 gc.count:           7,000 counts
                 gc.time:            3,000 ms
                 process.cpu:        180,579 ns/op


# Run progress: 22,02% complete, ETA 00:08:30
# Fork: 2 of 2
# Warmup Iteration   1: 2026-09-12T07:21:42.278146Z org.apache.jmeter.protocol.http.sampler.HeaderCaptureBenchmark.capture-jmh-worker-1 ERROR Error processing element GuiLogEvent ([Appenders: null]): CLASS_NOT_FOUND
2026-09-12T07:21:42.309332Z org.apache.jmeter.protocol.http.sampler.HeaderCaptureBenchmark.capture-jmh-worker-1 ERROR Unable to locate appender "gui-log-event" for logger config "root"
251,005 ns/op
# Warmup Iteration   2: 176,991 ns/op
# Warmup Iteration   3: 174,456 ns/op
Iteration   1: 174,296 ns/op
                 gc.alloc.rate:      7964,136 MB/sec
                 gc.alloc.rate.norm: 1456,002 B/op
                 gc.count:           9,000 counts
                 gc.time:            4,000 ms
                 process.cpu:        178,335 ns/op

Iteration   2: 173,567 ns/op
                 gc.alloc.rate:      7997,377 MB/sec
                 gc.alloc.rate.norm: 1456,002 B/op
                 gc.count:           9,000 counts
                 gc.time:            4,000 ms
                 process.cpu:        178,459 ns/op

Iteration   3: 175,951 ns/op
                 gc.alloc.rate:      7889,404 MB/sec
                 gc.alloc.rate.norm: 1456,003 B/op
                 gc.count:           9,000 counts
                 gc.time:            5,000 ms
                 process.cpu:        180,386 ns/op

Iteration   4: 174,900 ns/op
                 gc.alloc.rate:      7936,720 MB/sec
                 gc.alloc.rate.norm: 1456,003 B/op
                 gc.count:           9,000 counts
                 gc.time:            4,000 ms
                 process.cpu:        178,934 ns/op



Result "org.apache.jmeter.protocol.http.sampler.HeaderCaptureBenchmark.capture":
  176,116 ±(99.9%) 3,527 ns/op [Average]
  (min, avg, max) = (173,567, 176,116, 179,262), stdev = 1,845
  CI (99.9%): [172,588, 179,643] (assumes normal distribution)

Secondary result "org.apache.jmeter.protocol.http.sampler.HeaderCaptureBenchmark.capture:gc.alloc.rate":
  7882,377 ±(99.9%) 157,893 MB/sec [Average]
  (min, avg, max) = (7743,239, 7882,377, 7997,377), stdev = 82,581
  CI (99.9%): [7724,484, 8040,270] (assumes normal distribution)

Secondary result "org.apache.jmeter.protocol.http.sampler.HeaderCaptureBenchmark.capture:gc.alloc.rate.norm":
  1456,003 ±(99.9%) 0,001 B/op [Average]
  (min, avg, max) = (1456,002, 1456,003, 1456,003), stdev = 0,001
  CI (99.9%): [1456,002, 1456,003] (assumes normal distribution)

Secondary result "org.apache.jmeter.protocol.http.sampler.HeaderCaptureBenchmark.capture:gc.count":
  64,000 ±(99.9%) 0,001 counts [Sum]
  (min, avg, max) = (7,000, 8,000, 9,000), stdev = 1,069
  CI (99.9%): [64,000, 64,000] (assumes normal distribution)

Secondary result "org.apache.jmeter.protocol.http.sampler.HeaderCaptureBenchmark.capture:gc.time":
  32,000 ±(99.9%) 0,001 ms [Sum]
  (min, avg, max) = (3,000, 4,000, 5,000), stdev = 0,535
  CI (99.9%): [32,000, 32,000] (assumes normal distribution)

Secondary result "org.apache.jmeter.protocol.http.sampler.HeaderCaptureBenchmark.capture:process.cpu":
  180,580 ±(99.9%) 4,138 ns/op [Average]
  (min, avg, max) = (178,335, 180,580, 184,489), stdev = 2,164
  CI (99.9%): [176,442, 184,718] (assumes normal distribution)


# JMH version: 1.37
# VM version: JDK 21.0.5, Java HotSpot(TM) 64-Bit Server VM, 21.0.5+9-LTS-239
# VM invoker: /Library/Java/JavaVirtualMachines/jdk-21.jdk/Contents/Home/bin/java
# VM options: -Djdk.net.hosts.file=/etc/hosts -Djdk.net.hosts.file=/etc/hosts
# Blackhole mode: compiler (auto-detected, use -Djmh.blackhole.autoDetect=false to disable)
# Warmup: 3 iterations, 500 ms each
# Measurement: 4 iterations, 500 ms each
# Timeout: 10 min per iteration
# Threads: 1 thread, will synchronize iterations
# Benchmark mode: Average time, time/op
# Benchmark: org.apache.jmeter.protocol.http.sampler.HeaderCaptureBenchmark.capture
# Parameters: (deferred = false, protocol = h1, readers = both100, totalBytes = 1600)

# Run progress: 22,62% complete, ETA 00:08:26
# Fork: 1 of 2
# Warmup Iteration   1: 2026-09-12T07:21:46.152700Z org.apache.jmeter.protocol.http.sampler.HeaderCaptureBenchmark.capture-jmh-worker-1 ERROR Error processing element GuiLogEvent ([Appenders: null]): CLASS_NOT_FOUND
2026-09-12T07:21:46.181163Z org.apache.jmeter.protocol.http.sampler.HeaderCaptureBenchmark.capture-jmh-worker-1 ERROR Unable to locate appender "gui-log-event" for logger config "root"
781,734 ns/op
# Warmup Iteration   2: 562,665 ns/op
# Warmup Iteration   3: 562,523 ns/op
Iteration   1: 549,789 ns/op
                 gc.alloc.rate:      9197,688 MB/sec
                 gc.alloc.rate.norm: 5304,008 B/op
                 gc.count:           8,000 counts
                 gc.time:            4,000 ms
                 process.cpu:        565,915 ns/op

Iteration   2: 553,945 ns/op
                 gc.alloc.rate:      9128,871 MB/sec
                 gc.alloc.rate.norm: 5304,008 B/op
                 gc.count:           8,000 counts
                 gc.time:            4,000 ms
                 process.cpu:        568,962 ns/op

Iteration   3: 553,770 ns/op
                 gc.alloc.rate:      9131,345 MB/sec
                 gc.alloc.rate.norm: 5304,008 B/op
                 gc.count:           9,000 counts
                 gc.time:            5,000 ms
                 process.cpu:        569,195 ns/op

Iteration   4: 544,460 ns/op
                 gc.alloc.rate:      9287,350 MB/sec
                 gc.alloc.rate.norm: 5304,008 B/op
                 gc.count:           8,000 counts
                 gc.time:            4,000 ms
                 process.cpu:        558,303 ns/op


# Run progress: 23,21% complete, ETA 00:08:22
# Fork: 2 of 2
# Warmup Iteration   1: 2026-09-12T07:21:50.042811Z org.apache.jmeter.protocol.http.sampler.HeaderCaptureBenchmark.capture-jmh-worker-1 ERROR Error processing element GuiLogEvent ([Appenders: null]): CLASS_NOT_FOUND
2026-09-12T07:21:50.073120Z org.apache.jmeter.protocol.http.sampler.HeaderCaptureBenchmark.capture-jmh-worker-1 ERROR Unable to locate appender "gui-log-event" for logger config "root"
748,310 ns/op
# Warmup Iteration   2: 603,221 ns/op
# Warmup Iteration   3: 554,502 ns/op
Iteration   1: 552,096 ns/op
                 gc.alloc.rate:      9157,562 MB/sec
                 gc.alloc.rate.norm: 5304,008 B/op
                 gc.count:           9,000 counts
                 gc.time:            5,000 ms
                 process.cpu:        570,443 ns/op

Iteration   2: 553,415 ns/op
                 gc.alloc.rate:      9137,137 MB/sec
                 gc.alloc.rate.norm: 5304,008 B/op
                 gc.count:           8,000 counts
                 gc.time:            5,000 ms
                 process.cpu:        561,946 ns/op

Iteration   3: 545,438 ns/op
                 gc.alloc.rate:      9271,105 MB/sec
                 gc.alloc.rate.norm: 5304,008 B/op
                 gc.count:           8,000 counts
                 gc.time:            4,000 ms
                 process.cpu:        559,828 ns/op

Iteration   4: 548,807 ns/op
                 gc.alloc.rate:      9213,733 MB/sec
                 gc.alloc.rate.norm: 5304,008 B/op
                 gc.count:           9,000 counts
                 gc.time:            4,000 ms
                 process.cpu:        564,592 ns/op



Result "org.apache.jmeter.protocol.http.sampler.HeaderCaptureBenchmark.capture":
  550,215 ±(99.9%) 7,170 ns/op [Average]
  (min, avg, max) = (544,460, 550,215, 553,945), stdev = 3,750
  CI (99.9%): [543,045, 557,384] (assumes normal distribution)

Secondary result "org.apache.jmeter.protocol.http.sampler.HeaderCaptureBenchmark.capture:gc.alloc.rate":
  9190,599 ±(99.9%) 120,271 MB/sec [Average]
  (min, avg, max) = (9128,871, 9190,599, 9287,350), stdev = 62,904
  CI (99.9%): [9070,328, 9310,870] (assumes normal distribution)

Secondary result "org.apache.jmeter.protocol.http.sampler.HeaderCaptureBenchmark.capture:gc.alloc.rate.norm":
  5304,008 ±(99.9%) 0,001 B/op [Average]
  (min, avg, max) = (5304,008, 5304,008, 5304,008), stdev = 0,001
  CI (99.9%): [5304,008, 5304,008] (assumes normal distribution)

Secondary result "org.apache.jmeter.protocol.http.sampler.HeaderCaptureBenchmark.capture:gc.count":
  67,000 ±(99.9%) 0,001 counts [Sum]
  (min, avg, max) = (8,000, 8,375, 9,000), stdev = 0,518
  CI (99.9%): [67,000, 67,000] (assumes normal distribution)

Secondary result "org.apache.jmeter.protocol.http.sampler.HeaderCaptureBenchmark.capture:gc.time":
  35,000 ±(99.9%) 0,001 ms [Sum]
  (min, avg, max) = (4,000, 4,375, 5,000), stdev = 0,518
  CI (99.9%): [35,000, 35,000] (assumes normal distribution)

Secondary result "org.apache.jmeter.protocol.http.sampler.HeaderCaptureBenchmark.capture:process.cpu":
  564,898 ±(99.9%) 8,695 ns/op [Average]
  (min, avg, max) = (558,303, 564,898, 570,443), stdev = 4,548
  CI (99.9%): [556,203, 573,593] (assumes normal distribution)


# JMH version: 1.37
# VM version: JDK 21.0.5, Java HotSpot(TM) 64-Bit Server VM, 21.0.5+9-LTS-239
# VM invoker: /Library/Java/JavaVirtualMachines/jdk-21.jdk/Contents/Home/bin/java
# VM options: -Djdk.net.hosts.file=/etc/hosts -Djdk.net.hosts.file=/etc/hosts
# Blackhole mode: compiler (auto-detected, use -Djmh.blackhole.autoDetect=false to disable)
# Warmup: 3 iterations, 500 ms each
# Measurement: 4 iterations, 500 ms each
# Timeout: 10 min per iteration
# Threads: 1 thread, will synchronize iterations
# Benchmark mode: Average time, time/op
# Benchmark: org.apache.jmeter.protocol.http.sampler.HeaderCaptureBenchmark.capture
# Parameters: (deferred = false, protocol = h1, readers = both100, totalBytes = 8192)

# Run progress: 23,81% complete, ETA 00:08:18
# Fork: 1 of 2
# Warmup Iteration   1: 2026-09-12T07:21:53.947372Z org.apache.jmeter.protocol.http.sampler.HeaderCaptureBenchmark.capture-jmh-worker-1 ERROR Error processing element GuiLogEvent ([Appenders: null]): CLASS_NOT_FOUND
2026-09-12T07:21:53.976458Z org.apache.jmeter.protocol.http.sampler.HeaderCaptureBenchmark.capture-jmh-worker-1 ERROR Unable to locate appender "gui-log-event" for logger config "root"
2001,162 ns/op
# Warmup Iteration   2: 1720,452 ns/op
# Warmup Iteration   3: 1598,813 ns/op
Iteration   1: 1599,947 ns/op
                 gc.alloc.rate:      13194,129 MB/sec
                 gc.alloc.rate.norm: 22144,023 B/op
                 gc.count:           9,000 counts
                 gc.time:            5,000 ms
                 process.cpu:        1641,210 ns/op

Iteration   2: 1546,731 ns/op
                 gc.alloc.rate:      13649,101 MB/sec
                 gc.alloc.rate.norm: 22144,022 B/op
                 gc.count:           10,000 counts
                 gc.time:            5,000 ms
                 process.cpu:        1611,413 ns/op

Iteration   3: 1567,579 ns/op
                 gc.alloc.rate:      13467,779 MB/sec
                 gc.alloc.rate.norm: 22144,023 B/op
                 gc.count:           9,000 counts
                 gc.time:            5,000 ms
                 process.cpu:        1614,261 ns/op

Iteration   4: 1555,904 ns/op
                 gc.alloc.rate:      13569,131 MB/sec
                 gc.alloc.rate.norm: 22144,022 B/op
                 gc.count:           10,000 counts
                 gc.time:            5,000 ms
                 process.cpu:        1617,047 ns/op


# Run progress: 24,40% complete, ETA 00:08:14
# Fork: 2 of 2
# Warmup Iteration   1: 2026-09-12T07:21:57.842138Z org.apache.jmeter.protocol.http.sampler.HeaderCaptureBenchmark.capture-jmh-worker-1 ERROR Error processing element GuiLogEvent ([Appenders: null]): CLASS_NOT_FOUND
2026-09-12T07:21:57.871685Z org.apache.jmeter.protocol.http.sampler.HeaderCaptureBenchmark.capture-jmh-worker-1 ERROR Unable to locate appender "gui-log-event" for logger config "root"
1957,420 ns/op
# Warmup Iteration   2: 1640,587 ns/op
# Warmup Iteration   3: 1579,866 ns/op
Iteration   1: 1538,641 ns/op
                 gc.alloc.rate:      13720,198 MB/sec
                 gc.alloc.rate.norm: 22144,022 B/op
                 gc.count:           11,000 counts
                 gc.time:            6,000 ms
                 process.cpu:        1602,824 ns/op

Iteration   2: 1559,731 ns/op
                 gc.alloc.rate:      13535,423 MB/sec
                 gc.alloc.rate.norm: 22144,022 B/op
                 gc.count:           10,000 counts
                 gc.time:            5,000 ms
                 process.cpu:        1608,965 ns/op

Iteration   3: 1549,654 ns/op
                 gc.alloc.rate:      13623,980 MB/sec
                 gc.alloc.rate.norm: 22144,022 B/op
                 gc.count:           10,000 counts
                 gc.time:            5,000 ms
                 process.cpu:        1618,288 ns/op

Iteration   4: 1565,653 ns/op
                 gc.alloc.rate:      13484,477 MB/sec
                 gc.alloc.rate.norm: 22144,022 B/op
                 gc.count:           10,000 counts
                 gc.time:            6,000 ms
                 process.cpu:        1625,500 ns/op



Result "org.apache.jmeter.protocol.http.sampler.HeaderCaptureBenchmark.capture":
  1560,480 ±(99.9%) 35,693 ns/op [Average]
  (min, avg, max) = (1538,641, 1560,480, 1599,947), stdev = 18,668
  CI (99.9%): [1524,787, 1596,172] (assumes normal distribution)

Secondary result "org.apache.jmeter.protocol.http.sampler.HeaderCaptureBenchmark.capture:gc.alloc.rate":
  13530,527 ±(99.9%) 306,175 MB/sec [Average]
  (min, avg, max) = (13194,129, 13530,527, 13720,198), stdev = 160,136
  CI (99.9%): [13224,352, 13836,703] (assumes normal distribution)

Secondary result "org.apache.jmeter.protocol.http.sampler.HeaderCaptureBenchmark.capture:gc.alloc.rate.norm":
  22144,022 ±(99.9%) 0,001 B/op [Average]
  (min, avg, max) = (22144,022, 22144,022, 22144,023), stdev = 0,001
  CI (99.9%): [22144,022, 22144,023] (assumes normal distribution)

Secondary result "org.apache.jmeter.protocol.http.sampler.HeaderCaptureBenchmark.capture:gc.count":
  79,000 ±(99.9%) 0,001 counts [Sum]
  (min, avg, max) = (9,000, 9,875, 11,000), stdev = 0,641
  CI (99.9%): [79,000, 79,000] (assumes normal distribution)

Secondary result "org.apache.jmeter.protocol.http.sampler.HeaderCaptureBenchmark.capture:gc.time":
  42,000 ±(99.9%) 0,001 ms [Sum]
  (min, avg, max) = (5,000, 5,250, 6,000), stdev = 0,463
  CI (99.9%): [42,000, 42,000] (assumes normal distribution)

Secondary result "org.apache.jmeter.protocol.http.sampler.HeaderCaptureBenchmark.capture:process.cpu":
  1617,438 ±(99.9%) 22,423 ns/op [Average]
  (min, avg, max) = (1602,824, 1617,438, 1641,210), stdev = 11,728
  CI (99.9%): [1595,016, 1639,861] (assumes normal distribution)


# JMH version: 1.37
# VM version: JDK 21.0.5, Java HotSpot(TM) 64-Bit Server VM, 21.0.5+9-LTS-239
# VM invoker: /Library/Java/JavaVirtualMachines/jdk-21.jdk/Contents/Home/bin/java
# VM options: -Djdk.net.hosts.file=/etc/hosts -Djdk.net.hosts.file=/etc/hosts
# Blackhole mode: compiler (auto-detected, use -Djmh.blackhole.autoDetect=false to disable)
# Warmup: 3 iterations, 500 ms each
# Measurement: 4 iterations, 500 ms each
# Timeout: 10 min per iteration
# Threads: 1 thread, will synchronize iterations
# Benchmark mode: Average time, time/op
# Benchmark: org.apache.jmeter.protocol.http.sampler.HeaderCaptureBenchmark.capture
# Parameters: (deferred = false, protocol = h2, readers = unread, totalBytes = 400)

# Run progress: 25,00% complete, ETA 00:08:11
# Fork: 1 of 2
# Warmup Iteration   1: 2026-09-12T07:22:01.740195Z org.apache.jmeter.protocol.http.sampler.HeaderCaptureBenchmark.capture-jmh-worker-1 ERROR Error processing element GuiLogEvent ([Appenders: null]): CLASS_NOT_FOUND
2026-09-12T07:22:01.770159Z org.apache.jmeter.protocol.http.sampler.HeaderCaptureBenchmark.capture-jmh-worker-1 ERROR Unable to locate appender "gui-log-event" for logger config "root"
161,209 ns/op
# Warmup Iteration   2: 122,376 ns/op
# Warmup Iteration   3: 120,446 ns/op
Iteration   1: 118,227 ns/op
                 gc.alloc.rate:      10192,169 MB/sec
                 gc.alloc.rate.norm: 1264,002 B/op
                 gc.count:           10,000 counts
                 gc.time:            5,000 ms
                 process.cpu:        121,790 ns/op

Iteration   2: 120,519 ns/op
                 gc.alloc.rate:      9999,187 MB/sec
                 gc.alloc.rate.norm: 1264,002 B/op
                 gc.count:           9,000 counts
                 gc.time:            5,000 ms
                 process.cpu:        123,221 ns/op

Iteration   3: 119,205 ns/op
                 gc.alloc.rate:      10109,699 MB/sec
                 gc.alloc.rate.norm: 1264,002 B/op
                 gc.count:           9,000 counts
                 gc.time:            5,000 ms
                 process.cpu:        122,858 ns/op

Iteration   4: 119,408 ns/op
                 gc.alloc.rate:      10092,214 MB/sec
                 gc.alloc.rate.norm: 1264,002 B/op
                 gc.count:           9,000 counts
                 gc.time:            4,000 ms
                 process.cpu:        124,775 ns/op


# Run progress: 25,60% complete, ETA 00:08:07
# Fork: 2 of 2
# Warmup Iteration   1: 2026-09-12T07:22:05.615492Z org.apache.jmeter.protocol.http.sampler.HeaderCaptureBenchmark.capture-jmh-worker-1 ERROR Error processing element GuiLogEvent ([Appenders: null]): CLASS_NOT_FOUND
2026-09-12T07:22:05.646622Z org.apache.jmeter.protocol.http.sampler.HeaderCaptureBenchmark.capture-jmh-worker-1 ERROR Unable to locate appender "gui-log-event" for logger config "root"
156,381 ns/op
# Warmup Iteration   2: 122,931 ns/op
# Warmup Iteration   3: 123,072 ns/op
Iteration   1: 120,714 ns/op
                 gc.alloc.rate:      9982,220 MB/sec
                 gc.alloc.rate.norm: 1264,002 B/op
                 gc.count:           9,000 counts
                 gc.time:            5,000 ms
                 process.cpu:        124,444 ns/op

Iteration   2: 123,678 ns/op
                 gc.alloc.rate:      9743,729 MB/sec
                 gc.alloc.rate.norm: 1264,002 B/op
                 gc.count:           9,000 counts
                 gc.time:            4,000 ms
                 process.cpu:        126,704 ns/op

Iteration   3: 121,565 ns/op
                 gc.alloc.rate:      9913,045 MB/sec
                 gc.alloc.rate.norm: 1264,002 B/op
                 gc.count:           9,000 counts
                 gc.time:            5,000 ms
                 process.cpu:        124,964 ns/op

Iteration   4: 122,033 ns/op
                 gc.alloc.rate:      9874,999 MB/sec
                 gc.alloc.rate.norm: 1264,002 B/op
                 gc.count:           9,000 counts
                 gc.time:            5,000 ms
                 process.cpu:        126,102 ns/op



Result "org.apache.jmeter.protocol.http.sampler.HeaderCaptureBenchmark.capture":
  120,669 ±(99.9%) 3,346 ns/op [Average]
  (min, avg, max) = (118,227, 120,669, 123,678), stdev = 1,750
  CI (99.9%): [117,323, 124,015] (assumes normal distribution)

Secondary result "org.apache.jmeter.protocol.http.sampler.HeaderCaptureBenchmark.capture:gc.alloc.rate":
  9988,408 ±(99.9%) 275,720 MB/sec [Average]
  (min, avg, max) = (9743,729, 9988,408, 10192,169), stdev = 144,207
  CI (99.9%): [9712,688, 10264,127] (assumes normal distribution)

Secondary result "org.apache.jmeter.protocol.http.sampler.HeaderCaptureBenchmark.capture:gc.alloc.rate.norm":
  1264,002 ±(99.9%) 0,001 B/op [Average]
  (min, avg, max) = (1264,002, 1264,002, 1264,002), stdev = 0,001
  CI (99.9%): [1264,002, 1264,002] (assumes normal distribution)

Secondary result "org.apache.jmeter.protocol.http.sampler.HeaderCaptureBenchmark.capture:gc.count":
  73,000 ±(99.9%) 0,001 counts [Sum]
  (min, avg, max) = (9,000, 9,125, 10,000), stdev = 0,354
  CI (99.9%): [73,000, 73,000] (assumes normal distribution)

Secondary result "org.apache.jmeter.protocol.http.sampler.HeaderCaptureBenchmark.capture:gc.time":
  38,000 ±(99.9%) 0,001 ms [Sum]
  (min, avg, max) = (4,000, 4,750, 5,000), stdev = 0,463
  CI (99.9%): [38,000, 38,000] (assumes normal distribution)

Secondary result "org.apache.jmeter.protocol.http.sampler.HeaderCaptureBenchmark.capture:process.cpu":
  124,357 ±(99.9%) 3,169 ns/op [Average]
  (min, avg, max) = (121,790, 124,357, 126,704), stdev = 1,657
  CI (99.9%): [121,188, 127,526] (assumes normal distribution)


# JMH version: 1.37
# VM version: JDK 21.0.5, Java HotSpot(TM) 64-Bit Server VM, 21.0.5+9-LTS-239
# VM invoker: /Library/Java/JavaVirtualMachines/jdk-21.jdk/Contents/Home/bin/java
# VM options: -Djdk.net.hosts.file=/etc/hosts -Djdk.net.hosts.file=/etc/hosts
# Blackhole mode: compiler (auto-detected, use -Djmh.blackhole.autoDetect=false to disable)
# Warmup: 3 iterations, 500 ms each
# Measurement: 4 iterations, 500 ms each
# Timeout: 10 min per iteration
# Threads: 1 thread, will synchronize iterations
# Benchmark mode: Average time, time/op
# Benchmark: org.apache.jmeter.protocol.http.sampler.HeaderCaptureBenchmark.capture
# Parameters: (deferred = false, protocol = h2, readers = unread, totalBytes = 1600)

# Run progress: 26,19% complete, ETA 00:08:03
# Fork: 1 of 2
# Warmup Iteration   1: 2026-09-12T07:22:09.500649Z org.apache.jmeter.protocol.http.sampler.HeaderCaptureBenchmark.capture-jmh-worker-1 ERROR Error processing element GuiLogEvent ([Appenders: null]): CLASS_NOT_FOUND
2026-09-12T07:22:09.531797Z org.apache.jmeter.protocol.http.sampler.HeaderCaptureBenchmark.capture-jmh-worker-1 ERROR Unable to locate appender "gui-log-event" for logger config "root"
593,638 ns/op
# Warmup Iteration   2: 448,974 ns/op
# Warmup Iteration   3: 450,968 ns/op
Iteration   1: 453,203 ns/op
                 gc.alloc.rate:      10753,554 MB/sec
                 gc.alloc.rate.norm: 5112,006 B/op
                 gc.count:           10,000 counts
                 gc.time:            5,000 ms
                 process.cpu:        466,897 ns/op

Iteration   2: 451,447 ns/op
                 gc.alloc.rate:      10795,250 MB/sec
                 gc.alloc.rate.norm: 5112,006 B/op
                 gc.count:           9,000 counts
                 gc.time:            5,000 ms
                 process.cpu:        462,872 ns/op

Iteration   3: 449,547 ns/op
                 gc.alloc.rate:      10841,657 MB/sec
                 gc.alloc.rate.norm: 5112,006 B/op
                 gc.count:           10,000 counts
                 gc.time:            5,000 ms
                 process.cpu:        465,098 ns/op

Iteration   4: 447,863 ns/op
                 gc.alloc.rate:      10881,118 MB/sec
                 gc.alloc.rate.norm: 5112,006 B/op
                 gc.count:           9,000 counts
                 gc.time:            5,000 ms
                 process.cpu:        459,318 ns/op


# Run progress: 26,79% complete, ETA 00:07:59
# Fork: 2 of 2
# Warmup Iteration   1: 2026-09-12T07:22:13.400039Z org.apache.jmeter.protocol.http.sampler.HeaderCaptureBenchmark.capture-jmh-worker-1 ERROR Error processing element GuiLogEvent ([Appenders: null]): CLASS_NOT_FOUND
2026-09-12T07:22:13.432574Z org.apache.jmeter.protocol.http.sampler.HeaderCaptureBenchmark.capture-jmh-worker-1 ERROR Unable to locate appender "gui-log-event" for logger config "root"
561,289 ns/op
# Warmup Iteration   2: 440,882 ns/op
# Warmup Iteration   3: 423,316 ns/op
Iteration   1: 410,269 ns/op
                 gc.alloc.rate:      11878,738 MB/sec
                 gc.alloc.rate.norm: 5112,006 B/op
                 gc.count:           9,000 counts
                 gc.time:            5,000 ms
                 process.cpu:        421,282 ns/op

Iteration   2: 414,826 ns/op
                 gc.alloc.rate:      11748,706 MB/sec
                 gc.alloc.rate.norm: 5112,006 B/op
                 gc.count:           9,000 counts
                 gc.time:            5,000 ms
                 process.cpu:        428,113 ns/op

Iteration   3: 404,271 ns/op
                 gc.alloc.rate:      12054,632 MB/sec
                 gc.alloc.rate.norm: 5112,006 B/op
                 gc.count:           9,000 counts
                 gc.time:            5,000 ms
                 process.cpu:        423,832 ns/op

Iteration   4: 420,006 ns/op
                 gc.alloc.rate:      11603,947 MB/sec
                 gc.alloc.rate.norm: 5112,006 B/op
                 gc.count:           9,000 counts
                 gc.time:            5,000 ms
                 process.cpu:        434,063 ns/op



Result "org.apache.jmeter.protocol.http.sampler.HeaderCaptureBenchmark.capture":
  431,429 ±(99.9%) 40,006 ns/op [Average]
  (min, avg, max) = (404,271, 431,429, 453,203), stdev = 20,924
  CI (99.9%): [391,424, 471,435] (assumes normal distribution)

Secondary result "org.apache.jmeter.protocol.http.sampler.HeaderCaptureBenchmark.capture:gc.alloc.rate":
  11319,700 ±(99.9%) 1055,661 MB/sec [Average]
  (min, avg, max) = (10753,554, 11319,700, 12054,632), stdev = 552,131
  CI (99.9%): [10264,040, 12375,361] (assumes normal distribution)

Secondary result "org.apache.jmeter.protocol.http.sampler.HeaderCaptureBenchmark.capture:gc.alloc.rate.norm":
  5112,006 ±(99.9%) 0,001 B/op [Average]
  (min, avg, max) = (5112,006, 5112,006, 5112,006), stdev = 0,001
  CI (99.9%): [5112,006, 5112,007] (assumes normal distribution)

Secondary result "org.apache.jmeter.protocol.http.sampler.HeaderCaptureBenchmark.capture:gc.count":
  74,000 ±(99.9%) 0,001 counts [Sum]
  (min, avg, max) = (9,000, 9,250, 10,000), stdev = 0,463
  CI (99.9%): [74,000, 74,000] (assumes normal distribution)

Secondary result "org.apache.jmeter.protocol.http.sampler.HeaderCaptureBenchmark.capture:gc.time":
  40,000 ±(99.9%) 0,001 ms [Sum]
  (min, avg, max) = (5,000, 5,000, 5,000), stdev = 0,001
  CI (99.9%): [40,000, 40,000] (assumes normal distribution)

Secondary result "org.apache.jmeter.protocol.http.sampler.HeaderCaptureBenchmark.capture:process.cpu":
  445,184 ±(99.9%) 38,395 ns/op [Average]
  (min, avg, max) = (421,282, 445,184, 466,897), stdev = 20,082
  CI (99.9%): [406,789, 483,580] (assumes normal distribution)


# JMH version: 1.37
# VM version: JDK 21.0.5, Java HotSpot(TM) 64-Bit Server VM, 21.0.5+9-LTS-239
# VM invoker: /Library/Java/JavaVirtualMachines/jdk-21.jdk/Contents/Home/bin/java
# VM options: -Djdk.net.hosts.file=/etc/hosts -Djdk.net.hosts.file=/etc/hosts
# Blackhole mode: compiler (auto-detected, use -Djmh.blackhole.autoDetect=false to disable)
# Warmup: 3 iterations, 500 ms each
# Measurement: 4 iterations, 500 ms each
# Timeout: 10 min per iteration
# Threads: 1 thread, will synchronize iterations
# Benchmark mode: Average time, time/op
# Benchmark: org.apache.jmeter.protocol.http.sampler.HeaderCaptureBenchmark.capture
# Parameters: (deferred = false, protocol = h2, readers = unread, totalBytes = 8192)

# Run progress: 27,38% complete, ETA 00:07:55
# Fork: 1 of 2
# Warmup Iteration   1: 2026-09-12T07:22:17.302820Z org.apache.jmeter.protocol.http.sampler.HeaderCaptureBenchmark.capture-jmh-worker-1 ERROR Error processing element GuiLogEvent ([Appenders: null]): CLASS_NOT_FOUND
2026-09-12T07:22:17.333177Z org.apache.jmeter.protocol.http.sampler.HeaderCaptureBenchmark.capture-jmh-worker-1 ERROR Unable to locate appender "gui-log-event" for logger config "root"
1188,599 ns/op
# Warmup Iteration   2: 1052,491 ns/op
# Warmup Iteration   3: 781,264 ns/op
Iteration   1: 779,643 ns/op
                 gc.alloc.rate:      26843,722 MB/sec
                 gc.alloc.rate.norm: 21952,011 B/op
                 gc.count:           14,000 counts
                 gc.time:            8,000 ms
                 process.cpu:        822,686 ns/op

Iteration   2: 781,153 ns/op
                 gc.alloc.rate:      26791,532 MB/sec
                 gc.alloc.rate.norm: 21952,011 B/op
                 gc.count:           15,000 counts
                 gc.time:            8,000 ms
                 process.cpu:        831,231 ns/op

Iteration   3: 767,464 ns/op
                 gc.alloc.rate:      27269,005 MB/sec
                 gc.alloc.rate.norm: 21952,011 B/op
                 gc.count:           15,000 counts
                 gc.time:            9,000 ms
                 process.cpu:        828,470 ns/op

Iteration   4: 793,967 ns/op
                 gc.alloc.rate:      26358,948 MB/sec
                 gc.alloc.rate.norm: 21952,011 B/op
                 gc.count:           14,000 counts
                 gc.time:            8,000 ms
                 process.cpu:        841,298 ns/op


# Run progress: 27,98% complete, ETA 00:07:51
# Fork: 2 of 2
# Warmup Iteration   1: 2026-09-12T07:22:21.208678Z org.apache.jmeter.protocol.http.sampler.HeaderCaptureBenchmark.capture-jmh-worker-1 ERROR Error processing element GuiLogEvent ([Appenders: null]): CLASS_NOT_FOUND
2026-09-12T07:22:21.240843Z org.apache.jmeter.protocol.http.sampler.HeaderCaptureBenchmark.capture-jmh-worker-1 ERROR Unable to locate appender "gui-log-event" for logger config "root"
1077,518 ns/op
# Warmup Iteration   2: 807,116 ns/op
# Warmup Iteration   3: 774,941 ns/op
Iteration   1: 758,576 ns/op
                 gc.alloc.rate:      27582,466 MB/sec
                 gc.alloc.rate.norm: 21952,011 B/op
                 gc.count:           16,000 counts
                 gc.time:            9,000 ms
                 process.cpu:        812,090 ns/op

Iteration   2: 746,952 ns/op
                 gc.alloc.rate:      28018,637 MB/sec
                 gc.alloc.rate.norm: 21952,011 B/op
                 gc.count:           15,000 counts
                 gc.time:            8,000 ms
                 process.cpu:        795,522 ns/op

Iteration   3: 753,859 ns/op
                 gc.alloc.rate:      27762,510 MB/sec
                 gc.alloc.rate.norm: 21952,011 B/op
                 gc.count:           16,000 counts
                 gc.time:            9,000 ms
                 process.cpu:        804,990 ns/op

Iteration   4: 762,287 ns/op
                 gc.alloc.rate:      27455,430 MB/sec
                 gc.alloc.rate.norm: 21952,011 B/op
                 gc.count:           15,000 counts
                 gc.time:            8,000 ms
                 process.cpu:        807,465 ns/op



Result "org.apache.jmeter.protocol.http.sampler.HeaderCaptureBenchmark.capture":
  767,988 ±(99.9%) 30,210 ns/op [Average]
  (min, avg, max) = (746,952, 767,988, 793,967), stdev = 15,800
  CI (99.9%): [737,777, 798,198] (assumes normal distribution)

Secondary result "org.apache.jmeter.protocol.http.sampler.HeaderCaptureBenchmark.capture:gc.alloc.rate":
  27260,281 ±(99.9%) 1065,756 MB/sec [Average]
  (min, avg, max) = (26358,948, 27260,281, 28018,637), stdev = 557,411
  CI (99.9%): [26194,525, 28326,037] (assumes normal distribution)

Secondary result "org.apache.jmeter.protocol.http.sampler.HeaderCaptureBenchmark.capture:gc.alloc.rate.norm":
  21952,011 ±(99.9%) 0,001 B/op [Average]
  (min, avg, max) = (21952,011, 21952,011, 21952,011), stdev = 0,001
  CI (99.9%): [21952,011, 21952,011] (assumes normal distribution)

Secondary result "org.apache.jmeter.protocol.http.sampler.HeaderCaptureBenchmark.capture:gc.count":
  120,000 ±(99.9%) 0,001 counts [Sum]
  (min, avg, max) = (14,000, 15,000, 16,000), stdev = 0,756
  CI (99.9%): [120,000, 120,000] (assumes normal distribution)

Secondary result "org.apache.jmeter.protocol.http.sampler.HeaderCaptureBenchmark.capture:gc.time":
  67,000 ±(99.9%) 0,001 ms [Sum]
  (min, avg, max) = (8,000, 8,375, 9,000), stdev = 0,518
  CI (99.9%): [67,000, 67,000] (assumes normal distribution)

Secondary result "org.apache.jmeter.protocol.http.sampler.HeaderCaptureBenchmark.capture:process.cpu":
  817,969 ±(99.9%) 29,531 ns/op [Average]
  (min, avg, max) = (795,522, 817,969, 841,298), stdev = 15,445
  CI (99.9%): [788,438, 847,499] (assumes normal distribution)


# JMH version: 1.37
# VM version: JDK 21.0.5, Java HotSpot(TM) 64-Bit Server VM, 21.0.5+9-LTS-239
# VM invoker: /Library/Java/JavaVirtualMachines/jdk-21.jdk/Contents/Home/bin/java
# VM options: -Djdk.net.hosts.file=/etc/hosts -Djdk.net.hosts.file=/etc/hosts
# Blackhole mode: compiler (auto-detected, use -Djmh.blackhole.autoDetect=false to disable)
# Warmup: 3 iterations, 500 ms each
# Measurement: 4 iterations, 500 ms each
# Timeout: 10 min per iteration
# Threads: 1 thread, will synchronize iterations
# Benchmark mode: Average time, time/op
# Benchmark: org.apache.jmeter.protocol.http.sampler.HeaderCaptureBenchmark.capture
# Parameters: (deferred = false, protocol = h2, readers = request, totalBytes = 400)

# Run progress: 28,57% complete, ETA 00:07:47
# Fork: 1 of 2
# Warmup Iteration   1: 2026-09-12T07:22:25.098665Z org.apache.jmeter.protocol.http.sampler.HeaderCaptureBenchmark.capture-jmh-worker-1 ERROR Error processing element GuiLogEvent ([Appenders: null]): CLASS_NOT_FOUND
2026-09-12T07:22:25.128036Z org.apache.jmeter.protocol.http.sampler.HeaderCaptureBenchmark.capture-jmh-worker-1 ERROR Unable to locate appender "gui-log-event" for logger config "root"
160,446 ns/op
# Warmup Iteration   2: 113,512 ns/op
# Warmup Iteration   3: 114,362 ns/op
Iteration   1: 116,503 ns/op
                 gc.alloc.rate:      10343,360 MB/sec
                 gc.alloc.rate.norm: 1264,002 B/op
                 gc.count:           10,000 counts
                 gc.time:            5,000 ms
                 process.cpu:        120,030 ns/op

Iteration   2: 118,946 ns/op
                 gc.alloc.rate:      10130,375 MB/sec
                 gc.alloc.rate.norm: 1264,002 B/op
                 gc.count:           9,000 counts
                 gc.time:            5,000 ms
                 process.cpu:        120,134 ns/op

Iteration   3: 114,596 ns/op
                 gc.alloc.rate:      10516,045 MB/sec
                 gc.alloc.rate.norm: 1264,002 B/op
                 gc.count:           10,000 counts
                 gc.time:            5,000 ms
                 process.cpu:        118,491 ns/op

Iteration   4: 113,391 ns/op
                 gc.alloc.rate:      10627,885 MB/sec
                 gc.alloc.rate.norm: 1264,002 B/op
                 gc.count:           9,000 counts
                 gc.time:            5,000 ms
                 process.cpu:        116,419 ns/op


# Run progress: 29,17% complete, ETA 00:07:43
# Fork: 2 of 2
# Warmup Iteration   1: 2026-09-12T07:22:28.979878Z org.apache.jmeter.protocol.http.sampler.HeaderCaptureBenchmark.capture-jmh-worker-1 ERROR Error processing element GuiLogEvent ([Appenders: null]): CLASS_NOT_FOUND
2026-09-12T07:22:29.009174Z org.apache.jmeter.protocol.http.sampler.HeaderCaptureBenchmark.capture-jmh-worker-1 ERROR Unable to locate appender "gui-log-event" for logger config "root"
165,396 ns/op
# Warmup Iteration   2: 119,922 ns/op
# Warmup Iteration   3: 119,866 ns/op
Iteration   1: 120,765 ns/op
                 gc.alloc.rate:      9978,285 MB/sec
                 gc.alloc.rate.norm: 1264,002 B/op
                 gc.count:           10,000 counts
                 gc.time:            5,000 ms
                 process.cpu:        124,602 ns/op

Iteration   2: 121,579 ns/op
                 gc.alloc.rate:      9912,099 MB/sec
                 gc.alloc.rate.norm: 1264,002 B/op
                 gc.count:           9,000 counts
                 gc.time:            5,000 ms
                 process.cpu:        124,003 ns/op

Iteration   3: 120,332 ns/op
                 gc.alloc.rate:      10013,950 MB/sec
                 gc.alloc.rate.norm: 1264,002 B/op
                 gc.count:           9,000 counts
                 gc.time:            5,000 ms
                 process.cpu:        123,675 ns/op

Iteration   4: 119,298 ns/op
                 gc.alloc.rate:      10100,914 MB/sec
                 gc.alloc.rate.norm: 1264,002 B/op
                 gc.count:           9,000 counts
                 gc.time:            4,000 ms
                 process.cpu:        123,173 ns/op



Result "org.apache.jmeter.protocol.http.sampler.HeaderCaptureBenchmark.capture":
  118,176 ±(99.9%) 5,749 ns/op [Average]
  (min, avg, max) = (113,391, 118,176, 121,579), stdev = 3,007
  CI (99.9%): [112,427, 123,926] (assumes normal distribution)

Secondary result "org.apache.jmeter.protocol.http.sampler.HeaderCaptureBenchmark.capture:gc.alloc.rate":
  10202,864 ±(99.9%) 503,160 MB/sec [Average]
  (min, avg, max) = (9912,099, 10202,864, 10627,885), stdev = 263,162
  CI (99.9%): [9699,704, 10706,024] (assumes normal distribution)

Secondary result "org.apache.jmeter.protocol.http.sampler.HeaderCaptureBenchmark.capture:gc.alloc.rate.norm":
  1264,002 ±(99.9%) 0,001 B/op [Average]
  (min, avg, max) = (1264,002, 1264,002, 1264,002), stdev = 0,001
  CI (99.9%): [1264,002, 1264,002] (assumes normal distribution)

Secondary result "org.apache.jmeter.protocol.http.sampler.HeaderCaptureBenchmark.capture:gc.count":
  75,000 ±(99.9%) 0,001 counts [Sum]
  (min, avg, max) = (9,000, 9,375, 10,000), stdev = 0,518
  CI (99.9%): [75,000, 75,000] (assumes normal distribution)

Secondary result "org.apache.jmeter.protocol.http.sampler.HeaderCaptureBenchmark.capture:gc.time":
  39,000 ±(99.9%) 0,001 ms [Sum]
  (min, avg, max) = (4,000, 4,875, 5,000), stdev = 0,354
  CI (99.9%): [39,000, 39,000] (assumes normal distribution)

Secondary result "org.apache.jmeter.protocol.http.sampler.HeaderCaptureBenchmark.capture:process.cpu":
  121,316 ±(99.9%) 5,692 ns/op [Average]
  (min, avg, max) = (116,419, 121,316, 124,602), stdev = 2,977
  CI (99.9%): [115,623, 127,008] (assumes normal distribution)


# JMH version: 1.37
# VM version: JDK 21.0.5, Java HotSpot(TM) 64-Bit Server VM, 21.0.5+9-LTS-239
# VM invoker: /Library/Java/JavaVirtualMachines/jdk-21.jdk/Contents/Home/bin/java
# VM options: -Djdk.net.hosts.file=/etc/hosts -Djdk.net.hosts.file=/etc/hosts
# Blackhole mode: compiler (auto-detected, use -Djmh.blackhole.autoDetect=false to disable)
# Warmup: 3 iterations, 500 ms each
# Measurement: 4 iterations, 500 ms each
# Timeout: 10 min per iteration
# Threads: 1 thread, will synchronize iterations
# Benchmark mode: Average time, time/op
# Benchmark: org.apache.jmeter.protocol.http.sampler.HeaderCaptureBenchmark.capture
# Parameters: (deferred = false, protocol = h2, readers = request, totalBytes = 1600)

# Run progress: 29,76% complete, ETA 00:07:39
# Fork: 1 of 2
# Warmup Iteration   1: 2026-09-12T07:22:32.851487Z org.apache.jmeter.protocol.http.sampler.HeaderCaptureBenchmark.capture-jmh-worker-1 ERROR Error processing element GuiLogEvent ([Appenders: null]): CLASS_NOT_FOUND
2026-09-12T07:22:32.881980Z org.apache.jmeter.protocol.http.sampler.HeaderCaptureBenchmark.capture-jmh-worker-1 ERROR Unable to locate appender "gui-log-event" for logger config "root"
759,580 ns/op
# Warmup Iteration   2: 408,257 ns/op
# Warmup Iteration   3: 412,957 ns/op
Iteration   1: 409,763 ns/op
                 gc.alloc.rate:      11893,550 MB/sec
                 gc.alloc.rate.norm: 5112,006 B/op
                 gc.count:           10,000 counts
                 gc.time:            5,000 ms
                 process.cpu:        422,719 ns/op

Iteration   2: 408,023 ns/op
                 gc.alloc.rate:      11944,087 MB/sec
                 gc.alloc.rate.norm: 5112,006 B/op
                 gc.count:           10,000 counts
                 gc.time:            5,000 ms
                 process.cpu:        422,498 ns/op

Iteration   3: 413,657 ns/op
                 gc.alloc.rate:      11782,000 MB/sec
                 gc.alloc.rate.norm: 5112,006 B/op
                 gc.count:           10,000 counts
                 gc.time:            5,000 ms
                 process.cpu:        425,078 ns/op

Iteration   4: 408,744 ns/op
                 gc.alloc.rate:      11923,927 MB/sec
                 gc.alloc.rate.norm: 5112,006 B/op
                 gc.count:           10,000 counts
                 gc.time:            5,000 ms
                 process.cpu:        421,618 ns/op


# Run progress: 30,36% complete, ETA 00:07:35
# Fork: 2 of 2
# Warmup Iteration   1: 2026-09-12T07:22:36.742802Z org.apache.jmeter.protocol.http.sampler.HeaderCaptureBenchmark.capture-jmh-worker-1 ERROR Error processing element GuiLogEvent ([Appenders: null]): CLASS_NOT_FOUND
2026-09-12T07:22:36.772501Z org.apache.jmeter.protocol.http.sampler.HeaderCaptureBenchmark.capture-jmh-worker-1 ERROR Unable to locate appender "gui-log-event" for logger config "root"
566,211 ns/op
# Warmup Iteration   2: 425,936 ns/op
# Warmup Iteration   3: 410,948 ns/op
Iteration   1: 416,318 ns/op
                 gc.alloc.rate:      11706,948 MB/sec
                 gc.alloc.rate.norm: 5112,006 B/op
                 gc.count:           9,000 counts
                 gc.time:            5,000 ms
                 process.cpu:        426,572 ns/op

Iteration   2: 427,351 ns/op
                 gc.alloc.rate:      11402,161 MB/sec
                 gc.alloc.rate.norm: 5112,006 B/op
                 gc.count:           9,000 counts
                 gc.time:            5,000 ms
                 process.cpu:        438,762 ns/op

Iteration   3: 445,337 ns/op
                 gc.alloc.rate:      10940,228 MB/sec
                 gc.alloc.rate.norm: 5112,006 B/op
                 gc.count:           8,000 counts
                 gc.time:            5,000 ms
                 process.cpu:        449,218 ns/op

Iteration   4: 407,043 ns/op
                 gc.alloc.rate:      11972,149 MB/sec
                 gc.alloc.rate.norm: 5112,006 B/op
                 gc.count:           9,000 counts
                 gc.time:            4,000 ms
                 process.cpu:        418,586 ns/op



Result "org.apache.jmeter.protocol.http.sampler.HeaderCaptureBenchmark.capture":
  417,029 ±(99.9%) 25,262 ns/op [Average]
  (min, avg, max) = (407,043, 417,029, 445,337), stdev = 13,213
  CI (99.9%): [391,767, 442,292] (assumes normal distribution)

Secondary result "org.apache.jmeter.protocol.http.sampler.HeaderCaptureBenchmark.capture:gc.alloc.rate":
  11695,631 ±(99.9%) 683,220 MB/sec [Average]
  (min, avg, max) = (10940,228, 11695,631, 11972,149), stdev = 357,337
  CI (99.9%): [11012,411, 12378,851] (assumes normal distribution)

Secondary result "org.apache.jmeter.protocol.http.sampler.HeaderCaptureBenchmark.capture:gc.alloc.rate.norm":
  5112,006 ±(99.9%) 0,001 B/op [Average]
  (min, avg, max) = (5112,006, 5112,006, 5112,006), stdev = 0,001
  CI (99.9%): [5112,006, 5112,006] (assumes normal distribution)

Secondary result "org.apache.jmeter.protocol.http.sampler.HeaderCaptureBenchmark.capture:gc.count":
  75,000 ±(99.9%) 0,001 counts [Sum]
  (min, avg, max) = (8,000, 9,375, 10,000), stdev = 0,744
  CI (99.9%): [75,000, 75,000] (assumes normal distribution)

Secondary result "org.apache.jmeter.protocol.http.sampler.HeaderCaptureBenchmark.capture:gc.time":
  39,000 ±(99.9%) 0,001 ms [Sum]
  (min, avg, max) = (4,000, 4,875, 5,000), stdev = 0,354
  CI (99.9%): [39,000, 39,000] (assumes normal distribution)

Secondary result "org.apache.jmeter.protocol.http.sampler.HeaderCaptureBenchmark.capture:process.cpu":
  428,131 ±(99.9%) 19,974 ns/op [Average]
  (min, avg, max) = (418,586, 428,131, 449,218), stdev = 10,447
  CI (99.9%): [408,157, 448,106] (assumes normal distribution)


# JMH version: 1.37
# VM version: JDK 21.0.5, Java HotSpot(TM) 64-Bit Server VM, 21.0.5+9-LTS-239
# VM invoker: /Library/Java/JavaVirtualMachines/jdk-21.jdk/Contents/Home/bin/java
# VM options: -Djdk.net.hosts.file=/etc/hosts -Djdk.net.hosts.file=/etc/hosts
# Blackhole mode: compiler (auto-detected, use -Djmh.blackhole.autoDetect=false to disable)
# Warmup: 3 iterations, 500 ms each
# Measurement: 4 iterations, 500 ms each
# Timeout: 10 min per iteration
# Threads: 1 thread, will synchronize iterations
# Benchmark mode: Average time, time/op
# Benchmark: org.apache.jmeter.protocol.http.sampler.HeaderCaptureBenchmark.capture
# Parameters: (deferred = false, protocol = h2, readers = request, totalBytes = 8192)

# Run progress: 30,95% complete, ETA 00:07:31
# Fork: 1 of 2
# Warmup Iteration   1: 2026-09-12T07:22:40.664640Z org.apache.jmeter.protocol.http.sampler.HeaderCaptureBenchmark.capture-jmh-worker-1 ERROR Error processing element GuiLogEvent ([Appenders: null]): CLASS_NOT_FOUND
2026-09-12T07:22:40.695059Z org.apache.jmeter.protocol.http.sampler.HeaderCaptureBenchmark.capture-jmh-worker-1 ERROR Unable to locate appender "gui-log-event" for logger config "root"
1248,651 ns/op
# Warmup Iteration   2: 932,180 ns/op
# Warmup Iteration   3: 763,611 ns/op
Iteration   1: 747,228 ns/op
                 gc.alloc.rate:      28007,743 MB/sec
                 gc.alloc.rate.norm: 21952,011 B/op
                 gc.count:           15,000 counts
                 gc.time:            8,000 ms
                 process.cpu:        798,585 ns/op

Iteration   2: 756,208 ns/op
                 gc.alloc.rate:      27676,504 MB/sec
                 gc.alloc.rate.norm: 21952,011 B/op
                 gc.count:           15,000 counts
                 gc.time:            9,000 ms
                 process.cpu:        799,503 ns/op

Iteration   3: 727,290 ns/op
                 gc.alloc.rate:      28775,744 MB/sec
                 gc.alloc.rate.norm: 21952,010 B/op
                 gc.count:           15,000 counts
                 gc.time:            9,000 ms
                 process.cpu:        775,270 ns/op

Iteration   4: 737,535 ns/op
                 gc.alloc.rate:      28375,886 MB/sec
                 gc.alloc.rate.norm: 21952,011 B/op
                 gc.count:           16,000 counts
                 gc.time:            9,000 ms
                 process.cpu:        784,266 ns/op


# Run progress: 31,55% complete, ETA 00:07:28
# Fork: 2 of 2
# Warmup Iteration   1: 2026-09-12T07:22:44.564861Z org.apache.jmeter.protocol.http.sampler.HeaderCaptureBenchmark.capture-jmh-worker-1 ERROR Error processing element GuiLogEvent ([Appenders: null]): CLASS_NOT_FOUND
2026-09-12T07:22:44.594484Z org.apache.jmeter.protocol.http.sampler.HeaderCaptureBenchmark.capture-jmh-worker-1 ERROR Unable to locate appender "gui-log-event" for logger config "root"
1074,971 ns/op
# Warmup Iteration   2: 803,851 ns/op
# Warmup Iteration   3: 794,038 ns/op
Iteration   1: 775,205 ns/op
                 gc.alloc.rate:      26995,684 MB/sec
                 gc.alloc.rate.norm: 21952,011 B/op
                 gc.count:           14,000 counts
                 gc.time:            8,000 ms
                 process.cpu:        824,132 ns/op

Iteration   2: 789,508 ns/op
                 gc.alloc.rate:      26503,279 MB/sec
                 gc.alloc.rate.norm: 21952,011 B/op
                 gc.count:           14,000 counts
                 gc.time:            8,000 ms
                 process.cpu:        833,548 ns/op

Iteration   3: 769,790 ns/op
                 gc.alloc.rate:      27186,566 MB/sec
                 gc.alloc.rate.norm: 21952,011 B/op
                 gc.count:           14,000 counts
                 gc.time:            8,000 ms
                 process.cpu:        821,181 ns/op

Iteration   4: 757,020 ns/op
                 gc.alloc.rate:      27645,914 MB/sec
                 gc.alloc.rate.norm: 21952,011 B/op
                 gc.count:           15,000 counts
                 gc.time:            8,000 ms
                 process.cpu:        802,980 ns/op



Result "org.apache.jmeter.protocol.http.sampler.HeaderCaptureBenchmark.capture":
  757,473 ±(99.9%) 38,968 ns/op [Average]
  (min, avg, max) = (727,290, 757,473, 789,508), stdev = 20,381
  CI (99.9%): [718,505, 796,441] (assumes normal distribution)

Secondary result "org.apache.jmeter.protocol.http.sampler.HeaderCaptureBenchmark.capture:gc.alloc.rate":
  27645,915 ±(99.9%) 1423,591 MB/sec [Average]
  (min, avg, max) = (26503,279, 27645,915, 28775,744), stdev = 744,566
  CI (99.9%): [26222,324, 29069,506] (assumes normal distribution)

Secondary result "org.apache.jmeter.protocol.http.sampler.HeaderCaptureBenchmark.capture:gc.alloc.rate.norm":
  21952,011 ±(99.9%) 0,001 B/op [Average]
  (min, avg, max) = (21952,010, 21952,011, 21952,011), stdev = 0,001
  CI (99.9%): [21952,010, 21952,011] (assumes normal distribution)

Secondary result "org.apache.jmeter.protocol.http.sampler.HeaderCaptureBenchmark.capture:gc.count":
  118,000 ±(99.9%) 0,001 counts [Sum]
  (min, avg, max) = (14,000, 14,750, 16,000), stdev = 0,707
  CI (99.9%): [118,000, 118,000] (assumes normal distribution)

Secondary result "org.apache.jmeter.protocol.http.sampler.HeaderCaptureBenchmark.capture:gc.time":
  67,000 ±(99.9%) 0,001 ms [Sum]
  (min, avg, max) = (8,000, 8,375, 9,000), stdev = 0,518
  CI (99.9%): [67,000, 67,000] (assumes normal distribution)

Secondary result "org.apache.jmeter.protocol.http.sampler.HeaderCaptureBenchmark.capture:process.cpu":
  804,933 ±(99.9%) 38,458 ns/op [Average]
  (min, avg, max) = (775,270, 804,933, 833,548), stdev = 20,114
  CI (99.9%): [766,475, 843,391] (assumes normal distribution)


# JMH version: 1.37
# VM version: JDK 21.0.5, Java HotSpot(TM) 64-Bit Server VM, 21.0.5+9-LTS-239
# VM invoker: /Library/Java/JavaVirtualMachines/jdk-21.jdk/Contents/Home/bin/java
# VM options: -Djdk.net.hosts.file=/etc/hosts -Djdk.net.hosts.file=/etc/hosts
# Blackhole mode: compiler (auto-detected, use -Djmh.blackhole.autoDetect=false to disable)
# Warmup: 3 iterations, 500 ms each
# Measurement: 4 iterations, 500 ms each
# Timeout: 10 min per iteration
# Threads: 1 thread, will synchronize iterations
# Benchmark mode: Average time, time/op
# Benchmark: org.apache.jmeter.protocol.http.sampler.HeaderCaptureBenchmark.capture
# Parameters: (deferred = false, protocol = h2, readers = response, totalBytes = 400)

# Run progress: 32,14% complete, ETA 00:07:24
# Fork: 1 of 2
# Warmup Iteration   1: 2026-09-12T07:22:48.482828Z org.apache.jmeter.protocol.http.sampler.HeaderCaptureBenchmark.capture-jmh-worker-1 ERROR Error processing element GuiLogEvent ([Appenders: null]): CLASS_NOT_FOUND
2026-09-12T07:22:48.515471Z org.apache.jmeter.protocol.http.sampler.HeaderCaptureBenchmark.capture-jmh-worker-1 ERROR Unable to locate appender "gui-log-event" for logger config "root"
167,404 ns/op
# Warmup Iteration   2: 113,221 ns/op
# Warmup Iteration   3: 114,365 ns/op
Iteration   1: 113,970 ns/op
                 gc.alloc.rate:      10572,600 MB/sec
                 gc.alloc.rate.norm: 1264,002 B/op
                 gc.count:           10,000 counts
                 gc.time:            6,000 ms
                 process.cpu:        117,768 ns/op

Iteration   2: 113,424 ns/op
                 gc.alloc.rate:      10624,549 MB/sec
                 gc.alloc.rate.norm: 1264,002 B/op
                 gc.count:           10,000 counts
                 gc.time:            5,000 ms
                 process.cpu:        117,416 ns/op

Iteration   3: 113,414 ns/op
                 gc.alloc.rate:      10624,808 MB/sec
                 gc.alloc.rate.norm: 1264,002 B/op
                 gc.count:           9,000 counts
                 gc.time:            5,000 ms
                 process.cpu:        116,754 ns/op

Iteration   4: 115,527 ns/op
                 gc.alloc.rate:      10430,068 MB/sec
                 gc.alloc.rate.norm: 1264,002 B/op
                 gc.count:           10,000 counts
                 gc.time:            5,000 ms
                 process.cpu:        118,921 ns/op


# Run progress: 32,74% complete, ETA 00:07:20
# Fork: 2 of 2
# Warmup Iteration   1: 2026-09-12T07:22:52.369731Z org.apache.jmeter.protocol.http.sampler.HeaderCaptureBenchmark.capture-jmh-worker-1 ERROR Error processing element GuiLogEvent ([Appenders: null]): CLASS_NOT_FOUND
2026-09-12T07:22:52.400086Z org.apache.jmeter.protocol.http.sampler.HeaderCaptureBenchmark.capture-jmh-worker-1 ERROR Unable to locate appender "gui-log-event" for logger config "root"
158,846 ns/op
# Warmup Iteration   2: 128,705 ns/op
# Warmup Iteration   3: 126,999 ns/op
Iteration   1: 122,760 ns/op
                 gc.alloc.rate:      9815,469 MB/sec
                 gc.alloc.rate.norm: 1264,002 B/op
                 gc.count:           7,000 counts
                 gc.time:            4,000 ms
                 process.cpu:        125,807 ns/op

Iteration   2: 123,874 ns/op
                 gc.alloc.rate:      9728,180 MB/sec
                 gc.alloc.rate.norm: 1264,002 B/op
                 gc.count:           7,000 counts
                 gc.time:            3,000 ms
                 process.cpu:        126,512 ns/op

Iteration   3: 124,047 ns/op
                 gc.alloc.rate:      9714,850 MB/sec
                 gc.alloc.rate.norm: 1264,002 B/op
                 gc.count:           8,000 counts
                 gc.time:            5,000 ms
                 process.cpu:        127,309 ns/op

Iteration   4: 123,633 ns/op
                 gc.alloc.rate:      9746,562 MB/sec
                 gc.alloc.rate.norm: 1264,002 B/op
                 gc.count:           7,000 counts
                 gc.time:            4,000 ms
                 process.cpu:        125,950 ns/op



Result "org.apache.jmeter.protocol.http.sampler.HeaderCaptureBenchmark.capture":
  118,831 ±(99.9%) 9,810 ns/op [Average]
  (min, avg, max) = (113,414, 118,831, 124,047), stdev = 5,131
  CI (99.9%): [109,022, 128,641] (assumes normal distribution)

Secondary result "org.apache.jmeter.protocol.http.sampler.HeaderCaptureBenchmark.capture:gc.alloc.rate":
  10157,136 ±(99.9%) 839,412 MB/sec [Average]
  (min, avg, max) = (9714,850, 10157,136, 10624,808), stdev = 439,029
  CI (99.9%): [9317,724, 10996,548] (assumes normal distribution)

Secondary result "org.apache.jmeter.protocol.http.sampler.HeaderCaptureBenchmark.capture:gc.alloc.rate.norm":
  1264,002 ±(99.9%) 0,001 B/op [Average]
  (min, avg, max) = (1264,002, 1264,002, 1264,002), stdev = 0,001
  CI (99.9%): [1264,002, 1264,002] (assumes normal distribution)

Secondary result "org.apache.jmeter.protocol.http.sampler.HeaderCaptureBenchmark.capture:gc.count":
  68,000 ±(99.9%) 0,001 counts [Sum]
  (min, avg, max) = (7,000, 8,500, 10,000), stdev = 1,414
  CI (99.9%): [68,000, 68,000] (assumes normal distribution)

Secondary result "org.apache.jmeter.protocol.http.sampler.HeaderCaptureBenchmark.capture:gc.time":
  37,000 ±(99.9%) 0,001 ms [Sum]
  (min, avg, max) = (3,000, 4,625, 6,000), stdev = 0,916
  CI (99.9%): [37,000, 37,000] (assumes normal distribution)

Secondary result "org.apache.jmeter.protocol.http.sampler.HeaderCaptureBenchmark.capture:process.cpu":
  122,055 ±(99.9%) 8,984 ns/op [Average]
  (min, avg, max) = (116,754, 122,055, 127,309), stdev = 4,699
  CI (99.9%): [113,071, 131,038] (assumes normal distribution)


# JMH version: 1.37
# VM version: JDK 21.0.5, Java HotSpot(TM) 64-Bit Server VM, 21.0.5+9-LTS-239
# VM invoker: /Library/Java/JavaVirtualMachines/jdk-21.jdk/Contents/Home/bin/java
# VM options: -Djdk.net.hosts.file=/etc/hosts -Djdk.net.hosts.file=/etc/hosts
# Blackhole mode: compiler (auto-detected, use -Djmh.blackhole.autoDetect=false to disable)
# Warmup: 3 iterations, 500 ms each
# Measurement: 4 iterations, 500 ms each
# Timeout: 10 min per iteration
# Threads: 1 thread, will synchronize iterations
# Benchmark mode: Average time, time/op
# Benchmark: org.apache.jmeter.protocol.http.sampler.HeaderCaptureBenchmark.capture
# Parameters: (deferred = false, protocol = h2, readers = response, totalBytes = 1600)

# Run progress: 33,33% complete, ETA 00:07:16
# Fork: 1 of 2
# Warmup Iteration   1: 2026-09-12T07:22:56.242180Z org.apache.jmeter.protocol.http.sampler.HeaderCaptureBenchmark.capture-jmh-worker-1 ERROR Error processing element GuiLogEvent ([Appenders: null]): CLASS_NOT_FOUND
2026-09-12T07:22:56.269845Z org.apache.jmeter.protocol.http.sampler.HeaderCaptureBenchmark.capture-jmh-worker-1 ERROR Unable to locate appender "gui-log-event" for logger config "root"
535,772 ns/op
# Warmup Iteration   2: 418,705 ns/op
# Warmup Iteration   3: 411,025 ns/op
Iteration   1: 408,845 ns/op
                 gc.alloc.rate:      11920,146 MB/sec
                 gc.alloc.rate.norm: 5112,006 B/op
                 gc.count:           10,000 counts
                 gc.time:            5,000 ms
                 process.cpu:        423,683 ns/op

Iteration   2: 409,095 ns/op
                 gc.alloc.rate:      11913,114 MB/sec
                 gc.alloc.rate.norm: 5112,006 B/op
                 gc.count:           11,000 counts
                 gc.time:            6,000 ms
                 process.cpu:        422,938 ns/op

Iteration   3: 411,482 ns/op
                 gc.alloc.rate:      11844,482 MB/sec
                 gc.alloc.rate.norm: 5112,006 B/op
                 gc.count:           11,000 counts
                 gc.time:            6,000 ms
                 process.cpu:        425,693 ns/op

Iteration   4: 409,110 ns/op
                 gc.alloc.rate:      11913,424 MB/sec
                 gc.alloc.rate.norm: 5112,006 B/op
                 gc.count:           10,000 counts
                 gc.time:            5,000 ms
                 process.cpu:        423,543 ns/op


# Run progress: 33,93% complete, ETA 00:07:12
# Fork: 2 of 2
# Warmup Iteration   1: 2026-09-12T07:23:00.109863Z org.apache.jmeter.protocol.http.sampler.HeaderCaptureBenchmark.capture-jmh-worker-1 ERROR Error processing element GuiLogEvent ([Appenders: null]): CLASS_NOT_FOUND
2026-09-12T07:23:00.140242Z org.apache.jmeter.protocol.http.sampler.HeaderCaptureBenchmark.capture-jmh-worker-1 ERROR Unable to locate appender "gui-log-event" for logger config "root"
525,332 ns/op
# Warmup Iteration   2: 437,652 ns/op
# Warmup Iteration   3: 441,808 ns/op
Iteration   1: 445,884 ns/op
                 gc.alloc.rate:      10930,510 MB/sec
                 gc.alloc.rate.norm: 5112,006 B/op
                 gc.count:           10,000 counts
                 gc.time:            6,000 ms
                 process.cpu:        461,060 ns/op

Iteration   2: 440,594 ns/op
                 gc.alloc.rate:      11061,906 MB/sec
                 gc.alloc.rate.norm: 5112,006 B/op
                 gc.count:           9,000 counts
                 gc.time:            4,000 ms
                 process.cpu:        450,383 ns/op

Iteration   3: 434,083 ns/op
                 gc.alloc.rate:      11227,447 MB/sec
                 gc.alloc.rate.norm: 5112,006 B/op
                 gc.count:           10,000 counts
                 gc.time:            5,000 ms
                 process.cpu:        448,839 ns/op

Iteration   4: 440,149 ns/op
                 gc.alloc.rate:      11072,852 MB/sec
                 gc.alloc.rate.norm: 5112,006 B/op
                 gc.count:           10,000 counts
                 gc.time:            6,000 ms
                 process.cpu:        453,763 ns/op



Result "org.apache.jmeter.protocol.http.sampler.HeaderCaptureBenchmark.capture":
  424,905 ±(99.9%) 31,833 ns/op [Average]
  (min, avg, max) = (408,845, 424,905, 445,884), stdev = 16,649
  CI (99.9%): [393,072, 456,739] (assumes normal distribution)

Secondary result "org.apache.jmeter.protocol.http.sampler.HeaderCaptureBenchmark.capture:gc.alloc.rate":
  11485,485 ±(99.9%) 857,523 MB/sec [Average]
  (min, avg, max) = (10930,510, 11485,485, 11920,146), stdev = 448,501
  CI (99.9%): [10627,962, 12343,008] (assumes normal distribution)

Secondary result "org.apache.jmeter.protocol.http.sampler.HeaderCaptureBenchmark.capture:gc.alloc.rate.norm":
  5112,006 ±(99.9%) 0,001 B/op [Average]
  (min, avg, max) = (5112,006, 5112,006, 5112,006), stdev = 0,001
  CI (99.9%): [5112,006, 5112,007] (assumes normal distribution)

Secondary result "org.apache.jmeter.protocol.http.sampler.HeaderCaptureBenchmark.capture:gc.count":
  81,000 ±(99.9%) 0,001 counts [Sum]
  (min, avg, max) = (9,000, 10,125, 11,000), stdev = 0,641
  CI (99.9%): [81,000, 81,000] (assumes normal distribution)

Secondary result "org.apache.jmeter.protocol.http.sampler.HeaderCaptureBenchmark.capture:gc.time":
  43,000 ±(99.9%) 0,001 ms [Sum]
  (min, avg, max) = (4,000, 5,375, 6,000), stdev = 0,744
  CI (99.9%): [43,000, 43,000] (assumes normal distribution)

Secondary result "org.apache.jmeter.protocol.http.sampler.HeaderCaptureBenchmark.capture:process.cpu":
  438,738 ±(99.9%) 30,990 ns/op [Average]
  (min, avg, max) = (422,938, 438,738, 461,060), stdev = 16,209
  CI (99.9%): [407,748, 469,728] (assumes normal distribution)


# JMH version: 1.37
# VM version: JDK 21.0.5, Java HotSpot(TM) 64-Bit Server VM, 21.0.5+9-LTS-239
# VM invoker: /Library/Java/JavaVirtualMachines/jdk-21.jdk/Contents/Home/bin/java
# VM options: -Djdk.net.hosts.file=/etc/hosts -Djdk.net.hosts.file=/etc/hosts
# Blackhole mode: compiler (auto-detected, use -Djmh.blackhole.autoDetect=false to disable)
# Warmup: 3 iterations, 500 ms each
# Measurement: 4 iterations, 500 ms each
# Timeout: 10 min per iteration
# Threads: 1 thread, will synchronize iterations
# Benchmark mode: Average time, time/op
# Benchmark: org.apache.jmeter.protocol.http.sampler.HeaderCaptureBenchmark.capture
# Parameters: (deferred = false, protocol = h2, readers = response, totalBytes = 8192)

# Run progress: 34,52% complete, ETA 00:07:08
# Fork: 1 of 2
# Warmup Iteration   1: 2026-09-12T07:23:03.984841Z org.apache.jmeter.protocol.http.sampler.HeaderCaptureBenchmark.capture-jmh-worker-1 ERROR Error processing element GuiLogEvent ([Appenders: null]): CLASS_NOT_FOUND
2026-09-12T07:23:04.013605Z org.apache.jmeter.protocol.http.sampler.HeaderCaptureBenchmark.capture-jmh-worker-1 ERROR Unable to locate appender "gui-log-event" for logger config "root"
1051,562 ns/op
# Warmup Iteration   2: 970,645 ns/op
# Warmup Iteration   3: 792,615 ns/op
Iteration   1: 801,107 ns/op
                 gc.alloc.rate:      26124,460 MB/sec
                 gc.alloc.rate.norm: 21952,011 B/op
                 gc.count:           14,000 counts
                 gc.time:            8,000 ms
                 process.cpu:        848,786 ns/op

Iteration   2: 793,146 ns/op
                 gc.alloc.rate:      26386,688 MB/sec
                 gc.alloc.rate.norm: 21952,011 B/op
                 gc.count:           14,000 counts
                 gc.time:            7,000 ms
                 process.cpu:        841,453 ns/op

Iteration   3: 771,885 ns/op
                 gc.alloc.rate:      27114,085 MB/sec
                 gc.alloc.rate.norm: 21952,011 B/op
                 gc.count:           14,000 counts
                 gc.time:            8,000 ms
                 process.cpu:        817,498 ns/op

Iteration   4: 775,381 ns/op
                 gc.alloc.rate:      26991,007 MB/sec
                 gc.alloc.rate.norm: 21952,011 B/op
                 gc.count:           14,000 counts
                 gc.time:            8,000 ms
                 process.cpu:        827,073 ns/op


# Run progress: 35,12% complete, ETA 00:07:04
# Fork: 2 of 2
# Warmup Iteration   1: 2026-09-12T07:23:07.880037Z org.apache.jmeter.protocol.http.sampler.HeaderCaptureBenchmark.capture-jmh-worker-1 ERROR Error processing element GuiLogEvent ([Appenders: null]): CLASS_NOT_FOUND
2026-09-12T07:23:07.908330Z org.apache.jmeter.protocol.http.sampler.HeaderCaptureBenchmark.capture-jmh-worker-1 ERROR Unable to locate appender "gui-log-event" for logger config "root"
1055,538 ns/op
# Warmup Iteration   2: 815,398 ns/op
# Warmup Iteration   3: 780,378 ns/op
Iteration   1: 828,192 ns/op
                 gc.alloc.rate:      25266,419 MB/sec
                 gc.alloc.rate.norm: 21952,012 B/op
                 gc.count:           12,000 counts
                 gc.time:            7,000 ms
                 process.cpu:        875,043 ns/op

Iteration   2: 755,162 ns/op
                 gc.alloc.rate:      27709,194 MB/sec
                 gc.alloc.rate.norm: 21952,011 B/op
                 gc.count:           12,000 counts
                 gc.time:            7,000 ms
                 process.cpu:        790,726 ns/op

Iteration   3: 798,856 ns/op
                 gc.alloc.rate:      26197,376 MB/sec
                 gc.alloc.rate.norm: 21952,011 B/op
                 gc.count:           13,000 counts
                 gc.time:            8,000 ms
                 process.cpu:        839,791 ns/op

Iteration   4: 756,784 ns/op
                 gc.alloc.rate:      27654,158 MB/sec
                 gc.alloc.rate.norm: 21952,011 B/op
                 gc.count:           13,000 counts
                 gc.time:            7,000 ms
                 process.cpu:        818,011 ns/op



Result "org.apache.jmeter.protocol.http.sampler.HeaderCaptureBenchmark.capture":
  785,064 ±(99.9%) 47,576 ns/op [Average]
  (min, avg, max) = (755,162, 785,064, 828,192), stdev = 24,883
  CI (99.9%): [737,488, 832,640] (assumes normal distribution)

Secondary result "org.apache.jmeter.protocol.http.sampler.HeaderCaptureBenchmark.capture:gc.alloc.rate":
  26680,423 ±(99.9%) 1602,800 MB/sec [Average]
  (min, avg, max) = (25266,419, 26680,423, 27709,194), stdev = 838,295
  CI (99.9%): [25077,624, 28283,223] (assumes normal distribution)

Secondary result "org.apache.jmeter.protocol.http.sampler.HeaderCaptureBenchmark.capture:gc.alloc.rate.norm":
  21952,011 ±(99.9%) 0,001 B/op [Average]
  (min, avg, max) = (21952,011, 21952,011, 21952,012), stdev = 0,001
  CI (99.9%): [21952,011, 21952,012] (assumes normal distribution)

Secondary result "org.apache.jmeter.protocol.http.sampler.HeaderCaptureBenchmark.capture:gc.count":
  106,000 ±(99.9%) 0,001 counts [Sum]
  (min, avg, max) = (12,000, 13,250, 14,000), stdev = 0,886
  CI (99.9%): [106,000, 106,000] (assumes normal distribution)

Secondary result "org.apache.jmeter.protocol.http.sampler.HeaderCaptureBenchmark.capture:gc.time":
  60,000 ±(99.9%) 0,001 ms [Sum]
  (min, avg, max) = (7,000, 7,500, 8,000), stdev = 0,535
  CI (99.9%): [60,000, 60,000] (assumes normal distribution)

Secondary result "org.apache.jmeter.protocol.http.sampler.HeaderCaptureBenchmark.capture:process.cpu":
  832,298 ±(99.9%) 48,032 ns/op [Average]
  (min, avg, max) = (790,726, 832,298, 875,043), stdev = 25,122
  CI (99.9%): [784,266, 880,329] (assumes normal distribution)


# JMH version: 1.37
# VM version: JDK 21.0.5, Java HotSpot(TM) 64-Bit Server VM, 21.0.5+9-LTS-239
# VM invoker: /Library/Java/JavaVirtualMachines/jdk-21.jdk/Contents/Home/bin/java
# VM options: -Djdk.net.hosts.file=/etc/hosts -Djdk.net.hosts.file=/etc/hosts
# Blackhole mode: compiler (auto-detected, use -Djmh.blackhole.autoDetect=false to disable)
# Warmup: 3 iterations, 500 ms each
# Measurement: 4 iterations, 500 ms each
# Timeout: 10 min per iteration
# Threads: 1 thread, will synchronize iterations
# Benchmark mode: Average time, time/op
# Benchmark: org.apache.jmeter.protocol.http.sampler.HeaderCaptureBenchmark.capture
# Parameters: (deferred = false, protocol = h2, readers = both25, totalBytes = 400)

# Run progress: 35,71% complete, ETA 00:07:00
# Fork: 1 of 2
# Warmup Iteration   1: 2026-09-12T07:23:11.773570Z org.apache.jmeter.protocol.http.sampler.HeaderCaptureBenchmark.capture-jmh-worker-1 ERROR Error processing element GuiLogEvent ([Appenders: null]): CLASS_NOT_FOUND
2026-09-12T07:23:11.802572Z org.apache.jmeter.protocol.http.sampler.HeaderCaptureBenchmark.capture-jmh-worker-1 ERROR Unable to locate appender "gui-log-event" for logger config "root"
154,658 ns/op
# Warmup Iteration   2: 117,244 ns/op
# Warmup Iteration   3: 116,554 ns/op
Iteration   1: 117,078 ns/op
                 gc.alloc.rate:      10293,171 MB/sec
                 gc.alloc.rate.norm: 1264,002 B/op
                 gc.count:           9,000 counts
                 gc.time:            5,000 ms
                 process.cpu:        120,517 ns/op

Iteration   2: 116,151 ns/op
                 gc.alloc.rate:      10375,317 MB/sec
                 gc.alloc.rate.norm: 1264,002 B/op
                 gc.count:           9,000 counts
                 gc.time:            4,000 ms
                 process.cpu:        119,147 ns/op

Iteration   3: 116,181 ns/op
                 gc.alloc.rate:      10372,345 MB/sec
                 gc.alloc.rate.norm: 1264,002 B/op
                 gc.count:           10,000 counts
                 gc.time:            5,000 ms
                 process.cpu:        119,542 ns/op

Iteration   4: 115,957 ns/op
                 gc.alloc.rate:      10392,666 MB/sec
                 gc.alloc.rate.norm: 1264,002 B/op
                 gc.count:           9,000 counts
                 gc.time:            5,000 ms
                 process.cpu:        120,754 ns/op


# Run progress: 36,31% complete, ETA 00:06:56
# Fork: 2 of 2
# Warmup Iteration   1: 2026-09-12T07:23:15.630297Z org.apache.jmeter.protocol.http.sampler.HeaderCaptureBenchmark.capture-jmh-worker-1 ERROR Error processing element GuiLogEvent ([Appenders: null]): CLASS_NOT_FOUND
2026-09-12T07:23:15.659316Z org.apache.jmeter.protocol.http.sampler.HeaderCaptureBenchmark.capture-jmh-worker-1 ERROR Unable to locate appender "gui-log-event" for logger config "root"
155,590 ns/op
# Warmup Iteration   2: 127,195 ns/op
# Warmup Iteration   3: 127,318 ns/op
Iteration   1: 124,706 ns/op
                 gc.alloc.rate:      9663,067 MB/sec
                 gc.alloc.rate.norm: 1264,002 B/op
                 gc.count:           9,000 counts
                 gc.time:            4,000 ms
                 process.cpu:        128,494 ns/op

Iteration   2: 124,710 ns/op
                 gc.alloc.rate:      9663,495 MB/sec
                 gc.alloc.rate.norm: 1264,002 B/op
                 gc.count:           9,000 counts
                 gc.time:            5,000 ms
                 process.cpu:        128,375 ns/op

Iteration   3: 129,055 ns/op
                 gc.alloc.rate:      9337,546 MB/sec
                 gc.alloc.rate.norm: 1264,002 B/op
                 gc.count:           8,000 counts
                 gc.time:            4,000 ms
                 process.cpu:        130,442 ns/op

Iteration   4: 126,958 ns/op
                 gc.alloc.rate:      9492,104 MB/sec
                 gc.alloc.rate.norm: 1264,002 B/op
                 gc.count:           9,000 counts
                 gc.time:            4,000 ms
                 process.cpu:        129,170 ns/op



Result "org.apache.jmeter.protocol.http.sampler.HeaderCaptureBenchmark.capture":
  121,350 ±(99.9%) 10,583 ns/op [Average]
  (min, avg, max) = (115,957, 121,350, 129,055), stdev = 5,535
  CI (99.9%): [110,767, 131,932] (assumes normal distribution)

Secondary result "org.apache.jmeter.protocol.http.sampler.HeaderCaptureBenchmark.capture:gc.alloc.rate":
  9948,714 ±(99.9%) 861,802 MB/sec [Average]
  (min, avg, max) = (9337,546, 9948,714, 10392,666), stdev = 450,739
  CI (99.9%): [9086,912, 10810,516] (assumes normal distribution)

Secondary result "org.apache.jmeter.protocol.http.sampler.HeaderCaptureBenchmark.capture:gc.alloc.rate.norm":
  1264,002 ±(99.9%) 0,001 B/op [Average]
  (min, avg, max) = (1264,002, 1264,002, 1264,002), stdev = 0,001
  CI (99.9%): [1264,002, 1264,002] (assumes normal distribution)

Secondary result "org.apache.jmeter.protocol.http.sampler.HeaderCaptureBenchmark.capture:gc.count":
  72,000 ±(99.9%) 0,001 counts [Sum]
  (min, avg, max) = (8,000, 9,000, 10,000), stdev = 0,535
  CI (99.9%): [72,000, 72,000] (assumes normal distribution)

Secondary result "org.apache.jmeter.protocol.http.sampler.HeaderCaptureBenchmark.capture:gc.time":
  36,000 ±(99.9%) 0,001 ms [Sum]
  (min, avg, max) = (4,000, 4,500, 5,000), stdev = 0,535
  CI (99.9%): [36,000, 36,000] (assumes normal distribution)

Secondary result "org.apache.jmeter.protocol.http.sampler.HeaderCaptureBenchmark.capture:process.cpu":
  124,555 ±(99.9%) 9,455 ns/op [Average]
  (min, avg, max) = (119,147, 124,555, 130,442), stdev = 4,945
  CI (99.9%): [115,100, 134,011] (assumes normal distribution)


# JMH version: 1.37
# VM version: JDK 21.0.5, Java HotSpot(TM) 64-Bit Server VM, 21.0.5+9-LTS-239
# VM invoker: /Library/Java/JavaVirtualMachines/jdk-21.jdk/Contents/Home/bin/java
# VM options: -Djdk.net.hosts.file=/etc/hosts -Djdk.net.hosts.file=/etc/hosts
# Blackhole mode: compiler (auto-detected, use -Djmh.blackhole.autoDetect=false to disable)
# Warmup: 3 iterations, 500 ms each
# Measurement: 4 iterations, 500 ms each
# Timeout: 10 min per iteration
# Threads: 1 thread, will synchronize iterations
# Benchmark mode: Average time, time/op
# Benchmark: org.apache.jmeter.protocol.http.sampler.HeaderCaptureBenchmark.capture
# Parameters: (deferred = false, protocol = h2, readers = both25, totalBytes = 1600)

# Run progress: 36,90% complete, ETA 00:06:52
# Fork: 1 of 2
# Warmup Iteration   1: 2026-09-12T07:23:19.493465Z org.apache.jmeter.protocol.http.sampler.HeaderCaptureBenchmark.capture-jmh-worker-1 ERROR Error processing element GuiLogEvent ([Appenders: null]): CLASS_NOT_FOUND
2026-09-12T07:23:19.522753Z org.apache.jmeter.protocol.http.sampler.HeaderCaptureBenchmark.capture-jmh-worker-1 ERROR Unable to locate appender "gui-log-event" for logger config "root"
556,453 ns/op
# Warmup Iteration   2: 434,027 ns/op
# Warmup Iteration   3: 433,656 ns/op
Iteration   1: 409,201 ns/op
                 gc.alloc.rate:      11909,544 MB/sec
                 gc.alloc.rate.norm: 5112,006 B/op
                 gc.count:           9,000 counts
                 gc.time:            5,000 ms
                 process.cpu:        421,915 ns/op

Iteration   2: 404,429 ns/op
                 gc.alloc.rate:      12051,050 MB/sec
                 gc.alloc.rate.norm: 5112,006 B/op
                 gc.count:           8,000 counts
                 gc.time:            5,000 ms
                 process.cpu:        417,368 ns/op

Iteration   3: 409,260 ns/op
                 gc.alloc.rate:      11908,757 MB/sec
                 gc.alloc.rate.norm: 5112,006 B/op
                 gc.count:           9,000 counts
                 gc.time:            4,000 ms
                 process.cpu:        427,523 ns/op

Iteration   4: 412,565 ns/op
                 gc.alloc.rate:      11813,488 MB/sec
                 gc.alloc.rate.norm: 5112,006 B/op
                 gc.count:           9,000 counts
                 gc.time:            5,000 ms
                 process.cpu:        424,369 ns/op


# Run progress: 37,50% complete, ETA 00:06:48
# Fork: 2 of 2
# Warmup Iteration   1: 2026-09-12T07:23:23.388856Z org.apache.jmeter.protocol.http.sampler.HeaderCaptureBenchmark.capture-jmh-worker-1 ERROR Error processing element GuiLogEvent ([Appenders: null]): CLASS_NOT_FOUND
2026-09-12T07:23:23.417132Z org.apache.jmeter.protocol.http.sampler.HeaderCaptureBenchmark.capture-jmh-worker-1 ERROR Unable to locate appender "gui-log-event" for logger config "root"
550,246 ns/op
# Warmup Iteration   2: 446,138 ns/op
# Warmup Iteration   3: 425,654 ns/op
Iteration   1: 424,425 ns/op
                 gc.alloc.rate:      11482,445 MB/sec
                 gc.alloc.rate.norm: 5112,006 B/op
                 gc.count:           9,000 counts
                 gc.time:            4,000 ms
                 process.cpu:        435,765 ns/op

Iteration   2: 460,770 ns/op
                 gc.alloc.rate:      10576,971 MB/sec
                 gc.alloc.rate.norm: 5112,007 B/op
                 gc.count:           8,000 counts
                 gc.time:            4,000 ms
                 process.cpu:        466,923 ns/op

Iteration   3: 425,318 ns/op
                 gc.alloc.rate:      11457,454 MB/sec
                 gc.alloc.rate.norm: 5112,006 B/op
                 gc.count:           9,000 counts
                 gc.time:            5,000 ms
                 process.cpu:        446,733 ns/op

Iteration   4: 428,795 ns/op
                 gc.alloc.rate:      11366,061 MB/sec
                 gc.alloc.rate.norm: 5112,006 B/op
                 gc.count:           8,000 counts
                 gc.time:            5,000 ms
                 process.cpu:        439,551 ns/op



Result "org.apache.jmeter.protocol.http.sampler.HeaderCaptureBenchmark.capture":
  421,845 ±(99.9%) 34,581 ns/op [Average]
  (min, avg, max) = (404,429, 421,845, 460,770), stdev = 18,087
  CI (99.9%): [387,264, 456,427] (assumes normal distribution)

Secondary result "org.apache.jmeter.protocol.http.sampler.HeaderCaptureBenchmark.capture:gc.alloc.rate":
  11570,721 ±(99.9%) 905,134 MB/sec [Average]
  (min, avg, max) = (10576,971, 11570,721, 12051,050), stdev = 473,402
  CI (99.9%): [10665,588, 12475,855] (assumes normal distribution)

Secondary result "org.apache.jmeter.protocol.http.sampler.HeaderCaptureBenchmark.capture:gc.alloc.rate.norm":
  5112,006 ±(99.9%) 0,001 B/op [Average]
  (min, avg, max) = (5112,006, 5112,006, 5112,007), stdev = 0,001
  CI (99.9%): [5112,006, 5112,007] (assumes normal distribution)

Secondary result "org.apache.jmeter.protocol.http.sampler.HeaderCaptureBenchmark.capture:gc.count":
  69,000 ±(99.9%) 0,001 counts [Sum]
  (min, avg, max) = (8,000, 8,625, 9,000), stdev = 0,518
  CI (99.9%): [69,000, 69,000] (assumes normal distribution)

Secondary result "org.apache.jmeter.protocol.http.sampler.HeaderCaptureBenchmark.capture:gc.time":
  37,000 ±(99.9%) 0,001 ms [Sum]
  (min, avg, max) = (4,000, 4,625, 5,000), stdev = 0,518
  CI (99.9%): [37,000, 37,000] (assumes normal distribution)

Secondary result "org.apache.jmeter.protocol.http.sampler.HeaderCaptureBenchmark.capture:process.cpu":
  435,018 ±(99.9%) 30,907 ns/op [Average]
  (min, avg, max) = (417,368, 435,018, 466,923), stdev = 16,165
  CI (99.9%): [404,112, 465,925] (assumes normal distribution)


# JMH version: 1.37
# VM version: JDK 21.0.5, Java HotSpot(TM) 64-Bit Server VM, 21.0.5+9-LTS-239
# VM invoker: /Library/Java/JavaVirtualMachines/jdk-21.jdk/Contents/Home/bin/java
# VM options: -Djdk.net.hosts.file=/etc/hosts -Djdk.net.hosts.file=/etc/hosts
# Blackhole mode: compiler (auto-detected, use -Djmh.blackhole.autoDetect=false to disable)
# Warmup: 3 iterations, 500 ms each
# Measurement: 4 iterations, 500 ms each
# Timeout: 10 min per iteration
# Threads: 1 thread, will synchronize iterations
# Benchmark mode: Average time, time/op
# Benchmark: org.apache.jmeter.protocol.http.sampler.HeaderCaptureBenchmark.capture
# Parameters: (deferred = false, protocol = h2, readers = both25, totalBytes = 8192)

# Run progress: 38,10% complete, ETA 00:06:44
# Fork: 1 of 2
# Warmup Iteration   1: 2026-09-12T07:23:27.270897Z org.apache.jmeter.protocol.http.sampler.HeaderCaptureBenchmark.capture-jmh-worker-1 ERROR Error processing element GuiLogEvent ([Appenders: null]): CLASS_NOT_FOUND
2026-09-12T07:23:27.300733Z org.apache.jmeter.protocol.http.sampler.HeaderCaptureBenchmark.capture-jmh-worker-1 ERROR Unable to locate appender "gui-log-event" for logger config "root"
1041,214 ns/op
# Warmup Iteration   2: 851,633 ns/op
# Warmup Iteration   3: 762,975 ns/op
Iteration   1: 768,887 ns/op
                 gc.alloc.rate:      27212,466 MB/sec
                 gc.alloc.rate.norm: 21952,011 B/op
                 gc.count:           14,000 counts
                 gc.time:            8,000 ms
                 process.cpu:        812,916 ns/op

Iteration   2: 757,166 ns/op
                 gc.alloc.rate:      27640,431 MB/sec
                 gc.alloc.rate.norm: 21952,011 B/op
                 gc.count:           15,000 counts
                 gc.time:            8,000 ms
                 process.cpu:        805,819 ns/op

Iteration   3: 768,445 ns/op
                 gc.alloc.rate:      27234,170 MB/sec
                 gc.alloc.rate.norm: 21952,011 B/op
                 gc.count:           14,000 counts
                 gc.time:            8,000 ms
                 process.cpu:        825,273 ns/op

Iteration   4: 786,591 ns/op
                 gc.alloc.rate:      26599,476 MB/sec
                 gc.alloc.rate.norm: 21952,011 B/op
                 gc.count:           14,000 counts
                 gc.time:            8,000 ms
                 process.cpu:        828,635 ns/op


# Run progress: 38,69% complete, ETA 00:06:41
# Fork: 2 of 2
# Warmup Iteration   1: 2026-09-12T07:23:31.169927Z org.apache.jmeter.protocol.http.sampler.HeaderCaptureBenchmark.capture-jmh-worker-1 ERROR Error processing element GuiLogEvent ([Appenders: null]): CLASS_NOT_FOUND
2026-09-12T07:23:31.200001Z org.apache.jmeter.protocol.http.sampler.HeaderCaptureBenchmark.capture-jmh-worker-1 ERROR Unable to locate appender "gui-log-event" for logger config "root"
1082,581 ns/op
# Warmup Iteration   2: 774,660 ns/op
# Warmup Iteration   3: 741,843 ns/op
Iteration   1: 739,584 ns/op
                 gc.alloc.rate:      28296,798 MB/sec
                 gc.alloc.rate.norm: 21952,011 B/op
                 gc.count:           16,000 counts
                 gc.time:            9,000 ms
                 process.cpu:        787,321 ns/op

Iteration   2: 740,173 ns/op
                 gc.alloc.rate:      28274,453 MB/sec
                 gc.alloc.rate.norm: 21952,011 B/op
                 gc.count:           16,000 counts
                 gc.time:            9,000 ms
                 process.cpu:        786,232 ns/op

Iteration   3: 734,821 ns/op
                 gc.alloc.rate:      28479,331 MB/sec
                 gc.alloc.rate.norm: 21952,011 B/op
                 gc.count:           16,000 counts
                 gc.time:            8,000 ms
                 process.cpu:        795,437 ns/op

Iteration   4: 732,797 ns/op
                 gc.alloc.rate:      28559,695 MB/sec
                 gc.alloc.rate.norm: 21952,011 B/op
                 gc.count:           16,000 counts
                 gc.time:            9,000 ms
                 process.cpu:        778,225 ns/op



Result "org.apache.jmeter.protocol.http.sampler.HeaderCaptureBenchmark.capture":
  753,558 ±(99.9%) 37,671 ns/op [Average]
  (min, avg, max) = (732,797, 753,558, 786,591), stdev = 19,703
  CI (99.9%): [715,887, 791,229] (assumes normal distribution)

Secondary result "org.apache.jmeter.protocol.http.sampler.HeaderCaptureBenchmark.capture:gc.alloc.rate":
  27787,103 ±(99.9%) 1378,989 MB/sec [Average]
  (min, avg, max) = (26599,476, 27787,103, 28559,695), stdev = 721,238
  CI (99.9%): [26408,113, 29166,092] (assumes normal distribution)

Secondary result "org.apache.jmeter.protocol.http.sampler.HeaderCaptureBenchmark.capture:gc.alloc.rate.norm":
  21952,011 ±(99.9%) 0,001 B/op [Average]
  (min, avg, max) = (21952,011, 21952,011, 21952,011), stdev = 0,001
  CI (99.9%): [21952,010, 21952,011] (assumes normal distribution)

Secondary result "org.apache.jmeter.protocol.http.sampler.HeaderCaptureBenchmark.capture:gc.count":
  121,000 ±(99.9%) 0,001 counts [Sum]
  (min, avg, max) = (14,000, 15,125, 16,000), stdev = 0,991
  CI (99.9%): [121,000, 121,000] (assumes normal distribution)

Secondary result "org.apache.jmeter.protocol.http.sampler.HeaderCaptureBenchmark.capture:gc.time":
  67,000 ±(99.9%) 0,001 ms [Sum]
  (min, avg, max) = (8,000, 8,375, 9,000), stdev = 0,518
  CI (99.9%): [67,000, 67,000] (assumes normal distribution)

Secondary result "org.apache.jmeter.protocol.http.sampler.HeaderCaptureBenchmark.capture:process.cpu":
  802,482 ±(99.9%) 35,809 ns/op [Average]
  (min, avg, max) = (778,225, 802,482, 828,635), stdev = 18,729
  CI (99.9%): [766,673, 838,292] (assumes normal distribution)


# JMH version: 1.37
# VM version: JDK 21.0.5, Java HotSpot(TM) 64-Bit Server VM, 21.0.5+9-LTS-239
# VM invoker: /Library/Java/JavaVirtualMachines/jdk-21.jdk/Contents/Home/bin/java
# VM options: -Djdk.net.hosts.file=/etc/hosts -Djdk.net.hosts.file=/etc/hosts
# Blackhole mode: compiler (auto-detected, use -Djmh.blackhole.autoDetect=false to disable)
# Warmup: 3 iterations, 500 ms each
# Measurement: 4 iterations, 500 ms each
# Timeout: 10 min per iteration
# Threads: 1 thread, will synchronize iterations
# Benchmark mode: Average time, time/op
# Benchmark: org.apache.jmeter.protocol.http.sampler.HeaderCaptureBenchmark.capture
# Parameters: (deferred = false, protocol = h2, readers = both50, totalBytes = 400)

# Run progress: 39,29% complete, ETA 00:06:37
# Fork: 1 of 2
# Warmup Iteration   1: 2026-09-12T07:23:35.063160Z org.apache.jmeter.protocol.http.sampler.HeaderCaptureBenchmark.capture-jmh-worker-1 ERROR Error processing element GuiLogEvent ([Appenders: null]): CLASS_NOT_FOUND
2026-09-12T07:23:35.092261Z org.apache.jmeter.protocol.http.sampler.HeaderCaptureBenchmark.capture-jmh-worker-1 ERROR Unable to locate appender "gui-log-event" for logger config "root"
161,186 ns/op
# Warmup Iteration   2: 127,155 ns/op
# Warmup Iteration   3: 122,897 ns/op
Iteration   1: 124,334 ns/op
                 gc.alloc.rate:      9691,791 MB/sec
                 gc.alloc.rate.norm: 1264,002 B/op
                 gc.count:           9,000 counts
                 gc.time:            4,000 ms
                 process.cpu:        127,878 ns/op

Iteration   2: 122,515 ns/op
                 gc.alloc.rate:      9835,868 MB/sec
                 gc.alloc.rate.norm: 1264,002 B/op
                 gc.count:           9,000 counts
                 gc.time:            5,000 ms
                 process.cpu:        126,442 ns/op

Iteration   3: 121,866 ns/op
                 gc.alloc.rate:      9887,608 MB/sec
                 gc.alloc.rate.norm: 1264,002 B/op
                 gc.count:           9,000 counts
                 gc.time:            5,000 ms
                 process.cpu:        125,468 ns/op

Iteration   4: 123,427 ns/op
                 gc.alloc.rate:      9763,160 MB/sec
                 gc.alloc.rate.norm: 1264,002 B/op
                 gc.count:           9,000 counts
                 gc.time:            4,000 ms
                 process.cpu:        128,733 ns/op


# Run progress: 39,88% complete, ETA 00:06:33
# Fork: 2 of 2
# Warmup Iteration   1: 2026-09-12T07:23:38.931043Z org.apache.jmeter.protocol.http.sampler.HeaderCaptureBenchmark.capture-jmh-worker-1 ERROR Error processing element GuiLogEvent ([Appenders: null]): CLASS_NOT_FOUND
2026-09-12T07:23:38.962012Z org.apache.jmeter.protocol.http.sampler.HeaderCaptureBenchmark.capture-jmh-worker-1 ERROR Unable to locate appender "gui-log-event" for logger config "root"
155,091 ns/op
# Warmup Iteration   2: 126,859 ns/op
# Warmup Iteration   3: 126,148 ns/op
Iteration   1: 128,082 ns/op
                 gc.alloc.rate:      9408,314 MB/sec
                 gc.alloc.rate.norm: 1264,002 B/op
                 gc.count:           8,000 counts
                 gc.time:            3,000 ms
                 process.cpu:        130,765 ns/op

Iteration   2: 124,683 ns/op
                 gc.alloc.rate:      9665,051 MB/sec
                 gc.alloc.rate.norm: 1264,002 B/op
                 gc.count:           9,000 counts
                 gc.time:            5,000 ms
                 process.cpu:        128,200 ns/op

Iteration   3: 126,718 ns/op
                 gc.alloc.rate:      9509,434 MB/sec
                 gc.alloc.rate.norm: 1264,002 B/op
                 gc.count:           9,000 counts
                 gc.time:            5,000 ms
                 process.cpu:        130,807 ns/op

Iteration   4: 124,655 ns/op
                 gc.alloc.rate:      9667,745 MB/sec
                 gc.alloc.rate.norm: 1264,002 B/op
                 gc.count:           9,000 counts
                 gc.time:            4,000 ms
                 process.cpu:        128,867 ns/op



Result "org.apache.jmeter.protocol.http.sampler.HeaderCaptureBenchmark.capture":
  124,535 ±(99.9%) 3,949 ns/op [Average]
  (min, avg, max) = (121,866, 124,535, 128,082), stdev = 2,065
  CI (99.9%): [120,587, 128,484] (assumes normal distribution)

Secondary result "org.apache.jmeter.protocol.http.sampler.HeaderCaptureBenchmark.capture:gc.alloc.rate":
  9678,621 ±(99.9%) 304,646 MB/sec [Average]
  (min, avg, max) = (9408,314, 9678,621, 9887,608), stdev = 159,336
  CI (99.9%): [9373,975, 9983,267] (assumes normal distribution)

Secondary result "org.apache.jmeter.protocol.http.sampler.HeaderCaptureBenchmark.capture:gc.alloc.rate.norm":
  1264,002 ±(99.9%) 0,001 B/op [Average]
  (min, avg, max) = (1264,002, 1264,002, 1264,002), stdev = 0,001
  CI (99.9%): [1264,002, 1264,002] (assumes normal distribution)

Secondary result "org.apache.jmeter.protocol.http.sampler.HeaderCaptureBenchmark.capture:gc.count":
  71,000 ±(99.9%) 0,001 counts [Sum]
  (min, avg, max) = (8,000, 8,875, 9,000), stdev = 0,354
  CI (99.9%): [71,000, 71,000] (assumes normal distribution)

Secondary result "org.apache.jmeter.protocol.http.sampler.HeaderCaptureBenchmark.capture:gc.time":
  35,000 ±(99.9%) 0,001 ms [Sum]
  (min, avg, max) = (3,000, 4,375, 5,000), stdev = 0,744
  CI (99.9%): [35,000, 35,000] (assumes normal distribution)

Secondary result "org.apache.jmeter.protocol.http.sampler.HeaderCaptureBenchmark.capture:process.cpu":
  128,395 ±(99.9%) 3,574 ns/op [Average]
  (min, avg, max) = (125,468, 128,395, 130,807), stdev = 1,869
  CI (99.9%): [124,821, 131,969] (assumes normal distribution)


# JMH version: 1.37
# VM version: JDK 21.0.5, Java HotSpot(TM) 64-Bit Server VM, 21.0.5+9-LTS-239
# VM invoker: /Library/Java/JavaVirtualMachines/jdk-21.jdk/Contents/Home/bin/java
# VM options: -Djdk.net.hosts.file=/etc/hosts -Djdk.net.hosts.file=/etc/hosts
# Blackhole mode: compiler (auto-detected, use -Djmh.blackhole.autoDetect=false to disable)
# Warmup: 3 iterations, 500 ms each
# Measurement: 4 iterations, 500 ms each
# Timeout: 10 min per iteration
# Threads: 1 thread, will synchronize iterations
# Benchmark mode: Average time, time/op
# Benchmark: org.apache.jmeter.protocol.http.sampler.HeaderCaptureBenchmark.capture
# Parameters: (deferred = false, protocol = h2, readers = both50, totalBytes = 1600)

# Run progress: 40,48% complete, ETA 00:06:29
# Fork: 1 of 2
# Warmup Iteration   1: 2026-09-12T07:23:42.804607Z org.apache.jmeter.protocol.http.sampler.HeaderCaptureBenchmark.capture-jmh-worker-1 ERROR Error processing element GuiLogEvent ([Appenders: null]): CLASS_NOT_FOUND
2026-09-12T07:23:42.836266Z org.apache.jmeter.protocol.http.sampler.HeaderCaptureBenchmark.capture-jmh-worker-1 ERROR Unable to locate appender "gui-log-event" for logger config "root"
539,061 ns/op
# Warmup Iteration   2: 460,502 ns/op
# Warmup Iteration   3: 459,651 ns/op
Iteration   1: 459,098 ns/op
                 gc.alloc.rate:      10615,721 MB/sec
                 gc.alloc.rate.norm: 5112,007 B/op
                 gc.count:           9,000 counts
                 gc.time:            6,000 ms
                 process.cpu:        470,824 ns/op

Iteration   2: 451,747 ns/op
                 gc.alloc.rate:      10788,522 MB/sec
                 gc.alloc.rate.norm: 5112,006 B/op
                 gc.count:           9,000 counts
                 gc.time:            5,000 ms
                 process.cpu:        466,247 ns/op

Iteration   3: 454,020 ns/op
                 gc.alloc.rate:      10724,255 MB/sec
                 gc.alloc.rate.norm: 5112,007 B/op
                 gc.count:           10,000 counts
                 gc.time:            5,000 ms
                 process.cpu:        468,300 ns/op

Iteration   4: 455,932 ns/op
                 gc.alloc.rate:      10689,737 MB/sec
                 gc.alloc.rate.norm: 5112,007 B/op
                 gc.count:           9,000 counts
                 gc.time:            5,000 ms
                 process.cpu:        470,356 ns/op


# Run progress: 41,07% complete, ETA 00:06:25
# Fork: 2 of 2
# Warmup Iteration   1: 2026-09-12T07:23:46.663103Z org.apache.jmeter.protocol.http.sampler.HeaderCaptureBenchmark.capture-jmh-worker-1 ERROR Error processing element GuiLogEvent ([Appenders: null]): CLASS_NOT_FOUND
2026-09-12T07:23:46.691135Z org.apache.jmeter.protocol.http.sampler.HeaderCaptureBenchmark.capture-jmh-worker-1 ERROR Unable to locate appender "gui-log-event" for logger config "root"
578,202 ns/op
# Warmup Iteration   2: 425,038 ns/op
# Warmup Iteration   3: 409,634 ns/op
Iteration   1: 410,697 ns/op
                 gc.alloc.rate:      11866,203 MB/sec
                 gc.alloc.rate.norm: 5112,006 B/op
                 gc.count:           9,000 counts
                 gc.time:            5,000 ms
                 process.cpu:        421,838 ns/op

Iteration   2: 410,359 ns/op
                 gc.alloc.rate:      11876,748 MB/sec
                 gc.alloc.rate.norm: 5112,006 B/op
                 gc.count:           9,000 counts
                 gc.time:            5,000 ms
                 process.cpu:        425,219 ns/op

Iteration   3: 404,956 ns/op
                 gc.alloc.rate:      12035,458 MB/sec
                 gc.alloc.rate.norm: 5112,006 B/op
                 gc.count:           9,000 counts
                 gc.time:            4,000 ms
                 process.cpu:        419,995 ns/op

Iteration   4: 409,117 ns/op
                 gc.alloc.rate:      11912,897 MB/sec
                 gc.alloc.rate.norm: 5112,006 B/op
                 gc.count:           8,000 counts
                 gc.time:            4,000 ms
                 process.cpu:        419,929 ns/op



Result "org.apache.jmeter.protocol.http.sampler.HeaderCaptureBenchmark.capture":
  431,991 ±(99.9%) 47,712 ns/op [Average]
  (min, avg, max) = (404,956, 431,991, 459,098), stdev = 24,954
  CI (99.9%): [384,278, 479,703] (assumes normal distribution)

Secondary result "org.apache.jmeter.protocol.http.sampler.HeaderCaptureBenchmark.capture:gc.alloc.rate":
  11313,693 ±(99.9%) 1252,102 MB/sec [Average]
  (min, avg, max) = (10615,721, 11313,693, 12035,458), stdev = 654,874
  CI (99.9%): [10061,590, 12565,795] (assumes normal distribution)

Secondary result "org.apache.jmeter.protocol.http.sampler.HeaderCaptureBenchmark.capture:gc.alloc.rate.norm":
  5112,006 ±(99.9%) 0,001 B/op [Average]
  (min, avg, max) = (5112,006, 5112,006, 5112,007), stdev = 0,001
  CI (99.9%): [5112,005, 5112,007] (assumes normal distribution)

Secondary result "org.apache.jmeter.protocol.http.sampler.HeaderCaptureBenchmark.capture:gc.count":
  72,000 ±(99.9%) 0,001 counts [Sum]
  (min, avg, max) = (8,000, 9,000, 10,000), stdev = 0,535
  CI (99.9%): [72,000, 72,000] (assumes normal distribution)

Secondary result "org.apache.jmeter.protocol.http.sampler.HeaderCaptureBenchmark.capture:gc.time":
  39,000 ±(99.9%) 0,001 ms [Sum]
  (min, avg, max) = (4,000, 4,875, 6,000), stdev = 0,641
  CI (99.9%): [39,000, 39,000] (assumes normal distribution)

Secondary result "org.apache.jmeter.protocol.http.sampler.HeaderCaptureBenchmark.capture:process.cpu":
  445,338 ±(99.9%) 48,396 ns/op [Average]
  (min, avg, max) = (419,929, 445,338, 470,824), stdev = 25,312
  CI (99.9%): [396,943, 493,734] (assumes normal distribution)


# JMH version: 1.37
# VM version: JDK 21.0.5, Java HotSpot(TM) 64-Bit Server VM, 21.0.5+9-LTS-239
# VM invoker: /Library/Java/JavaVirtualMachines/jdk-21.jdk/Contents/Home/bin/java
# VM options: -Djdk.net.hosts.file=/etc/hosts -Djdk.net.hosts.file=/etc/hosts
# Blackhole mode: compiler (auto-detected, use -Djmh.blackhole.autoDetect=false to disable)
# Warmup: 3 iterations, 500 ms each
# Measurement: 4 iterations, 500 ms each
# Timeout: 10 min per iteration
# Threads: 1 thread, will synchronize iterations
# Benchmark mode: Average time, time/op
# Benchmark: org.apache.jmeter.protocol.http.sampler.HeaderCaptureBenchmark.capture
# Parameters: (deferred = false, protocol = h2, readers = both50, totalBytes = 8192)

# Run progress: 41,67% complete, ETA 00:06:21
# Fork: 1 of 2
# Warmup Iteration   1: 2026-09-12T07:23:50.537083Z org.apache.jmeter.protocol.http.sampler.HeaderCaptureBenchmark.capture-jmh-worker-1 ERROR Error processing element GuiLogEvent ([Appenders: null]): CLASS_NOT_FOUND
2026-09-12T07:23:50.566281Z org.apache.jmeter.protocol.http.sampler.HeaderCaptureBenchmark.capture-jmh-worker-1 ERROR Unable to locate appender "gui-log-event" for logger config "root"
1188,099 ns/op
# Warmup Iteration   2: 862,430 ns/op
# Warmup Iteration   3: 754,872 ns/op
Iteration   1: 757,471 ns/op
                 gc.alloc.rate:      27629,851 MB/sec
                 gc.alloc.rate.norm: 21952,011 B/op
                 gc.count:           15,000 counts
                 gc.time:            8,000 ms
                 process.cpu:        805,097 ns/op

Iteration   2: 753,432 ns/op
                 gc.alloc.rate:      27776,908 MB/sec
                 gc.alloc.rate.norm: 21952,011 B/op
                 gc.count:           15,000 counts
                 gc.time:            8,000 ms
                 process.cpu:        802,992 ns/op

Iteration   3: 753,274 ns/op
                 gc.alloc.rate:      27784,643 MB/sec
                 gc.alloc.rate.norm: 21952,011 B/op
                 gc.count:           15,000 counts
                 gc.time:            8,000 ms
                 process.cpu:        810,282 ns/op

Iteration   4: 737,206 ns/op
                 gc.alloc.rate:      28389,863 MB/sec
                 gc.alloc.rate.norm: 21952,011 B/op
                 gc.count:           15,000 counts
                 gc.time:            8,000 ms
                 process.cpu:        788,153 ns/op


# Run progress: 42,26% complete, ETA 00:06:17
# Fork: 2 of 2
# Warmup Iteration   1: 2026-09-12T07:23:54.446762Z org.apache.jmeter.protocol.http.sampler.HeaderCaptureBenchmark.capture-jmh-worker-1 ERROR Error processing element GuiLogEvent ([Appenders: null]): CLASS_NOT_FOUND
2026-09-12T07:23:54.476775Z org.apache.jmeter.protocol.http.sampler.HeaderCaptureBenchmark.capture-jmh-worker-1 ERROR Unable to locate appender "gui-log-event" for logger config "root"
1103,368 ns/op
# Warmup Iteration   2: 766,104 ns/op
# Warmup Iteration   3: 895,318 ns/op
Iteration   1: 738,519 ns/op
                 gc.alloc.rate:      28335,723 MB/sec
                 gc.alloc.rate.norm: 21952,011 B/op
                 gc.count:           16,000 counts
                 gc.time:            9,000 ms
                 process.cpu:        789,748 ns/op

Iteration   2: 748,982 ns/op
                 gc.alloc.rate:      27940,861 MB/sec
                 gc.alloc.rate.norm: 21952,011 B/op
                 gc.count:           16,000 counts
                 gc.time:            9,000 ms
                 process.cpu:        794,695 ns/op

Iteration   3: 755,481 ns/op
                 gc.alloc.rate:      27702,918 MB/sec
                 gc.alloc.rate.norm: 21952,011 B/op
                 gc.count:           15,000 counts
                 gc.time:            8,000 ms
                 process.cpu:        816,001 ns/op

Iteration   4: 752,358 ns/op
                 gc.alloc.rate:      27817,377 MB/sec
                 gc.alloc.rate.norm: 21952,011 B/op
                 gc.count:           15,000 counts
                 gc.time:            9,000 ms
                 process.cpu:        802,297 ns/op



Result "org.apache.jmeter.protocol.http.sampler.HeaderCaptureBenchmark.capture":
  749,590 ±(99.9%) 14,617 ns/op [Average]
  (min, avg, max) = (737,206, 749,590, 757,471), stdev = 7,645
  CI (99.9%): [734,974, 764,207] (assumes normal distribution)

Secondary result "org.apache.jmeter.protocol.http.sampler.HeaderCaptureBenchmark.capture:gc.alloc.rate":
  27922,268 ±(99.9%) 547,807 MB/sec [Average]
  (min, avg, max) = (27629,851, 27922,268, 28389,863), stdev = 286,514
  CI (99.9%): [27374,461, 28470,075] (assumes normal distribution)

Secondary result "org.apache.jmeter.protocol.http.sampler.HeaderCaptureBenchmark.capture:gc.alloc.rate.norm":
  21952,011 ±(99.9%) 0,001 B/op [Average]
  (min, avg, max) = (21952,011, 21952,011, 21952,011), stdev = 0,001
  CI (99.9%): [21952,010, 21952,011] (assumes normal distribution)

Secondary result "org.apache.jmeter.protocol.http.sampler.HeaderCaptureBenchmark.capture:gc.count":
  122,000 ±(99.9%) 0,001 counts [Sum]
  (min, avg, max) = (15,000, 15,250, 16,000), stdev = 0,463
  CI (99.9%): [122,000, 122,000] (assumes normal distribution)

Secondary result "org.apache.jmeter.protocol.http.sampler.HeaderCaptureBenchmark.capture:gc.time":
  67,000 ±(99.9%) 0,001 ms [Sum]
  (min, avg, max) = (8,000, 8,375, 9,000), stdev = 0,518
  CI (99.9%): [67,000, 67,000] (assumes normal distribution)

Secondary result "org.apache.jmeter.protocol.http.sampler.HeaderCaptureBenchmark.capture:process.cpu":
  801,158 ±(99.9%) 18,633 ns/op [Average]
  (min, avg, max) = (788,153, 801,158, 816,001), stdev = 9,745
  CI (99.9%): [782,525, 819,791] (assumes normal distribution)


# JMH version: 1.37
# VM version: JDK 21.0.5, Java HotSpot(TM) 64-Bit Server VM, 21.0.5+9-LTS-239
# VM invoker: /Library/Java/JavaVirtualMachines/jdk-21.jdk/Contents/Home/bin/java
# VM options: -Djdk.net.hosts.file=/etc/hosts -Djdk.net.hosts.file=/etc/hosts
# Blackhole mode: compiler (auto-detected, use -Djmh.blackhole.autoDetect=false to disable)
# Warmup: 3 iterations, 500 ms each
# Measurement: 4 iterations, 500 ms each
# Timeout: 10 min per iteration
# Threads: 1 thread, will synchronize iterations
# Benchmark mode: Average time, time/op
# Benchmark: org.apache.jmeter.protocol.http.sampler.HeaderCaptureBenchmark.capture
# Parameters: (deferred = false, protocol = h2, readers = both75, totalBytes = 400)

# Run progress: 42,86% complete, ETA 00:06:13
# Fork: 1 of 2
# Warmup Iteration   1: 2026-09-12T07:23:58.365528Z org.apache.jmeter.protocol.http.sampler.HeaderCaptureBenchmark.capture-jmh-worker-1 ERROR Error processing element GuiLogEvent ([Appenders: null]): CLASS_NOT_FOUND
2026-09-12T07:23:58.397677Z org.apache.jmeter.protocol.http.sampler.HeaderCaptureBenchmark.capture-jmh-worker-1 ERROR Unable to locate appender "gui-log-event" for logger config "root"
173,153 ns/op
# Warmup Iteration   2: 127,393 ns/op
# Warmup Iteration   3: 116,792 ns/op
Iteration   1: 117,754 ns/op
                 gc.alloc.rate:      10232,277 MB/sec
                 gc.alloc.rate.norm: 1264,002 B/op
                 gc.count:           9,000 counts
                 gc.time:            5,000 ms
                 process.cpu:        120,947 ns/op

Iteration   2: 117,839 ns/op
                 gc.alloc.rate:      10226,984 MB/sec
                 gc.alloc.rate.norm: 1264,002 B/op
                 gc.count:           9,000 counts
                 gc.time:            4,000 ms
                 process.cpu:        120,986 ns/op

Iteration   3: 117,163 ns/op
                 gc.alloc.rate:      10285,782 MB/sec
                 gc.alloc.rate.norm: 1264,002 B/op
                 gc.count:           10,000 counts
                 gc.time:            6,000 ms
                 process.cpu:        123,221 ns/op

Iteration   4: 118,532 ns/op
                 gc.alloc.rate:      10165,818 MB/sec
                 gc.alloc.rate.norm: 1264,002 B/op
                 gc.count:           9,000 counts
                 gc.time:            4,000 ms
                 process.cpu:        121,451 ns/op


# Run progress: 43,45% complete, ETA 00:06:09
# Fork: 2 of 2
# Warmup Iteration   1: 2026-09-12T07:24:02.258696Z org.apache.jmeter.protocol.http.sampler.HeaderCaptureBenchmark.capture-jmh-worker-1 ERROR Error processing element GuiLogEvent ([Appenders: null]): CLASS_NOT_FOUND
2026-09-12T07:24:02.288302Z org.apache.jmeter.protocol.http.sampler.HeaderCaptureBenchmark.capture-jmh-worker-1 ERROR Unable to locate appender "gui-log-event" for logger config "root"
162,926 ns/op
# Warmup Iteration   2: 118,846 ns/op
# Warmup Iteration   3: 119,000 ns/op
Iteration   1: 118,648 ns/op
                 gc.alloc.rate:      10156,607 MB/sec
                 gc.alloc.rate.norm: 1264,002 B/op
                 gc.count:           9,000 counts
                 gc.time:            5,000 ms
                 process.cpu:        122,607 ns/op

Iteration   2: 117,128 ns/op
                 gc.alloc.rate:      10288,600 MB/sec
                 gc.alloc.rate.norm: 1264,002 B/op
                 gc.count:           9,000 counts
                 gc.time:            5,000 ms
                 process.cpu:        120,127 ns/op

Iteration   3: 117,017 ns/op
                 gc.alloc.rate:      10298,196 MB/sec
                 gc.alloc.rate.norm: 1264,002 B/op
                 gc.count:           10,000 counts
                 gc.time:            5,000 ms
                 process.cpu:        122,353 ns/op

Iteration   4: 116,064 ns/op
                 gc.alloc.rate:      10382,787 MB/sec
                 gc.alloc.rate.norm: 1264,002 B/op
                 gc.count:           9,000 counts
                 gc.time:            4,000 ms
                 process.cpu:        119,756 ns/op



Result "org.apache.jmeter.protocol.http.sampler.HeaderCaptureBenchmark.capture":
  117,518 ±(99.9%) 1,633 ns/op [Average]
  (min, avg, max) = (116,064, 117,518, 118,648), stdev = 0,854
  CI (99.9%): [115,885, 119,151] (assumes normal distribution)

Secondary result "org.apache.jmeter.protocol.http.sampler.HeaderCaptureBenchmark.capture:gc.alloc.rate":
  10254,631 ±(99.9%) 143,091 MB/sec [Average]
  (min, avg, max) = (10156,607, 10254,631, 10382,787), stdev = 74,839
  CI (99.9%): [10111,540, 10397,722] (assumes normal distribution)

Secondary result "org.apache.jmeter.protocol.http.sampler.HeaderCaptureBenchmark.capture:gc.alloc.rate.norm":
  1264,002 ±(99.9%) 0,001 B/op [Average]
  (min, avg, max) = (1264,002, 1264,002, 1264,002), stdev = 0,001
  CI (99.9%): [1264,002, 1264,002] (assumes normal distribution)

Secondary result "org.apache.jmeter.protocol.http.sampler.HeaderCaptureBenchmark.capture:gc.count":
  74,000 ±(99.9%) 0,001 counts [Sum]
  (min, avg, max) = (9,000, 9,250, 10,000), stdev = 0,463
  CI (99.9%): [74,000, 74,000] (assumes normal distribution)

Secondary result "org.apache.jmeter.protocol.http.sampler.HeaderCaptureBenchmark.capture:gc.time":
  38,000 ±(99.9%) 0,001 ms [Sum]
  (min, avg, max) = (4,000, 4,750, 6,000), stdev = 0,707
  CI (99.9%): [38,000, 38,000] (assumes normal distribution)

Secondary result "org.apache.jmeter.protocol.http.sampler.HeaderCaptureBenchmark.capture:process.cpu":
  121,431 ±(99.9%) 2,328 ns/op [Average]
  (min, avg, max) = (119,756, 121,431, 123,221), stdev = 1,217
  CI (99.9%): [119,103, 123,759] (assumes normal distribution)


# JMH version: 1.37
# VM version: JDK 21.0.5, Java HotSpot(TM) 64-Bit Server VM, 21.0.5+9-LTS-239
# VM invoker: /Library/Java/JavaVirtualMachines/jdk-21.jdk/Contents/Home/bin/java
# VM options: -Djdk.net.hosts.file=/etc/hosts -Djdk.net.hosts.file=/etc/hosts
# Blackhole mode: compiler (auto-detected, use -Djmh.blackhole.autoDetect=false to disable)
# Warmup: 3 iterations, 500 ms each
# Measurement: 4 iterations, 500 ms each
# Timeout: 10 min per iteration
# Threads: 1 thread, will synchronize iterations
# Benchmark mode: Average time, time/op
# Benchmark: org.apache.jmeter.protocol.http.sampler.HeaderCaptureBenchmark.capture
# Parameters: (deferred = false, protocol = h2, readers = both75, totalBytes = 1600)

# Run progress: 44,05% complete, ETA 00:06:05
# Fork: 1 of 2
# Warmup Iteration   1: 2026-09-12T07:24:06.138221Z org.apache.jmeter.protocol.http.sampler.HeaderCaptureBenchmark.capture-jmh-worker-1 ERROR Error processing element GuiLogEvent ([Appenders: null]): CLASS_NOT_FOUND
2026-09-12T07:24:06.167837Z org.apache.jmeter.protocol.http.sampler.HeaderCaptureBenchmark.capture-jmh-worker-1 ERROR Unable to locate appender "gui-log-event" for logger config "root"
553,443 ns/op
# Warmup Iteration   2: 414,871 ns/op
# Warmup Iteration   3: 410,067 ns/op
Iteration   1: 409,834 ns/op
                 gc.alloc.rate:      11892,292 MB/sec
                 gc.alloc.rate.norm: 5112,006 B/op
                 gc.count:           11,000 counts
                 gc.time:            5,000 ms
                 process.cpu:        425,689 ns/op

Iteration   2: 405,011 ns/op
                 gc.alloc.rate:      12033,700 MB/sec
                 gc.alloc.rate.norm: 5112,006 B/op
                 gc.count:           10,000 counts
                 gc.time:            6,000 ms
                 process.cpu:        419,393 ns/op

Iteration   3: 410,035 ns/op
                 gc.alloc.rate:      11885,162 MB/sec
                 gc.alloc.rate.norm: 5112,006 B/op
                 gc.count:           11,000 counts
                 gc.time:            6,000 ms
                 process.cpu:        430,084 ns/op

Iteration   4: 407,975 ns/op
                 gc.alloc.rate:      11945,939 MB/sec
                 gc.alloc.rate.norm: 5112,006 B/op
                 gc.count:           10,000 counts
                 gc.time:            5,000 ms
                 process.cpu:        420,851 ns/op


# Run progress: 44,64% complete, ETA 00:06:02
# Fork: 2 of 2
# Warmup Iteration   1: 2026-09-12T07:24:10.014191Z org.apache.jmeter.protocol.http.sampler.HeaderCaptureBenchmark.capture-jmh-worker-1 ERROR Error processing element GuiLogEvent ([Appenders: null]): CLASS_NOT_FOUND
2026-09-12T07:24:10.044255Z org.apache.jmeter.protocol.http.sampler.HeaderCaptureBenchmark.capture-jmh-worker-1 ERROR Unable to locate appender "gui-log-event" for logger config "root"
642,244 ns/op
# Warmup Iteration   2: 407,742 ns/op
# Warmup Iteration   3: 412,529 ns/op
Iteration   1: 408,089 ns/op
                 gc.alloc.rate:      11940,902 MB/sec
                 gc.alloc.rate.norm: 5112,006 B/op
                 gc.count:           11,000 counts
                 gc.time:            6,000 ms
                 process.cpu:        423,152 ns/op

Iteration   2: 414,520 ns/op
                 gc.alloc.rate:      11756,673 MB/sec
                 gc.alloc.rate.norm: 5112,006 B/op
                 gc.count:           10,000 counts
                 gc.time:            5,000 ms
                 process.cpu:        426,068 ns/op

Iteration   3: 411,406 ns/op
                 gc.alloc.rate:      11846,455 MB/sec
                 gc.alloc.rate.norm: 5112,006 B/op
                 gc.count:           11,000 counts
                 gc.time:            6,000 ms
                 process.cpu:        428,404 ns/op

Iteration   4: 406,933 ns/op
                 gc.alloc.rate:      11976,078 MB/sec
                 gc.alloc.rate.norm: 5112,006 B/op
                 gc.count:           10,000 counts
                 gc.time:            5,000 ms
                 process.cpu:        428,604 ns/op



Result "org.apache.jmeter.protocol.http.sampler.HeaderCaptureBenchmark.capture":
  409,225 ±(99.9%) 5,583 ns/op [Average]
  (min, avg, max) = (405,011, 409,225, 414,520), stdev = 2,920
  CI (99.9%): [403,643, 414,808] (assumes normal distribution)

Secondary result "org.apache.jmeter.protocol.http.sampler.HeaderCaptureBenchmark.capture:gc.alloc.rate":
  11909,650 ±(99.9%) 162,222 MB/sec [Average]
  (min, avg, max) = (11756,673, 11909,650, 12033,700), stdev = 84,845
  CI (99.9%): [11747,428, 12071,872] (assumes normal distribution)

Secondary result "org.apache.jmeter.protocol.http.sampler.HeaderCaptureBenchmark.capture:gc.alloc.rate.norm":
  5112,006 ±(99.9%) 0,001 B/op [Average]
  (min, avg, max) = (5112,006, 5112,006, 5112,006), stdev = 0,001
  CI (99.9%): [5112,006, 5112,006] (assumes normal distribution)

Secondary result "org.apache.jmeter.protocol.http.sampler.HeaderCaptureBenchmark.capture:gc.count":
  84,000 ±(99.9%) 0,001 counts [Sum]
  (min, avg, max) = (10,000, 10,500, 11,000), stdev = 0,535
  CI (99.9%): [84,000, 84,000] (assumes normal distribution)

Secondary result "org.apache.jmeter.protocol.http.sampler.HeaderCaptureBenchmark.capture:gc.time":
  44,000 ±(99.9%) 0,001 ms [Sum]
  (min, avg, max) = (5,000, 5,500, 6,000), stdev = 0,535
  CI (99.9%): [44,000, 44,000] (assumes normal distribution)

Secondary result "org.apache.jmeter.protocol.http.sampler.HeaderCaptureBenchmark.capture:process.cpu":
  425,281 ±(99.9%) 7,351 ns/op [Average]
  (min, avg, max) = (419,393, 425,281, 430,084), stdev = 3,845
  CI (99.9%): [417,929, 432,632] (assumes normal distribution)


# JMH version: 1.37
# VM version: JDK 21.0.5, Java HotSpot(TM) 64-Bit Server VM, 21.0.5+9-LTS-239
# VM invoker: /Library/Java/JavaVirtualMachines/jdk-21.jdk/Contents/Home/bin/java
# VM options: -Djdk.net.hosts.file=/etc/hosts -Djdk.net.hosts.file=/etc/hosts
# Blackhole mode: compiler (auto-detected, use -Djmh.blackhole.autoDetect=false to disable)
# Warmup: 3 iterations, 500 ms each
# Measurement: 4 iterations, 500 ms each
# Timeout: 10 min per iteration
# Threads: 1 thread, will synchronize iterations
# Benchmark mode: Average time, time/op
# Benchmark: org.apache.jmeter.protocol.http.sampler.HeaderCaptureBenchmark.capture
# Parameters: (deferred = false, protocol = h2, readers = both75, totalBytes = 8192)

# Run progress: 45,24% complete, ETA 00:05:58
# Fork: 1 of 2
# Warmup Iteration   1: 2026-09-12T07:24:13.903550Z org.apache.jmeter.protocol.http.sampler.HeaderCaptureBenchmark.capture-jmh-worker-1 ERROR Error processing element GuiLogEvent ([Appenders: null]): CLASS_NOT_FOUND
2026-09-12T07:24:13.932621Z org.apache.jmeter.protocol.http.sampler.HeaderCaptureBenchmark.capture-jmh-worker-1 ERROR Unable to locate appender "gui-log-event" for logger config "root"
1139,515 ns/op
# Warmup Iteration   2: 870,857 ns/op
# Warmup Iteration   3: 783,390 ns/op
Iteration   1: 802,537 ns/op
                 gc.alloc.rate:      26071,022 MB/sec
                 gc.alloc.rate.norm: 21952,012 B/op
                 gc.count:           15,000 counts
                 gc.time:            8,000 ms
                 process.cpu:        854,810 ns/op

Iteration   2: 791,749 ns/op
                 gc.alloc.rate:      26430,454 MB/sec
                 gc.alloc.rate.norm: 21952,011 B/op
                 gc.count:           14,000 counts
                 gc.time:            8,000 ms
                 process.cpu:        836,758 ns/op

Iteration   3: 791,177 ns/op
                 gc.alloc.rate:      26452,367 MB/sec
                 gc.alloc.rate.norm: 21952,011 B/op
                 gc.count:           15,000 counts
                 gc.time:            9,000 ms
                 process.cpu:        836,030 ns/op

Iteration   4: 775,265 ns/op
                 gc.alloc.rate:      26994,278 MB/sec
                 gc.alloc.rate.norm: 21952,011 B/op
                 gc.count:           15,000 counts
                 gc.time:            8,000 ms
                 process.cpu:        822,406 ns/op


# Run progress: 45,83% complete, ETA 00:05:54
# Fork: 2 of 2
# Warmup Iteration   1: 2026-09-12T07:24:17.807922Z org.apache.jmeter.protocol.http.sampler.HeaderCaptureBenchmark.capture-jmh-worker-1 ERROR Error processing element GuiLogEvent ([Appenders: null]): CLASS_NOT_FOUND
2026-09-12T07:24:17.840155Z org.apache.jmeter.protocol.http.sampler.HeaderCaptureBenchmark.capture-jmh-worker-1 ERROR Unable to locate appender "gui-log-event" for logger config "root"
1103,833 ns/op
# Warmup Iteration   2: 813,035 ns/op
# Warmup Iteration   3: 786,460 ns/op
Iteration   1: 785,676 ns/op
                 gc.alloc.rate:      26636,239 MB/sec
                 gc.alloc.rate.norm: 21952,011 B/op
                 gc.count:           15,000 counts
                 gc.time:            8,000 ms
                 process.cpu:        839,763 ns/op

Iteration   2: 782,492 ns/op
                 gc.alloc.rate:      26744,719 MB/sec
                 gc.alloc.rate.norm: 21952,011 B/op
                 gc.count:           14,000 counts
                 gc.time:            8,000 ms
                 process.cpu:        828,508 ns/op

Iteration   3: 833,741 ns/op
                 gc.alloc.rate:      25101,634 MB/sec
                 gc.alloc.rate.norm: 21952,012 B/op
                 gc.count:           13,000 counts
                 gc.time:            7,000 ms
                 process.cpu:        889,498 ns/op

Iteration   4: 778,170 ns/op
                 gc.alloc.rate:      26887,319 MB/sec
                 gc.alloc.rate.norm: 21952,011 B/op
                 gc.count:           15,000 counts
                 gc.time:            8,000 ms
                 process.cpu:        830,889 ns/op



Result "org.apache.jmeter.protocol.http.sampler.HeaderCaptureBenchmark.capture":
  792,601 ±(99.9%) 35,791 ns/op [Average]
  (min, avg, max) = (775,265, 792,601, 833,741), stdev = 18,720
  CI (99.9%): [756,810, 828,392] (assumes normal distribution)

Secondary result "org.apache.jmeter.protocol.http.sampler.HeaderCaptureBenchmark.capture:gc.alloc.rate":
  26414,754 ±(99.9%) 1156,524 MB/sec [Average]
  (min, avg, max) = (25101,634, 26414,754, 26994,278), stdev = 604,884
  CI (99.9%): [25258,230, 27571,278] (assumes normal distribution)

Secondary result "org.apache.jmeter.protocol.http.sampler.HeaderCaptureBenchmark.capture:gc.alloc.rate.norm":
  21952,011 ±(99.9%) 0,001 B/op [Average]
  (min, avg, max) = (21952,011, 21952,011, 21952,012), stdev = 0,001
  CI (99.9%): [21952,011, 21952,012] (assumes normal distribution)

Secondary result "org.apache.jmeter.protocol.http.sampler.HeaderCaptureBenchmark.capture:gc.count":
  116,000 ±(99.9%) 0,001 counts [Sum]
  (min, avg, max) = (13,000, 14,500, 15,000), stdev = 0,756
  CI (99.9%): [116,000, 116,000] (assumes normal distribution)

Secondary result "org.apache.jmeter.protocol.http.sampler.HeaderCaptureBenchmark.capture:gc.time":
  64,000 ±(99.9%) 0,001 ms [Sum]
  (min, avg, max) = (7,000, 8,000, 9,000), stdev = 0,535
  CI (99.9%): [64,000, 64,000] (assumes normal distribution)

Secondary result "org.apache.jmeter.protocol.http.sampler.HeaderCaptureBenchmark.capture:process.cpu":
  842,333 ±(99.9%) 40,731 ns/op [Average]
  (min, avg, max) = (822,406, 842,333, 889,498), stdev = 21,303
  CI (99.9%): [801,602, 883,064] (assumes normal distribution)


# JMH version: 1.37
# VM version: JDK 21.0.5, Java HotSpot(TM) 64-Bit Server VM, 21.0.5+9-LTS-239
# VM invoker: /Library/Java/JavaVirtualMachines/jdk-21.jdk/Contents/Home/bin/java
# VM options: -Djdk.net.hosts.file=/etc/hosts -Djdk.net.hosts.file=/etc/hosts
# Blackhole mode: compiler (auto-detected, use -Djmh.blackhole.autoDetect=false to disable)
# Warmup: 3 iterations, 500 ms each
# Measurement: 4 iterations, 500 ms each
# Timeout: 10 min per iteration
# Threads: 1 thread, will synchronize iterations
# Benchmark mode: Average time, time/op
# Benchmark: org.apache.jmeter.protocol.http.sampler.HeaderCaptureBenchmark.capture
# Parameters: (deferred = false, protocol = h2, readers = both100, totalBytes = 400)

# Run progress: 46,43% complete, ETA 00:05:50
# Fork: 1 of 2
# Warmup Iteration   1: 2026-09-12T07:24:21.711748Z org.apache.jmeter.protocol.http.sampler.HeaderCaptureBenchmark.capture-jmh-worker-1 ERROR Error processing element GuiLogEvent ([Appenders: null]): CLASS_NOT_FOUND
2026-09-12T07:24:21.741119Z org.apache.jmeter.protocol.http.sampler.HeaderCaptureBenchmark.capture-jmh-worker-1 ERROR Unable to locate appender "gui-log-event" for logger config "root"
170,619 ns/op
# Warmup Iteration   2: 115,692 ns/op
# Warmup Iteration   3: 117,102 ns/op
Iteration   1: 115,060 ns/op
                 gc.alloc.rate:      10472,440 MB/sec
                 gc.alloc.rate.norm: 1264,002 B/op
                 gc.count:           9,000 counts
                 gc.time:            5,000 ms
                 process.cpu:        119,354 ns/op

Iteration   2: 115,502 ns/op
                 gc.alloc.rate:      10432,673 MB/sec
                 gc.alloc.rate.norm: 1264,002 B/op
                 gc.count:           10,000 counts
                 gc.time:            5,000 ms
                 process.cpu:        119,162 ns/op

Iteration   3: 117,053 ns/op
                 gc.alloc.rate:      10294,281 MB/sec
                 gc.alloc.rate.norm: 1264,002 B/op
                 gc.count:           9,000 counts
                 gc.time:            5,000 ms
                 process.cpu:        121,855 ns/op

Iteration   4: 115,045 ns/op
                 gc.alloc.rate:      10474,869 MB/sec
                 gc.alloc.rate.norm: 1264,002 B/op
                 gc.count:           10,000 counts
                 gc.time:            5,000 ms
                 process.cpu:        118,711 ns/op


# Run progress: 47,02% complete, ETA 00:05:46
# Fork: 2 of 2
# Warmup Iteration   1: 2026-09-12T07:24:25.606945Z org.apache.jmeter.protocol.http.sampler.HeaderCaptureBenchmark.capture-jmh-worker-1 ERROR Error processing element GuiLogEvent ([Appenders: null]): CLASS_NOT_FOUND
2026-09-12T07:24:25.642658Z org.apache.jmeter.protocol.http.sampler.HeaderCaptureBenchmark.capture-jmh-worker-1 ERROR Unable to locate appender "gui-log-event" for logger config "root"
148,248 ns/op
# Warmup Iteration   2: 126,028 ns/op
# Warmup Iteration   3: 126,782 ns/op
Iteration   1: 120,734 ns/op
                 gc.alloc.rate:      9981,034 MB/sec
                 gc.alloc.rate.norm: 1264,002 B/op
                 gc.count:           7,000 counts
                 gc.time:            4,000 ms
                 process.cpu:        123,321 ns/op

Iteration   2: 121,017 ns/op
                 gc.alloc.rate:      9958,482 MB/sec
                 gc.alloc.rate.norm: 1264,002 B/op
                 gc.count:           8,000 counts
                 gc.time:            4,000 ms
                 process.cpu:        124,496 ns/op

Iteration   3: 121,045 ns/op
                 gc.alloc.rate:      9956,026 MB/sec
                 gc.alloc.rate.norm: 1264,002 B/op
                 gc.count:           7,000 counts
                 gc.time:            4,000 ms
                 process.cpu:        124,333 ns/op

Iteration   4: 119,363 ns/op
                 gc.alloc.rate:      10096,070 MB/sec
                 gc.alloc.rate.norm: 1264,002 B/op
                 gc.count:           8,000 counts
                 gc.time:            4,000 ms
                 process.cpu:        122,375 ns/op



Result "org.apache.jmeter.protocol.http.sampler.HeaderCaptureBenchmark.capture":
  118,102 ±(99.9%) 5,218 ns/op [Average]
  (min, avg, max) = (115,045, 118,102, 121,045), stdev = 2,729
  CI (99.9%): [112,884, 123,320] (assumes normal distribution)

Secondary result "org.apache.jmeter.protocol.http.sampler.HeaderCaptureBenchmark.capture:gc.alloc.rate":
  10208,234 ±(99.9%) 450,641 MB/sec [Average]
  (min, avg, max) = (9956,026, 10208,234, 10474,869), stdev = 235,694
  CI (99.9%): [9757,593, 10658,875] (assumes normal distribution)

Secondary result "org.apache.jmeter.protocol.http.sampler.HeaderCaptureBenchmark.capture:gc.alloc.rate.norm":
  1264,002 ±(99.9%) 0,001 B/op [Average]
  (min, avg, max) = (1264,002, 1264,002, 1264,002), stdev = 0,001
  CI (99.9%): [1264,002, 1264,002] (assumes normal distribution)

Secondary result "org.apache.jmeter.protocol.http.sampler.HeaderCaptureBenchmark.capture:gc.count":
  68,000 ±(99.9%) 0,001 counts [Sum]
  (min, avg, max) = (7,000, 8,500, 10,000), stdev = 1,195
  CI (99.9%): [68,000, 68,000] (assumes normal distribution)

Secondary result "org.apache.jmeter.protocol.http.sampler.HeaderCaptureBenchmark.capture:gc.time":
  36,000 ±(99.9%) 0,001 ms [Sum]
  (min, avg, max) = (4,000, 4,500, 5,000), stdev = 0,535
  CI (99.9%): [36,000, 36,000] (assumes normal distribution)

Secondary result "org.apache.jmeter.protocol.http.sampler.HeaderCaptureBenchmark.capture:process.cpu":
  121,701 ±(99.9%) 4,498 ns/op [Average]
  (min, avg, max) = (118,711, 121,701, 124,496), stdev = 2,352
  CI (99.9%): [117,203, 126,199] (assumes normal distribution)


# JMH version: 1.37
# VM version: JDK 21.0.5, Java HotSpot(TM) 64-Bit Server VM, 21.0.5+9-LTS-239
# VM invoker: /Library/Java/JavaVirtualMachines/jdk-21.jdk/Contents/Home/bin/java
# VM options: -Djdk.net.hosts.file=/etc/hosts -Djdk.net.hosts.file=/etc/hosts
# Blackhole mode: compiler (auto-detected, use -Djmh.blackhole.autoDetect=false to disable)
# Warmup: 3 iterations, 500 ms each
# Measurement: 4 iterations, 500 ms each
# Timeout: 10 min per iteration
# Threads: 1 thread, will synchronize iterations
# Benchmark mode: Average time, time/op
# Benchmark: org.apache.jmeter.protocol.http.sampler.HeaderCaptureBenchmark.capture
# Parameters: (deferred = false, protocol = h2, readers = both100, totalBytes = 1600)

# Run progress: 47,62% complete, ETA 00:05:42
# Fork: 1 of 2
# Warmup Iteration   1: 2026-09-12T07:24:29.496186Z org.apache.jmeter.protocol.http.sampler.HeaderCaptureBenchmark.capture-jmh-worker-1 ERROR Error processing element GuiLogEvent ([Appenders: null]): CLASS_NOT_FOUND
2026-09-12T07:24:29.528243Z org.apache.jmeter.protocol.http.sampler.HeaderCaptureBenchmark.capture-jmh-worker-1 ERROR Unable to locate appender "gui-log-event" for logger config "root"
575,045 ns/op
# Warmup Iteration   2: 418,310 ns/op
# Warmup Iteration   3: 412,226 ns/op
Iteration   1: 414,551 ns/op
                 gc.alloc.rate:      11755,176 MB/sec
                 gc.alloc.rate.norm: 5112,006 B/op
                 gc.count:           10,000 counts
                 gc.time:            6,000 ms
                 process.cpu:        428,155 ns/op

Iteration   2: 411,540 ns/op
                 gc.alloc.rate:      11842,711 MB/sec
                 gc.alloc.rate.norm: 5112,006 B/op
                 gc.count:           11,000 counts
                 gc.time:            5,000 ms
                 process.cpu:        424,594 ns/op

Iteration   3: 404,144 ns/op
                 gc.alloc.rate:      12059,464 MB/sec
                 gc.alloc.rate.norm: 5112,006 B/op
                 gc.count:           10,000 counts
                 gc.time:            5,000 ms
                 process.cpu:        417,555 ns/op

Iteration   4: 409,752 ns/op
                 gc.alloc.rate:      11893,532 MB/sec
                 gc.alloc.rate.norm: 5112,006 B/op
                 gc.count:           11,000 counts
                 gc.time:            6,000 ms
                 process.cpu:        431,273 ns/op


# Run progress: 48,21% complete, ETA 00:05:38
# Fork: 2 of 2
# Warmup Iteration   1: 2026-09-12T07:24:33.386521Z org.apache.jmeter.protocol.http.sampler.HeaderCaptureBenchmark.capture-jmh-worker-1 ERROR Error processing element GuiLogEvent ([Appenders: null]): CLASS_NOT_FOUND
2026-09-12T07:24:33.424478Z org.apache.jmeter.protocol.http.sampler.HeaderCaptureBenchmark.capture-jmh-worker-1 ERROR Unable to locate appender "gui-log-event" for logger config "root"
633,213 ns/op
# Warmup Iteration   2: 407,795 ns/op
# Warmup Iteration   3: 414,208 ns/op
Iteration   1: 408,352 ns/op
                 gc.alloc.rate:      11934,803 MB/sec
                 gc.alloc.rate.norm: 5112,006 B/op
                 gc.count:           11,000 counts
                 gc.time:            5,000 ms
                 process.cpu:        422,686 ns/op

Iteration   2: 438,895 ns/op
                 gc.alloc.rate:      11103,548 MB/sec
                 gc.alloc.rate.norm: 5112,006 B/op
                 gc.count:           10,000 counts
                 gc.time:            6,000 ms
                 process.cpu:        440,563 ns/op

Iteration   3: 403,173 ns/op
                 gc.alloc.rate:      12087,120 MB/sec
                 gc.alloc.rate.norm: 5112,006 B/op
                 gc.count:           10,000 counts
                 gc.time:            5,000 ms
                 process.cpu:        421,374 ns/op

Iteration   4: 410,500 ns/op
                 gc.alloc.rate:      11872,645 MB/sec
                 gc.alloc.rate.norm: 5112,006 B/op
                 gc.count:           11,000 counts
                 gc.time:            6,000 ms
                 process.cpu:        425,827 ns/op



Result "org.apache.jmeter.protocol.http.sampler.HeaderCaptureBenchmark.capture":
  412,613 ±(99.9%) 21,526 ns/op [Average]
  (min, avg, max) = (403,173, 412,613, 438,895), stdev = 11,259
  CI (99.9%): [391,087, 434,140] (assumes normal distribution)

Secondary result "org.apache.jmeter.protocol.http.sampler.HeaderCaptureBenchmark.capture:gc.alloc.rate":
  11818,625 ±(99.9%) 590,665 MB/sec [Average]
  (min, avg, max) = (11103,548, 11818,625, 12087,120), stdev = 308,929
  CI (99.9%): [11227,960, 12409,289] (assumes normal distribution)

Secondary result "org.apache.jmeter.protocol.http.sampler.HeaderCaptureBenchmark.capture:gc.alloc.rate.norm":
  5112,006 ±(99.9%) 0,001 B/op [Average]
  (min, avg, max) = (5112,006, 5112,006, 5112,006), stdev = 0,001
  CI (99.9%): [5112,006, 5112,006] (assumes normal distribution)

Secondary result "org.apache.jmeter.protocol.http.sampler.HeaderCaptureBenchmark.capture:gc.count":
  84,000 ±(99.9%) 0,001 counts [Sum]
  (min, avg, max) = (10,000, 10,500, 11,000), stdev = 0,535
  CI (99.9%): [84,000, 84,000] (assumes normal distribution)

Secondary result "org.apache.jmeter.protocol.http.sampler.HeaderCaptureBenchmark.capture:gc.time":
  44,000 ±(99.9%) 0,001 ms [Sum]
  (min, avg, max) = (5,000, 5,500, 6,000), stdev = 0,535
  CI (99.9%): [44,000, 44,000] (assumes normal distribution)

Secondary result "org.apache.jmeter.protocol.http.sampler.HeaderCaptureBenchmark.capture:process.cpu":
  426,503 ±(99.9%) 13,485 ns/op [Average]
  (min, avg, max) = (417,555, 426,503, 440,563), stdev = 7,053
  CI (99.9%): [413,018, 439,988] (assumes normal distribution)


# JMH version: 1.37
# VM version: JDK 21.0.5, Java HotSpot(TM) 64-Bit Server VM, 21.0.5+9-LTS-239
# VM invoker: /Library/Java/JavaVirtualMachines/jdk-21.jdk/Contents/Home/bin/java
# VM options: -Djdk.net.hosts.file=/etc/hosts -Djdk.net.hosts.file=/etc/hosts
# Blackhole mode: compiler (auto-detected, use -Djmh.blackhole.autoDetect=false to disable)
# Warmup: 3 iterations, 500 ms each
# Measurement: 4 iterations, 500 ms each
# Timeout: 10 min per iteration
# Threads: 1 thread, will synchronize iterations
# Benchmark mode: Average time, time/op
# Benchmark: org.apache.jmeter.protocol.http.sampler.HeaderCaptureBenchmark.capture
# Parameters: (deferred = false, protocol = h2, readers = both100, totalBytes = 8192)

# Run progress: 48,81% complete, ETA 00:05:34
# Fork: 1 of 2
# Warmup Iteration   1: 2026-09-12T07:24:37.291836Z org.apache.jmeter.protocol.http.sampler.HeaderCaptureBenchmark.capture-jmh-worker-1 ERROR Error processing element GuiLogEvent ([Appenders: null]): CLASS_NOT_FOUND
2026-09-12T07:24:37.322229Z org.apache.jmeter.protocol.http.sampler.HeaderCaptureBenchmark.capture-jmh-worker-1 ERROR Unable to locate appender "gui-log-event" for logger config "root"
1164,940 ns/op
# Warmup Iteration   2: 815,173 ns/op
# Warmup Iteration   3: 747,209 ns/op
Iteration   1: 742,067 ns/op
                 gc.alloc.rate:      28201,951 MB/sec
                 gc.alloc.rate.norm: 21952,011 B/op
                 gc.count:           15,000 counts
                 gc.time:            8,000 ms
                 process.cpu:        791,513 ns/op

Iteration   2: 754,042 ns/op
                 gc.alloc.rate:      27754,512 MB/sec
                 gc.alloc.rate.norm: 21952,011 B/op
                 gc.count:           16,000 counts
                 gc.time:            9,000 ms
                 process.cpu:        803,531 ns/op

Iteration   3: 746,511 ns/op
                 gc.alloc.rate:      28035,837 MB/sec
                 gc.alloc.rate.norm: 21952,011 B/op
                 gc.count:           16,000 counts
                 gc.time:            9,000 ms
                 process.cpu:        796,630 ns/op

Iteration   4: 769,644 ns/op
                 gc.alloc.rate:      27191,185 MB/sec
                 gc.alloc.rate.norm: 21952,011 B/op
                 gc.count:           15,000 counts
                 gc.time:            8,000 ms
                 process.cpu:        824,604 ns/op


# Run progress: 49,40% complete, ETA 00:05:30
# Fork: 2 of 2
# Warmup Iteration   1: 2026-09-12T07:24:41.187469Z org.apache.jmeter.protocol.http.sampler.HeaderCaptureBenchmark.capture-jmh-worker-1 ERROR Error processing element GuiLogEvent ([Appenders: null]): CLASS_NOT_FOUND
2026-09-12T07:24:41.216469Z org.apache.jmeter.protocol.http.sampler.HeaderCaptureBenchmark.capture-jmh-worker-1 ERROR Unable to locate appender "gui-log-event" for logger config "root"
1039,642 ns/op
# Warmup Iteration   2: 849,152 ns/op
# Warmup Iteration   3: 775,195 ns/op
Iteration   1: 767,857 ns/op
                 gc.alloc.rate:      27254,060 MB/sec
                 gc.alloc.rate.norm: 21952,011 B/op
                 gc.count:           14,000 counts
                 gc.time:            7,000 ms
                 process.cpu:        813,092 ns/op

Iteration   2: 785,214 ns/op
                 gc.alloc.rate:      26653,214 MB/sec
                 gc.alloc.rate.norm: 21952,011 B/op
                 gc.count:           14,000 counts
                 gc.time:            8,000 ms
                 process.cpu:        826,715 ns/op

Iteration   3: 769,667 ns/op
                 gc.alloc.rate:      27191,806 MB/sec
                 gc.alloc.rate.norm: 21952,011 B/op
                 gc.count:           14,000 counts
                 gc.time:            8,000 ms
                 process.cpu:        818,377 ns/op

Iteration   4: 773,448 ns/op
                 gc.alloc.rate:      27058,218 MB/sec
                 gc.alloc.rate.norm: 21952,011 B/op
                 gc.count:           15,000 counts
                 gc.time:            9,000 ms
                 process.cpu:        824,226 ns/op



Result "org.apache.jmeter.protocol.http.sampler.HeaderCaptureBenchmark.capture":
  763,556 ±(99.9%) 28,013 ns/op [Average]
  (min, avg, max) = (742,067, 763,556, 785,214), stdev = 14,651
  CI (99.9%): [735,543, 791,569] (assumes normal distribution)

Secondary result "org.apache.jmeter.protocol.http.sampler.HeaderCaptureBenchmark.capture:gc.alloc.rate":
  27417,598 ±(99.9%) 1010,008 MB/sec [Average]
  (min, avg, max) = (26653,214, 27417,598, 28201,951), stdev = 528,254
  CI (99.9%): [26407,589, 28427,606] (assumes normal distribution)

Secondary result "org.apache.jmeter.protocol.http.sampler.HeaderCaptureBenchmark.capture:gc.alloc.rate.norm":
  21952,011 ±(99.9%) 0,001 B/op [Average]
  (min, avg, max) = (21952,011, 21952,011, 21952,011), stdev = 0,001
  CI (99.9%): [21952,011, 21952,011] (assumes normal distribution)

Secondary result "org.apache.jmeter.protocol.http.sampler.HeaderCaptureBenchmark.capture:gc.count":
  119,000 ±(99.9%) 0,001 counts [Sum]
  (min, avg, max) = (14,000, 14,875, 16,000), stdev = 0,835
  CI (99.9%): [119,000, 119,000] (assumes normal distribution)

Secondary result "org.apache.jmeter.protocol.http.sampler.HeaderCaptureBenchmark.capture:gc.time":
  66,000 ±(99.9%) 0,001 ms [Sum]
  (min, avg, max) = (7,000, 8,250, 9,000), stdev = 0,707
  CI (99.9%): [66,000, 66,000] (assumes normal distribution)

Secondary result "org.apache.jmeter.protocol.http.sampler.HeaderCaptureBenchmark.capture:process.cpu":
  812,336 ±(99.9%) 25,991 ns/op [Average]
  (min, avg, max) = (791,513, 812,336, 826,715), stdev = 13,594
  CI (99.9%): [786,345, 838,327] (assumes normal distribution)


# JMH version: 1.37
# VM version: JDK 21.0.5, Java HotSpot(TM) 64-Bit Server VM, 21.0.5+9-LTS-239
# VM invoker: /Library/Java/JavaVirtualMachines/jdk-21.jdk/Contents/Home/bin/java
# VM options: -Djdk.net.hosts.file=/etc/hosts -Djdk.net.hosts.file=/etc/hosts
# Blackhole mode: compiler (auto-detected, use -Djmh.blackhole.autoDetect=false to disable)
# Warmup: 3 iterations, 500 ms each
# Measurement: 4 iterations, 500 ms each
# Timeout: 10 min per iteration
# Threads: 1 thread, will synchronize iterations
# Benchmark mode: Average time, time/op
# Benchmark: org.apache.jmeter.protocol.http.sampler.HeaderCaptureBenchmark.capture
# Parameters: (deferred = true, protocol = h1, readers = unread, totalBytes = 400)

# Run progress: 50,00% complete, ETA 00:05:27
# Fork: 1 of 2
# Warmup Iteration   1: 2026-09-12T07:24:45.069353Z org.apache.jmeter.protocol.http.sampler.HeaderCaptureBenchmark.capture-jmh-worker-1 ERROR Error processing element GuiLogEvent ([Appenders: null]): CLASS_NOT_FOUND
2026-09-12T07:24:45.100766Z org.apache.jmeter.protocol.http.sampler.HeaderCaptureBenchmark.capture-jmh-worker-1 ERROR Unable to locate appender "gui-log-event" for logger config "root"
162,370 ns/op
# Warmup Iteration   2: 119,363 ns/op
# Warmup Iteration   3: 115,080 ns/op
Iteration   1: 116,578 ns/op
                 gc.alloc.rate:      9682,724 MB/sec
                 gc.alloc.rate.norm: 1184,002 B/op
                 gc.count:           9,000 counts
                 gc.time:            5,000 ms
                 process.cpu:        119,714 ns/op

Iteration   2: 115,795 ns/op
                 gc.alloc.rate:      9748,121 MB/sec
                 gc.alloc.rate.norm: 1184,002 B/op
                 gc.count:           9,000 counts
                 gc.time:            5,000 ms
                 process.cpu:        119,100 ns/op

Iteration   3: 117,023 ns/op
                 gc.alloc.rate:      9645,719 MB/sec
                 gc.alloc.rate.norm: 1184,002 B/op
                 gc.count:           9,000 counts
                 gc.time:            4,000 ms
                 process.cpu:        121,641 ns/op

Iteration   4: 116,251 ns/op
                 gc.alloc.rate:      9709,559 MB/sec
                 gc.alloc.rate.norm: 1184,002 B/op
                 gc.count:           9,000 counts
                 gc.time:            5,000 ms
                 process.cpu:        118,794 ns/op


# Run progress: 50,60% complete, ETA 00:05:23
# Fork: 2 of 2
# Warmup Iteration   1: 2026-09-12T07:24:48.945379Z org.apache.jmeter.protocol.http.sampler.HeaderCaptureBenchmark.capture-jmh-worker-1 ERROR Error processing element GuiLogEvent ([Appenders: null]): CLASS_NOT_FOUND
2026-09-12T07:24:48.978341Z org.apache.jmeter.protocol.http.sampler.HeaderCaptureBenchmark.capture-jmh-worker-1 ERROR Unable to locate appender "gui-log-event" for logger config "root"
149,309 ns/op
# Warmup Iteration   2: 128,794 ns/op
# Warmup Iteration   3: 126,611 ns/op
Iteration   1: 126,584 ns/op
                 gc.alloc.rate:      8917,156 MB/sec
                 gc.alloc.rate.norm: 1184,002 B/op
                 gc.count:           8,000 counts
                 gc.time:            4,000 ms
                 process.cpu:        129,630 ns/op

Iteration   2: 127,073 ns/op
                 gc.alloc.rate:      8882,904 MB/sec
                 gc.alloc.rate.norm: 1184,002 B/op
                 gc.count:           8,000 counts
                 gc.time:            4,000 ms
                 process.cpu:        129,895 ns/op

Iteration   3: 126,249 ns/op
                 gc.alloc.rate:      8940,885 MB/sec
                 gc.alloc.rate.norm: 1184,002 B/op
                 gc.count:           8,000 counts
                 gc.time:            4,000 ms
                 process.cpu:        129,208 ns/op

Iteration   4: 126,258 ns/op
                 gc.alloc.rate:      8940,472 MB/sec
                 gc.alloc.rate.norm: 1184,002 B/op
                 gc.count:           8,000 counts
                 gc.time:            4,000 ms
                 process.cpu:        129,377 ns/op



Result "org.apache.jmeter.protocol.http.sampler.HeaderCaptureBenchmark.capture":
  121,476 ±(99.9%) 10,384 ns/op [Average]
  (min, avg, max) = (115,795, 121,476, 127,073), stdev = 5,431
  CI (99.9%): [111,092, 131,860] (assumes normal distribution)

Secondary result "org.apache.jmeter.protocol.http.sampler.HeaderCaptureBenchmark.capture:gc.alloc.rate":
  9308,443 ±(99.9%) 795,825 MB/sec [Average]
  (min, avg, max) = (8882,904, 9308,443, 9748,121), stdev = 416,232
  CI (99.9%): [8512,617, 10104,268] (assumes normal distribution)

Secondary result "org.apache.jmeter.protocol.http.sampler.HeaderCaptureBenchmark.capture:gc.alloc.rate.norm":
  1184,002 ±(99.9%) 0,001 B/op [Average]
  (min, avg, max) = (1184,002, 1184,002, 1184,002), stdev = 0,001
  CI (99.9%): [1184,002, 1184,002] (assumes normal distribution)

Secondary result "org.apache.jmeter.protocol.http.sampler.HeaderCaptureBenchmark.capture:gc.count":
  68,000 ±(99.9%) 0,001 counts [Sum]
  (min, avg, max) = (8,000, 8,500, 9,000), stdev = 0,535
  CI (99.9%): [68,000, 68,000] (assumes normal distribution)

Secondary result "org.apache.jmeter.protocol.http.sampler.HeaderCaptureBenchmark.capture:gc.time":
  35,000 ±(99.9%) 0,001 ms [Sum]
  (min, avg, max) = (4,000, 4,375, 5,000), stdev = 0,518
  CI (99.9%): [35,000, 35,000] (assumes normal distribution)

Secondary result "org.apache.jmeter.protocol.http.sampler.HeaderCaptureBenchmark.capture:process.cpu":
  124,670 ±(99.9%) 10,064 ns/op [Average]
  (min, avg, max) = (118,794, 124,670, 129,895), stdev = 5,264
  CI (99.9%): [114,606, 134,734] (assumes normal distribution)


# JMH version: 1.37
# VM version: JDK 21.0.5, Java HotSpot(TM) 64-Bit Server VM, 21.0.5+9-LTS-239
# VM invoker: /Library/Java/JavaVirtualMachines/jdk-21.jdk/Contents/Home/bin/java
# VM options: -Djdk.net.hosts.file=/etc/hosts -Djdk.net.hosts.file=/etc/hosts
# Blackhole mode: compiler (auto-detected, use -Djmh.blackhole.autoDetect=false to disable)
# Warmup: 3 iterations, 500 ms each
# Measurement: 4 iterations, 500 ms each
# Timeout: 10 min per iteration
# Threads: 1 thread, will synchronize iterations
# Benchmark mode: Average time, time/op
# Benchmark: org.apache.jmeter.protocol.http.sampler.HeaderCaptureBenchmark.capture
# Parameters: (deferred = true, protocol = h1, readers = unread, totalBytes = 1600)

# Run progress: 51,19% complete, ETA 00:05:19
# Fork: 1 of 2
# Warmup Iteration   1: 2026-09-12T07:24:52.818644Z org.apache.jmeter.protocol.http.sampler.HeaderCaptureBenchmark.capture-jmh-worker-1 ERROR Error processing element GuiLogEvent ([Appenders: null]): CLASS_NOT_FOUND
2026-09-12T07:24:52.848421Z org.apache.jmeter.protocol.http.sampler.HeaderCaptureBenchmark.capture-jmh-worker-1 ERROR Unable to locate appender "gui-log-event" for logger config "root"
314,473 ns/op
# Warmup Iteration   2: 228,218 ns/op
# Warmup Iteration   3: 218,485 ns/op
Iteration   1: 217,752 ns/op
                 gc.alloc.rate:      11067,798 MB/sec
                 gc.alloc.rate.norm: 2528,003 B/op
                 gc.count:           10,000 counts
                 gc.time:            5,000 ms
                 process.cpu:        224,893 ns/op

Iteration   2: 218,140 ns/op
                 gc.alloc.rate:      11048,969 MB/sec
                 gc.alloc.rate.norm: 2528,003 B/op
                 gc.count:           10,000 counts
                 gc.time:            5,000 ms
                 process.cpu:        225,481 ns/op

Iteration   3: 218,173 ns/op
                 gc.alloc.rate:      11045,270 MB/sec
                 gc.alloc.rate.norm: 2528,003 B/op
                 gc.count:           10,000 counts
                 gc.time:            5,000 ms
                 process.cpu:        225,560 ns/op

Iteration   4: 218,718 ns/op
                 gc.alloc.rate:      11019,950 MB/sec
                 gc.alloc.rate.norm: 2528,003 B/op
                 gc.count:           11,000 counts
                 gc.time:            5,000 ms
                 process.cpu:        225,293 ns/op


# Run progress: 51,79% complete, ETA 00:05:15
# Fork: 2 of 2
# Warmup Iteration   1: 2026-09-12T07:24:56.691968Z org.apache.jmeter.protocol.http.sampler.HeaderCaptureBenchmark.capture-jmh-worker-1 ERROR Error processing element GuiLogEvent ([Appenders: null]): CLASS_NOT_FOUND
2026-09-12T07:24:56.722028Z org.apache.jmeter.protocol.http.sampler.HeaderCaptureBenchmark.capture-jmh-worker-1 ERROR Unable to locate appender "gui-log-event" for logger config "root"
316,795 ns/op
# Warmup Iteration   2: 238,907 ns/op
# Warmup Iteration   3: 218,133 ns/op
Iteration   1: 216,688 ns/op
                 gc.alloc.rate:      11122,444 MB/sec
                 gc.alloc.rate.norm: 2528,003 B/op
                 gc.count:           8,000 counts
                 gc.time:            4,000 ms
                 process.cpu:        222,317 ns/op

Iteration   2: 217,975 ns/op
                 gc.alloc.rate:      11057,371 MB/sec
                 gc.alloc.rate.norm: 2528,003 B/op
                 gc.count:           9,000 counts
                 gc.time:            5,000 ms
                 process.cpu:        223,346 ns/op

Iteration   3: 216,385 ns/op
                 gc.alloc.rate:      11138,569 MB/sec
                 gc.alloc.rate.norm: 2528,003 B/op
                 gc.count:           8,000 counts
                 gc.time:            4,000 ms
                 process.cpu:        225,796 ns/op

Iteration   4: 217,102 ns/op
                 gc.alloc.rate:      11101,296 MB/sec
                 gc.alloc.rate.norm: 2528,003 B/op
                 gc.count:           8,000 counts
                 gc.time:            5,000 ms
                 process.cpu:        223,226 ns/op



Result "org.apache.jmeter.protocol.http.sampler.HeaderCaptureBenchmark.capture":
  217,617 ±(99.9%) 1,548 ns/op [Average]
  (min, avg, max) = (216,385, 217,617, 218,718), stdev = 0,809
  CI (99.9%): [216,069, 219,164] (assumes normal distribution)

Secondary result "org.apache.jmeter.protocol.http.sampler.HeaderCaptureBenchmark.capture:gc.alloc.rate":
  11075,208 ±(99.9%) 78,958 MB/sec [Average]
  (min, avg, max) = (11019,950, 11075,208, 11138,569), stdev = 41,297
  CI (99.9%): [10996,250, 11154,167] (assumes normal distribution)

Secondary result "org.apache.jmeter.protocol.http.sampler.HeaderCaptureBenchmark.capture:gc.alloc.rate.norm":
  2528,003 ±(99.9%) 0,001 B/op [Average]
  (min, avg, max) = (2528,003, 2528,003, 2528,003), stdev = 0,001
  CI (99.9%): [2528,003, 2528,003] (assumes normal distribution)

Secondary result "org.apache.jmeter.protocol.http.sampler.HeaderCaptureBenchmark.capture:gc.count":
  74,000 ±(99.9%) 0,001 counts [Sum]
  (min, avg, max) = (8,000, 9,250, 11,000), stdev = 1,165
  CI (99.9%): [74,000, 74,000] (assumes normal distribution)

Secondary result "org.apache.jmeter.protocol.http.sampler.HeaderCaptureBenchmark.capture:gc.time":
  38,000 ±(99.9%) 0,001 ms [Sum]
  (min, avg, max) = (4,000, 4,750, 5,000), stdev = 0,463
  CI (99.9%): [38,000, 38,000] (assumes normal distribution)

Secondary result "org.apache.jmeter.protocol.http.sampler.HeaderCaptureBenchmark.capture:process.cpu":
  224,489 ±(99.9%) 2,531 ns/op [Average]
  (min, avg, max) = (222,317, 224,489, 225,796), stdev = 1,324
  CI (99.9%): [221,958, 227,020] (assumes normal distribution)


# JMH version: 1.37
# VM version: JDK 21.0.5, Java HotSpot(TM) 64-Bit Server VM, 21.0.5+9-LTS-239
# VM invoker: /Library/Java/JavaVirtualMachines/jdk-21.jdk/Contents/Home/bin/java
# VM options: -Djdk.net.hosts.file=/etc/hosts -Djdk.net.hosts.file=/etc/hosts
# Blackhole mode: compiler (auto-detected, use -Djmh.blackhole.autoDetect=false to disable)
# Warmup: 3 iterations, 500 ms each
# Measurement: 4 iterations, 500 ms each
# Timeout: 10 min per iteration
# Threads: 1 thread, will synchronize iterations
# Benchmark mode: Average time, time/op
# Benchmark: org.apache.jmeter.protocol.http.sampler.HeaderCaptureBenchmark.capture
# Parameters: (deferred = true, protocol = h1, readers = unread, totalBytes = 8192)

# Run progress: 52,38% complete, ETA 00:05:11
# Fork: 1 of 2
# Warmup Iteration   1: 2026-09-12T07:25:00.577543Z org.apache.jmeter.protocol.http.sampler.HeaderCaptureBenchmark.capture-jmh-worker-1 ERROR Error processing element GuiLogEvent ([Appenders: null]): CLASS_NOT_FOUND
2026-09-12T07:25:00.606320Z org.apache.jmeter.protocol.http.sampler.HeaderCaptureBenchmark.capture-jmh-worker-1 ERROR Unable to locate appender "gui-log-event" for logger config "root"
484,254 ns/op
# Warmup Iteration   2: 346,239 ns/op
# Warmup Iteration   3: 327,252 ns/op
Iteration   1: 317,456 ns/op
                 gc.alloc.rate:      17585,454 MB/sec
                 gc.alloc.rate.norm: 5856,005 B/op
                 gc.count:           12,000 counts
                 gc.time:            6,000 ms
                 process.cpu:        330,439 ns/op

Iteration   2: 316,231 ns/op
                 gc.alloc.rate:      17654,508 MB/sec
                 gc.alloc.rate.norm: 5856,005 B/op
                 gc.count:           13,000 counts
                 gc.time:            7,000 ms
                 process.cpu:        329,554 ns/op

Iteration   3: 325,520 ns/op
                 gc.alloc.rate:      17150,638 MB/sec
                 gc.alloc.rate.norm: 5856,005 B/op
                 gc.count:           12,000 counts
                 gc.time:            7,000 ms
                 process.cpu:        339,581 ns/op

Iteration   4: 319,218 ns/op
                 gc.alloc.rate:      17489,314 MB/sec
                 gc.alloc.rate.norm: 5856,005 B/op
                 gc.count:           13,000 counts
                 gc.time:            7,000 ms
                 process.cpu:        334,300 ns/op


# Run progress: 52,98% complete, ETA 00:05:07
# Fork: 2 of 2
# Warmup Iteration   1: 2026-09-12T07:25:04.494912Z org.apache.jmeter.protocol.http.sampler.HeaderCaptureBenchmark.capture-jmh-worker-1 ERROR Error processing element GuiLogEvent ([Appenders: null]): CLASS_NOT_FOUND
2026-09-12T07:25:04.526204Z org.apache.jmeter.protocol.http.sampler.HeaderCaptureBenchmark.capture-jmh-worker-1 ERROR Unable to locate appender "gui-log-event" for logger config "root"
448,610 ns/op
# Warmup Iteration   2: 321,239 ns/op
# Warmup Iteration   3: 334,382 ns/op
Iteration   1: 319,205 ns/op
                 gc.alloc.rate:      17489,938 MB/sec
                 gc.alloc.rate.norm: 5856,005 B/op
                 gc.count:           14,000 counts
                 gc.time:            7,000 ms
                 process.cpu:        332,674 ns/op

Iteration   2: 323,246 ns/op
                 gc.alloc.rate:      17271,520 MB/sec
                 gc.alloc.rate.norm: 5856,005 B/op
                 gc.count:           12,000 counts
                 gc.time:            7,000 ms
                 process.cpu:        336,226 ns/op

Iteration   3: 314,714 ns/op
                 gc.alloc.rate:      17740,623 MB/sec
                 gc.alloc.rate.norm: 5856,004 B/op
                 gc.count:           14,000 counts
                 gc.time:            7,000 ms
                 process.cpu:        331,404 ns/op

Iteration   4: 336,634 ns/op
                 gc.alloc.rate:      16585,074 MB/sec
                 gc.alloc.rate.norm: 5856,005 B/op
                 gc.count:           10,000 counts
                 gc.time:            6,000 ms
                 process.cpu:        348,719 ns/op



Result "org.apache.jmeter.protocol.http.sampler.HeaderCaptureBenchmark.capture":
  321,528 ±(99.9%) 13,498 ns/op [Average]
  (min, avg, max) = (314,714, 321,528, 336,634), stdev = 7,060
  CI (99.9%): [308,030, 335,026] (assumes normal distribution)

Secondary result "org.apache.jmeter.protocol.http.sampler.HeaderCaptureBenchmark.capture:gc.alloc.rate":
  17370,884 ±(99.9%) 710,733 MB/sec [Average]
  (min, avg, max) = (16585,074, 17370,884, 17740,623), stdev = 371,727
  CI (99.9%): [16660,150, 18081,617] (assumes normal distribution)

Secondary result "org.apache.jmeter.protocol.http.sampler.HeaderCaptureBenchmark.capture:gc.alloc.rate.norm":
  5856,005 ±(99.9%) 0,001 B/op [Average]
  (min, avg, max) = (5856,004, 5856,005, 5856,005), stdev = 0,001
  CI (99.9%): [5856,004, 5856,005] (assumes normal distribution)

Secondary result "org.apache.jmeter.protocol.http.sampler.HeaderCaptureBenchmark.capture:gc.count":
  100,000 ±(99.9%) 0,001 counts [Sum]
  (min, avg, max) = (10,000, 12,500, 14,000), stdev = 1,309
  CI (99.9%): [100,000, 100,000] (assumes normal distribution)

Secondary result "org.apache.jmeter.protocol.http.sampler.HeaderCaptureBenchmark.capture:gc.time":
  54,000 ±(99.9%) 0,001 ms [Sum]
  (min, avg, max) = (6,000, 6,750, 7,000), stdev = 0,463
  CI (99.9%): [54,000, 54,000] (assumes normal distribution)

Secondary result "org.apache.jmeter.protocol.http.sampler.HeaderCaptureBenchmark.capture:process.cpu":
  335,362 ±(99.9%) 12,070 ns/op [Average]
  (min, avg, max) = (329,554, 335,362, 348,719), stdev = 6,313
  CI (99.9%): [323,292, 347,432] (assumes normal distribution)


# JMH version: 1.37
# VM version: JDK 21.0.5, Java HotSpot(TM) 64-Bit Server VM, 21.0.5+9-LTS-239
# VM invoker: /Library/Java/JavaVirtualMachines/jdk-21.jdk/Contents/Home/bin/java
# VM options: -Djdk.net.hosts.file=/etc/hosts -Djdk.net.hosts.file=/etc/hosts
# Blackhole mode: compiler (auto-detected, use -Djmh.blackhole.autoDetect=false to disable)
# Warmup: 3 iterations, 500 ms each
# Measurement: 4 iterations, 500 ms each
# Timeout: 10 min per iteration
# Threads: 1 thread, will synchronize iterations
# Benchmark mode: Average time, time/op
# Benchmark: org.apache.jmeter.protocol.http.sampler.HeaderCaptureBenchmark.capture
# Parameters: (deferred = true, protocol = h1, readers = request, totalBytes = 400)

# Run progress: 53,57% complete, ETA 00:05:03
# Fork: 1 of 2
# Warmup Iteration   1: 2026-09-12T07:25:08.397521Z org.apache.jmeter.protocol.http.sampler.HeaderCaptureBenchmark.capture-jmh-worker-1 ERROR Error processing element GuiLogEvent ([Appenders: null]): CLASS_NOT_FOUND
2026-09-12T07:25:08.426007Z org.apache.jmeter.protocol.http.sampler.HeaderCaptureBenchmark.capture-jmh-worker-1 ERROR Unable to locate appender "gui-log-event" for logger config "root"
204,717 ns/op
# Warmup Iteration   2: 164,576 ns/op
# Warmup Iteration   3: 171,785 ns/op
Iteration   1: 163,787 ns/op
                 gc.alloc.rate:      8567,507 MB/sec
                 gc.alloc.rate.norm: 1472,002 B/op
                 gc.count:           8,000 counts
                 gc.time:            4,000 ms
                 process.cpu:        168,105 ns/op

Iteration   2: 160,115 ns/op
                 gc.alloc.rate:      8764,479 MB/sec
                 gc.alloc.rate.norm: 1472,002 B/op
                 gc.count:           8,000 counts
                 gc.time:            4,000 ms
                 process.cpu:        163,117 ns/op

Iteration   3: 157,388 ns/op
                 gc.alloc.rate:      8916,075 MB/sec
                 gc.alloc.rate.norm: 1472,002 B/op
                 gc.count:           8,000 counts
                 gc.time:            4,000 ms
                 process.cpu:        162,890 ns/op

Iteration   4: 157,481 ns/op
                 gc.alloc.rate:      8911,571 MB/sec
                 gc.alloc.rate.norm: 1472,002 B/op
                 gc.count:           8,000 counts
                 gc.time:            4,000 ms
                 process.cpu:        161,558 ns/op


# Run progress: 54,17% complete, ETA 00:04:59
# Fork: 2 of 2
# Warmup Iteration   1: 2026-09-12T07:25:12.286131Z org.apache.jmeter.protocol.http.sampler.HeaderCaptureBenchmark.capture-jmh-worker-1 ERROR Error processing element GuiLogEvent ([Appenders: null]): CLASS_NOT_FOUND
2026-09-12T07:25:12.315323Z org.apache.jmeter.protocol.http.sampler.HeaderCaptureBenchmark.capture-jmh-worker-1 ERROR Unable to locate appender "gui-log-event" for logger config "root"
220,179 ns/op
# Warmup Iteration   2: 163,142 ns/op
# Warmup Iteration   3: 155,717 ns/op
Iteration   1: 154,539 ns/op
                 gc.alloc.rate:      9080,867 MB/sec
                 gc.alloc.rate.norm: 1472,002 B/op
                 gc.count:           8,000 counts
                 gc.time:            4,000 ms
                 process.cpu:        157,934 ns/op

Iteration   2: 154,778 ns/op
                 gc.alloc.rate:      9067,361 MB/sec
                 gc.alloc.rate.norm: 1472,002 B/op
                 gc.count:           8,000 counts
                 gc.time:            4,000 ms
                 process.cpu:        158,327 ns/op

Iteration   3: 153,933 ns/op
                 gc.alloc.rate:      9116,646 MB/sec
                 gc.alloc.rate.norm: 1472,002 B/op
                 gc.count:           9,000 counts
                 gc.time:            4,000 ms
                 process.cpu:        159,404 ns/op

Iteration   4: 156,665 ns/op
                 gc.alloc.rate:      8957,883 MB/sec
                 gc.alloc.rate.norm: 1472,002 B/op
                 gc.count:           8,000 counts
                 gc.time:            4,000 ms
                 process.cpu:        159,987 ns/op



Result "org.apache.jmeter.protocol.http.sampler.HeaderCaptureBenchmark.capture":
  157,336 ±(99.9%) 6,290 ns/op [Average]
  (min, avg, max) = (153,933, 157,336, 163,787), stdev = 3,290
  CI (99.9%): [151,045, 163,626] (assumes normal distribution)

Secondary result "org.apache.jmeter.protocol.http.sampler.HeaderCaptureBenchmark.capture:gc.alloc.rate":
  8922,798 ±(99.9%) 351,185 MB/sec [Average]
  (min, avg, max) = (8567,507, 8922,798, 9116,646), stdev = 183,677
  CI (99.9%): [8571,613, 9273,984] (assumes normal distribution)

Secondary result "org.apache.jmeter.protocol.http.sampler.HeaderCaptureBenchmark.capture:gc.alloc.rate.norm":
  1472,002 ±(99.9%) 0,001 B/op [Average]
  (min, avg, max) = (1472,002, 1472,002, 1472,002), stdev = 0,001
  CI (99.9%): [1472,002, 1472,002] (assumes normal distribution)

Secondary result "org.apache.jmeter.protocol.http.sampler.HeaderCaptureBenchmark.capture:gc.count":
  65,000 ±(99.9%) 0,001 counts [Sum]
  (min, avg, max) = (8,000, 8,125, 9,000), stdev = 0,354
  CI (99.9%): [65,000, 65,000] (assumes normal distribution)

Secondary result "org.apache.jmeter.protocol.http.sampler.HeaderCaptureBenchmark.capture:gc.time":
  32,000 ±(99.9%) 0,001 ms [Sum]
  (min, avg, max) = (4,000, 4,000, 4,000), stdev = 0,001
  CI (99.9%): [32,000, 32,000] (assumes normal distribution)

Secondary result "org.apache.jmeter.protocol.http.sampler.HeaderCaptureBenchmark.capture:process.cpu":
  161,415 ±(99.9%) 6,365 ns/op [Average]
  (min, avg, max) = (157,934, 161,415, 168,105), stdev = 3,329
  CI (99.9%): [155,050, 167,781] (assumes normal distribution)


# JMH version: 1.37
# VM version: JDK 21.0.5, Java HotSpot(TM) 64-Bit Server VM, 21.0.5+9-LTS-239
# VM invoker: /Library/Java/JavaVirtualMachines/jdk-21.jdk/Contents/Home/bin/java
# VM options: -Djdk.net.hosts.file=/etc/hosts -Djdk.net.hosts.file=/etc/hosts
# Blackhole mode: compiler (auto-detected, use -Djmh.blackhole.autoDetect=false to disable)
# Warmup: 3 iterations, 500 ms each
# Measurement: 4 iterations, 500 ms each
# Timeout: 10 min per iteration
# Threads: 1 thread, will synchronize iterations
# Benchmark mode: Average time, time/op
# Benchmark: org.apache.jmeter.protocol.http.sampler.HeaderCaptureBenchmark.capture
# Parameters: (deferred = true, protocol = h1, readers = request, totalBytes = 1600)

# Run progress: 54,76% complete, ETA 00:04:55
# Fork: 1 of 2
# Warmup Iteration   1: 2026-09-12T07:25:16.145958Z org.apache.jmeter.protocol.http.sampler.HeaderCaptureBenchmark.capture-jmh-worker-1 ERROR Error processing element GuiLogEvent ([Appenders: null]): CLASS_NOT_FOUND
2026-09-12T07:25:16.173236Z org.apache.jmeter.protocol.http.sampler.HeaderCaptureBenchmark.capture-jmh-worker-1 ERROR Unable to locate appender "gui-log-event" for logger config "root"
499,093 ns/op
# Warmup Iteration   2: 399,113 ns/op
# Warmup Iteration   3: 370,892 ns/op
Iteration   1: 367,696 ns/op
                 gc.alloc.rate:      8836,444 MB/sec
                 gc.alloc.rate.norm: 3408,005 B/op
                 gc.count:           8,000 counts
                 gc.time:            3,000 ms
                 process.cpu:        378,207 ns/op

Iteration   2: 370,159 ns/op
                 gc.alloc.rate:      8777,484 MB/sec
                 gc.alloc.rate.norm: 3408,005 B/op
                 gc.count:           8,000 counts
                 gc.time:            4,000 ms
                 process.cpu:        378,951 ns/op

Iteration   3: 370,777 ns/op
                 gc.alloc.rate:      8763,443 MB/sec
                 gc.alloc.rate.norm: 3408,005 B/op
                 gc.count:           8,000 counts
                 gc.time:            5,000 ms
                 process.cpu:        379,020 ns/op

Iteration   4: 371,244 ns/op
                 gc.alloc.rate:      8751,420 MB/sec
                 gc.alloc.rate.norm: 3408,005 B/op
                 gc.count:           8,000 counts
                 gc.time:            4,000 ms
                 process.cpu:        381,091 ns/op


# Run progress: 55,36% complete, ETA 00:04:51
# Fork: 2 of 2
# Warmup Iteration   1: 2026-09-12T07:25:20.020903Z org.apache.jmeter.protocol.http.sampler.HeaderCaptureBenchmark.capture-jmh-worker-1 ERROR Error processing element GuiLogEvent ([Appenders: null]): CLASS_NOT_FOUND
2026-09-12T07:25:20.049712Z org.apache.jmeter.protocol.http.sampler.HeaderCaptureBenchmark.capture-jmh-worker-1 ERROR Unable to locate appender "gui-log-event" for logger config "root"
492,975 ns/op
# Warmup Iteration   2: 372,396 ns/op
# Warmup Iteration   3: 395,100 ns/op
Iteration   1: 376,907 ns/op
                 gc.alloc.rate:      8620,349 MB/sec
                 gc.alloc.rate.norm: 3408,005 B/op
                 gc.count:           8,000 counts
                 gc.time:            4,000 ms
                 process.cpu:        387,499 ns/op

Iteration   2: 371,301 ns/op
                 gc.alloc.rate:      8751,104 MB/sec
                 gc.alloc.rate.norm: 3408,005 B/op
                 gc.count:           8,000 counts
                 gc.time:            4,000 ms
                 process.cpu:        380,169 ns/op

Iteration   3: 377,871 ns/op
                 gc.alloc.rate:      8598,912 MB/sec
                 gc.alloc.rate.norm: 3408,005 B/op
                 gc.count:           7,000 counts
                 gc.time:            3,000 ms
                 process.cpu:        383,700 ns/op

Iteration   4: 371,840 ns/op
                 gc.alloc.rate:      8737,542 MB/sec
                 gc.alloc.rate.norm: 3408,005 B/op
                 gc.count:           8,000 counts
                 gc.time:            5,000 ms
                 process.cpu:        382,693 ns/op



Result "org.apache.jmeter.protocol.http.sampler.HeaderCaptureBenchmark.capture":
  372,224 ±(99.9%) 6,570 ns/op [Average]
  (min, avg, max) = (367,696, 372,224, 377,871), stdev = 3,436
  CI (99.9%): [365,655, 378,794] (assumes normal distribution)

Secondary result "org.apache.jmeter.protocol.http.sampler.HeaderCaptureBenchmark.capture:gc.alloc.rate":
  8729,587 ±(99.9%) 153,079 MB/sec [Average]
  (min, avg, max) = (8598,912, 8729,587, 8836,444), stdev = 80,063
  CI (99.9%): [8576,509, 8882,666] (assumes normal distribution)

Secondary result "org.apache.jmeter.protocol.http.sampler.HeaderCaptureBenchmark.capture:gc.alloc.rate.norm":
  3408,005 ±(99.9%) 0,001 B/op [Average]
  (min, avg, max) = (3408,005, 3408,005, 3408,005), stdev = 0,001
  CI (99.9%): [3408,005, 3408,005] (assumes normal distribution)

Secondary result "org.apache.jmeter.protocol.http.sampler.HeaderCaptureBenchmark.capture:gc.count":
  63,000 ±(99.9%) 0,001 counts [Sum]
  (min, avg, max) = (7,000, 7,875, 8,000), stdev = 0,354
  CI (99.9%): [63,000, 63,000] (assumes normal distribution)

Secondary result "org.apache.jmeter.protocol.http.sampler.HeaderCaptureBenchmark.capture:gc.time":
  32,000 ±(99.9%) 0,001 ms [Sum]
  (min, avg, max) = (3,000, 4,000, 5,000), stdev = 0,756
  CI (99.9%): [32,000, 32,000] (assumes normal distribution)

Secondary result "org.apache.jmeter.protocol.http.sampler.HeaderCaptureBenchmark.capture:process.cpu":
  381,416 ±(99.9%) 5,943 ns/op [Average]
  (min, avg, max) = (378,207, 381,416, 387,499), stdev = 3,108
  CI (99.9%): [375,474, 387,359] (assumes normal distribution)


# JMH version: 1.37
# VM version: JDK 21.0.5, Java HotSpot(TM) 64-Bit Server VM, 21.0.5+9-LTS-239
# VM invoker: /Library/Java/JavaVirtualMachines/jdk-21.jdk/Contents/Home/bin/java
# VM options: -Djdk.net.hosts.file=/etc/hosts -Djdk.net.hosts.file=/etc/hosts
# Blackhole mode: compiler (auto-detected, use -Djmh.blackhole.autoDetect=false to disable)
# Warmup: 3 iterations, 500 ms each
# Measurement: 4 iterations, 500 ms each
# Timeout: 10 min per iteration
# Threads: 1 thread, will synchronize iterations
# Benchmark mode: Average time, time/op
# Benchmark: org.apache.jmeter.protocol.http.sampler.HeaderCaptureBenchmark.capture
# Parameters: (deferred = true, protocol = h1, readers = request, totalBytes = 8192)

# Run progress: 55,95% complete, ETA 00:04:47
# Fork: 1 of 2
# Warmup Iteration   1: 2026-09-12T07:25:23.893212Z org.apache.jmeter.protocol.http.sampler.HeaderCaptureBenchmark.capture-jmh-worker-1 ERROR Error processing element GuiLogEvent ([Appenders: null]): CLASS_NOT_FOUND
2026-09-12T07:25:23.923911Z org.apache.jmeter.protocol.http.sampler.HeaderCaptureBenchmark.capture-jmh-worker-1 ERROR Unable to locate appender "gui-log-event" for logger config "root"
839,756 ns/op
# Warmup Iteration   2: 564,729 ns/op
# Warmup Iteration   3: 568,863 ns/op
Iteration   1: 567,039 ns/op
                 gc.alloc.rate:      16867,205 MB/sec
                 gc.alloc.rate.norm: 10032,008 B/op
                 gc.count:           13,000 counts
                 gc.time:            6,000 ms
                 process.cpu:        594,563 ns/op

Iteration   2: 556,057 ns/op
                 gc.alloc.rate:      17200,030 MB/sec
                 gc.alloc.rate.norm: 10032,008 B/op
                 gc.count:           12,000 counts
                 gc.time:            7,000 ms
                 process.cpu:        581,255 ns/op

Iteration   3: 558,203 ns/op
                 gc.alloc.rate:      17134,335 MB/sec
                 gc.alloc.rate.norm: 10032,008 B/op
                 gc.count:           12,000 counts
                 gc.time:            6,000 ms
                 process.cpu:        586,913 ns/op

Iteration   4: 555,621 ns/op
                 gc.alloc.rate:      17213,761 MB/sec
                 gc.alloc.rate.norm: 10032,008 B/op
                 gc.count:           13,000 counts
                 gc.time:            7,000 ms
                 process.cpu:        580,915 ns/op


# Run progress: 56,55% complete, ETA 00:04:44
# Fork: 2 of 2
# Warmup Iteration   1: 2026-09-12T07:25:27.791030Z org.apache.jmeter.protocol.http.sampler.HeaderCaptureBenchmark.capture-jmh-worker-1 ERROR Error processing element GuiLogEvent ([Appenders: null]): CLASS_NOT_FOUND
2026-09-12T07:25:27.820795Z org.apache.jmeter.protocol.http.sampler.HeaderCaptureBenchmark.capture-jmh-worker-1 ERROR Unable to locate appender "gui-log-event" for logger config "root"
760,528 ns/op
# Warmup Iteration   2: 585,990 ns/op
# Warmup Iteration   3: 546,659 ns/op
Iteration   1: 558,601 ns/op
                 gc.alloc.rate:      17119,546 MB/sec
                 gc.alloc.rate.norm: 10032,008 B/op
                 gc.count:           11,000 counts
                 gc.time:            6,000 ms
                 process.cpu:        580,271 ns/op

Iteration   2: 538,654 ns/op
                 gc.alloc.rate:      17755,861 MB/sec
                 gc.alloc.rate.norm: 10032,008 B/op
                 gc.count:           11,000 counts
                 gc.time:            6,000 ms
                 process.cpu:        563,266 ns/op

Iteration   3: 564,816 ns/op
                 gc.alloc.rate:      16932,345 MB/sec
                 gc.alloc.rate.norm: 10032,008 B/op
                 gc.count:           11,000 counts
                 gc.time:            6,000 ms
                 process.cpu:        589,290 ns/op

Iteration   4: 539,611 ns/op
                 gc.alloc.rate:      17724,559 MB/sec
                 gc.alloc.rate.norm: 10032,008 B/op
                 gc.count:           11,000 counts
                 gc.time:            5,000 ms
                 process.cpu:        561,430 ns/op



Result "org.apache.jmeter.protocol.http.sampler.HeaderCaptureBenchmark.capture":
  554,825 ±(99.9%) 20,050 ns/op [Average]
  (min, avg, max) = (538,654, 554,825, 567,039), stdev = 10,487
  CI (99.9%): [534,775, 574,876] (assumes normal distribution)

Secondary result "org.apache.jmeter.protocol.http.sampler.HeaderCaptureBenchmark.capture:gc.alloc.rate":
  17243,455 ±(99.9%) 630,994 MB/sec [Average]
  (min, avg, max) = (16867,205, 17243,455, 17755,861), stdev = 330,022
  CI (99.9%): [16612,461, 17874,449] (assumes normal distribution)

Secondary result "org.apache.jmeter.protocol.http.sampler.HeaderCaptureBenchmark.capture:gc.alloc.rate.norm":
  10032,008 ±(99.9%) 0,001 B/op [Average]
  (min, avg, max) = (10032,008, 10032,008, 10032,008), stdev = 0,001
  CI (99.9%): [10032,008, 10032,008] (assumes normal distribution)

Secondary result "org.apache.jmeter.protocol.http.sampler.HeaderCaptureBenchmark.capture:gc.count":
  94,000 ±(99.9%) 0,001 counts [Sum]
  (min, avg, max) = (11,000, 11,750, 13,000), stdev = 0,886
  CI (99.9%): [94,000, 94,000] (assumes normal distribution)

Secondary result "org.apache.jmeter.protocol.http.sampler.HeaderCaptureBenchmark.capture:gc.time":
  49,000 ±(99.9%) 0,001 ms [Sum]
  (min, avg, max) = (5,000, 6,125, 7,000), stdev = 0,641
  CI (99.9%): [49,000, 49,000] (assumes normal distribution)

Secondary result "org.apache.jmeter.protocol.http.sampler.HeaderCaptureBenchmark.capture:process.cpu":
  579,738 ±(99.9%) 22,542 ns/op [Average]
  (min, avg, max) = (561,430, 579,738, 594,563), stdev = 11,790
  CI (99.9%): [557,196, 602,279] (assumes normal distribution)


# JMH version: 1.37
# VM version: JDK 21.0.5, Java HotSpot(TM) 64-Bit Server VM, 21.0.5+9-LTS-239
# VM invoker: /Library/Java/JavaVirtualMachines/jdk-21.jdk/Contents/Home/bin/java
# VM options: -Djdk.net.hosts.file=/etc/hosts -Djdk.net.hosts.file=/etc/hosts
# Blackhole mode: compiler (auto-detected, use -Djmh.blackhole.autoDetect=false to disable)
# Warmup: 3 iterations, 500 ms each
# Measurement: 4 iterations, 500 ms each
# Timeout: 10 min per iteration
# Threads: 1 thread, will synchronize iterations
# Benchmark mode: Average time, time/op
# Benchmark: org.apache.jmeter.protocol.http.sampler.HeaderCaptureBenchmark.capture
# Parameters: (deferred = true, protocol = h1, readers = response, totalBytes = 400)

# Run progress: 57,14% complete, ETA 00:04:40
# Fork: 1 of 2
# Warmup Iteration   1: 2026-09-12T07:25:31.691515Z org.apache.jmeter.protocol.http.sampler.HeaderCaptureBenchmark.capture-jmh-worker-1 ERROR Error processing element GuiLogEvent ([Appenders: null]): CLASS_NOT_FOUND
2026-09-12T07:25:31.719287Z org.apache.jmeter.protocol.http.sampler.HeaderCaptureBenchmark.capture-jmh-worker-1 ERROR Unable to locate appender "gui-log-event" for logger config "root"
214,396 ns/op
# Warmup Iteration   2: 150,087 ns/op
# Warmup Iteration   3: 147,436 ns/op
Iteration   1: 145,358 ns/op
                 gc.alloc.rate:      10913,797 MB/sec
                 gc.alloc.rate.norm: 1664,002 B/op
                 gc.count:           10,000 counts
                 gc.time:            5,000 ms
                 process.cpu:        149,723 ns/op

Iteration   2: 144,624 ns/op
                 gc.alloc.rate:      10969,681 MB/sec
                 gc.alloc.rate.norm: 1664,002 B/op
                 gc.count:           10,000 counts
                 gc.time:            5,000 ms
                 process.cpu:        149,539 ns/op

Iteration   3: 145,679 ns/op
                 gc.alloc.rate:      10890,211 MB/sec
                 gc.alloc.rate.norm: 1664,002 B/op
                 gc.count:           10,000 counts
                 gc.time:            5,000 ms
                 process.cpu:        152,147 ns/op

Iteration   4: 145,445 ns/op
                 gc.alloc.rate:      10907,418 MB/sec
                 gc.alloc.rate.norm: 1664,002 B/op
                 gc.count:           10,000 counts
                 gc.time:            5,000 ms
                 process.cpu:        150,453 ns/op


# Run progress: 57,74% complete, ETA 00:04:36
# Fork: 2 of 2
# Warmup Iteration   1: 2026-09-12T07:25:35.572924Z org.apache.jmeter.protocol.http.sampler.HeaderCaptureBenchmark.capture-jmh-worker-1 ERROR Error processing element GuiLogEvent ([Appenders: null]): CLASS_NOT_FOUND
2026-09-12T07:25:35.606160Z org.apache.jmeter.protocol.http.sampler.HeaderCaptureBenchmark.capture-jmh-worker-1 ERROR Unable to locate appender "gui-log-event" for logger config "root"
209,544 ns/op
# Warmup Iteration   2: 167,480 ns/op
# Warmup Iteration   3: 168,462 ns/op
Iteration   1: 161,844 ns/op
                 gc.alloc.rate:      9801,984 MB/sec
                 gc.alloc.rate.norm: 1664,002 B/op
                 gc.count:           9,000 counts
                 gc.time:            4,000 ms
                 process.cpu:        165,609 ns/op

Iteration   2: 160,229 ns/op
                 gc.alloc.rate:      9901,143 MB/sec
                 gc.alloc.rate.norm: 1664,002 B/op
                 gc.count:           9,000 counts
                 gc.time:            5,000 ms
                 process.cpu:        164,320 ns/op

Iteration   3: 160,255 ns/op
                 gc.alloc.rate:      9899,998 MB/sec
                 gc.alloc.rate.norm: 1664,002 B/op
                 gc.count:           9,000 counts
                 gc.time:            5,000 ms
                 process.cpu:        165,500 ns/op

Iteration   4: 160,432 ns/op
                 gc.alloc.rate:      9888,920 MB/sec
                 gc.alloc.rate.norm: 1664,002 B/op
                 gc.count:           9,000 counts
                 gc.time:            4,000 ms
                 process.cpu:        165,072 ns/op



Result "org.apache.jmeter.protocol.http.sampler.HeaderCaptureBenchmark.capture":
  152,983 ±(99.9%) 15,793 ns/op [Average]
  (min, avg, max) = (144,624, 152,983, 161,844), stdev = 8,260
  CI (99.9%): [137,191, 168,776] (assumes normal distribution)

Secondary result "org.apache.jmeter.protocol.http.sampler.HeaderCaptureBenchmark.capture:gc.alloc.rate":
  10396,644 ±(99.9%) 1072,826 MB/sec [Average]
  (min, avg, max) = (9801,984, 10396,644, 10969,681), stdev = 561,109
  CI (99.9%): [9323,818, 11469,470] (assumes normal distribution)

Secondary result "org.apache.jmeter.protocol.http.sampler.HeaderCaptureBenchmark.capture:gc.alloc.rate.norm":
  1664,002 ±(99.9%) 0,001 B/op [Average]
  (min, avg, max) = (1664,002, 1664,002, 1664,002), stdev = 0,001
  CI (99.9%): [1664,002, 1664,002] (assumes normal distribution)

Secondary result "org.apache.jmeter.protocol.http.sampler.HeaderCaptureBenchmark.capture:gc.count":
  76,000 ±(99.9%) 0,001 counts [Sum]
  (min, avg, max) = (9,000, 9,500, 10,000), stdev = 0,535
  CI (99.9%): [76,000, 76,000] (assumes normal distribution)

Secondary result "org.apache.jmeter.protocol.http.sampler.HeaderCaptureBenchmark.capture:gc.time":
  38,000 ±(99.9%) 0,001 ms [Sum]
  (min, avg, max) = (4,000, 4,750, 5,000), stdev = 0,463
  CI (99.9%): [38,000, 38,000] (assumes normal distribution)

Secondary result "org.apache.jmeter.protocol.http.sampler.HeaderCaptureBenchmark.capture:process.cpu":
  157,796 ±(99.9%) 15,073 ns/op [Average]
  (min, avg, max) = (149,539, 157,796, 165,609), stdev = 7,884
  CI (99.9%): [142,722, 172,869] (assumes normal distribution)


# JMH version: 1.37
# VM version: JDK 21.0.5, Java HotSpot(TM) 64-Bit Server VM, 21.0.5+9-LTS-239
# VM invoker: /Library/Java/JavaVirtualMachines/jdk-21.jdk/Contents/Home/bin/java
# VM options: -Djdk.net.hosts.file=/etc/hosts -Djdk.net.hosts.file=/etc/hosts
# Blackhole mode: compiler (auto-detected, use -Djmh.blackhole.autoDetect=false to disable)
# Warmup: 3 iterations, 500 ms each
# Measurement: 4 iterations, 500 ms each
# Timeout: 10 min per iteration
# Threads: 1 thread, will synchronize iterations
# Benchmark mode: Average time, time/op
# Benchmark: org.apache.jmeter.protocol.http.sampler.HeaderCaptureBenchmark.capture
# Parameters: (deferred = true, protocol = h1, readers = response, totalBytes = 1600)

# Run progress: 58,33% complete, ETA 00:04:32
# Fork: 1 of 2
# Warmup Iteration   1: 2026-09-12T07:25:39.450364Z org.apache.jmeter.protocol.http.sampler.HeaderCaptureBenchmark.capture-jmh-worker-1 ERROR Error processing element GuiLogEvent ([Appenders: null]): CLASS_NOT_FOUND
2026-09-12T07:25:39.478408Z org.apache.jmeter.protocol.http.sampler.HeaderCaptureBenchmark.capture-jmh-worker-1 ERROR Unable to locate appender "gui-log-event" for logger config "root"
450,596 ns/op
# Warmup Iteration   2: 320,363 ns/op
# Warmup Iteration   3: 326,972 ns/op
Iteration   1: 358,776 ns/op
                 gc.alloc.rate:      11181,629 MB/sec
                 gc.alloc.rate.norm: 4208,005 B/op
                 gc.count:           8,000 counts
                 gc.time:            5,000 ms
                 process.cpu:        366,793 ns/op

Iteration   2: 322,234 ns/op
                 gc.alloc.rate:      12450,424 MB/sec
                 gc.alloc.rate.norm: 4208,005 B/op
                 gc.count:           9,000 counts
                 gc.time:            5,000 ms
                 process.cpu:        331,918 ns/op

Iteration   3: 325,990 ns/op
                 gc.alloc.rate:      12306,955 MB/sec
                 gc.alloc.rate.norm: 4208,005 B/op
                 gc.count:           9,000 counts
                 gc.time:            4,000 ms
                 process.cpu:        335,429 ns/op

Iteration   4: 321,070 ns/op
                 gc.alloc.rate:      12495,419 MB/sec
                 gc.alloc.rate.norm: 4208,005 B/op
                 gc.count:           10,000 counts
                 gc.time:            6,000 ms
                 process.cpu:        330,515 ns/op


# Run progress: 58,93% complete, ETA 00:04:28
# Fork: 2 of 2
# Warmup Iteration   1: 2026-09-12T07:25:43.338087Z org.apache.jmeter.protocol.http.sampler.HeaderCaptureBenchmark.capture-jmh-worker-1 ERROR Error processing element GuiLogEvent ([Appenders: null]): CLASS_NOT_FOUND
2026-09-12T07:25:43.366699Z org.apache.jmeter.protocol.http.sampler.HeaderCaptureBenchmark.capture-jmh-worker-1 ERROR Unable to locate appender "gui-log-event" for logger config "root"
459,707 ns/op
# Warmup Iteration   2: 347,038 ns/op
# Warmup Iteration   3: 323,987 ns/op
Iteration   1: 322,491 ns/op
                 gc.alloc.rate:      12440,118 MB/sec
                 gc.alloc.rate.norm: 4208,005 B/op
                 gc.count:           10,000 counts
                 gc.time:            5,000 ms
                 process.cpu:        333,915 ns/op

Iteration   2: 319,383 ns/op
                 gc.alloc.rate:      12560,700 MB/sec
                 gc.alloc.rate.norm: 4208,005 B/op
                 gc.count:           9,000 counts
                 gc.time:            5,000 ms
                 process.cpu:        331,532 ns/op

Iteration   3: 322,431 ns/op
                 gc.alloc.rate:      12442,336 MB/sec
                 gc.alloc.rate.norm: 4208,005 B/op
                 gc.count:           10,000 counts
                 gc.time:            5,000 ms
                 process.cpu:        333,964 ns/op

Iteration   4: 323,315 ns/op
                 gc.alloc.rate:      12408,439 MB/sec
                 gc.alloc.rate.norm: 4208,005 B/op
                 gc.count:           9,000 counts
                 gc.time:            5,000 ms
                 process.cpu:        335,349 ns/op



Result "org.apache.jmeter.protocol.http.sampler.HeaderCaptureBenchmark.capture":
  326,961 ±(99.9%) 24,839 ns/op [Average]
  (min, avg, max) = (319,383, 326,961, 358,776), stdev = 12,991
  CI (99.9%): [302,122, 351,800] (assumes normal distribution)

Secondary result "org.apache.jmeter.protocol.http.sampler.HeaderCaptureBenchmark.capture:gc.alloc.rate":
  12285,753 ±(99.9%) 864,056 MB/sec [Average]
  (min, avg, max) = (11181,629, 12285,753, 12560,700), stdev = 451,918
  CI (99.9%): [11421,696, 13149,809] (assumes normal distribution)

Secondary result "org.apache.jmeter.protocol.http.sampler.HeaderCaptureBenchmark.capture:gc.alloc.rate.norm":
  4208,005 ±(99.9%) 0,001 B/op [Average]
  (min, avg, max) = (4208,005, 4208,005, 4208,005), stdev = 0,001
  CI (99.9%): [4208,004, 4208,005] (assumes normal distribution)

Secondary result "org.apache.jmeter.protocol.http.sampler.HeaderCaptureBenchmark.capture:gc.count":
  74,000 ±(99.9%) 0,001 counts [Sum]
  (min, avg, max) = (8,000, 9,250, 10,000), stdev = 0,707
  CI (99.9%): [74,000, 74,000] (assumes normal distribution)

Secondary result "org.apache.jmeter.protocol.http.sampler.HeaderCaptureBenchmark.capture:gc.time":
  40,000 ±(99.9%) 0,001 ms [Sum]
  (min, avg, max) = (4,000, 5,000, 6,000), stdev = 0,535
  CI (99.9%): [40,000, 40,000] (assumes normal distribution)

Secondary result "org.apache.jmeter.protocol.http.sampler.HeaderCaptureBenchmark.capture:process.cpu":
  337,427 ±(99.9%) 22,942 ns/op [Average]
  (min, avg, max) = (330,515, 337,427, 366,793), stdev = 11,999
  CI (99.9%): [314,485, 360,370] (assumes normal distribution)


# JMH version: 1.37
# VM version: JDK 21.0.5, Java HotSpot(TM) 64-Bit Server VM, 21.0.5+9-LTS-239
# VM invoker: /Library/Java/JavaVirtualMachines/jdk-21.jdk/Contents/Home/bin/java
# VM options: -Djdk.net.hosts.file=/etc/hosts -Djdk.net.hosts.file=/etc/hosts
# Blackhole mode: compiler (auto-detected, use -Djmh.blackhole.autoDetect=false to disable)
# Warmup: 3 iterations, 500 ms each
# Measurement: 4 iterations, 500 ms each
# Timeout: 10 min per iteration
# Threads: 1 thread, will synchronize iterations
# Benchmark mode: Average time, time/op
# Benchmark: org.apache.jmeter.protocol.http.sampler.HeaderCaptureBenchmark.capture
# Parameters: (deferred = true, protocol = h1, readers = response, totalBytes = 8192)

# Run progress: 59,52% complete, ETA 00:04:24
# Fork: 1 of 2
# Warmup Iteration   1: 2026-09-12T07:25:47.225309Z org.apache.jmeter.protocol.http.sampler.HeaderCaptureBenchmark.capture-jmh-worker-1 ERROR Error processing element GuiLogEvent ([Appenders: null]): CLASS_NOT_FOUND
2026-09-12T07:25:47.253547Z org.apache.jmeter.protocol.http.sampler.HeaderCaptureBenchmark.capture-jmh-worker-1 ERROR Unable to locate appender "gui-log-event" for logger config "root"
827,608 ns/op
# Warmup Iteration   2: 623,551 ns/op
# Warmup Iteration   3: 578,269 ns/op
Iteration   1: 593,423 ns/op
                 gc.alloc.rate:      22697,236 MB/sec
                 gc.alloc.rate.norm: 14128,009 B/op
                 gc.count:           13,000 counts
                 gc.time:            7,000 ms
                 process.cpu:        625,485 ns/op

Iteration   2: 575,436 ns/op
                 gc.alloc.rate:      23406,749 MB/sec
                 gc.alloc.rate.norm: 14128,008 B/op
                 gc.count:           14,000 counts
                 gc.time:            8,000 ms
                 process.cpu:        609,085 ns/op

Iteration   3: 572,567 ns/op
                 gc.alloc.rate:      23524,561 MB/sec
                 gc.alloc.rate.norm: 14128,008 B/op
                 gc.count:           13,000 counts
                 gc.time:            7,000 ms
                 process.cpu:        603,985 ns/op

Iteration   4: 572,837 ns/op
                 gc.alloc.rate:      23510,975 MB/sec
                 gc.alloc.rate.norm: 14128,008 B/op
                 gc.count:           14,000 counts
                 gc.time:            8,000 ms
                 process.cpu:        607,103 ns/op


# Run progress: 60,12% complete, ETA 00:04:20
# Fork: 2 of 2
# Warmup Iteration   1: 2026-09-12T07:25:51.132465Z org.apache.jmeter.protocol.http.sampler.HeaderCaptureBenchmark.capture-jmh-worker-1 ERROR Error processing element GuiLogEvent ([Appenders: null]): CLASS_NOT_FOUND
2026-09-12T07:25:51.162488Z org.apache.jmeter.protocol.http.sampler.HeaderCaptureBenchmark.capture-jmh-worker-1 ERROR Unable to locate appender "gui-log-event" for logger config "root"
834,273 ns/op
# Warmup Iteration   2: 625,661 ns/op
# Warmup Iteration   3: 580,266 ns/op
Iteration   1: 578,516 ns/op
                 gc.alloc.rate:      23282,629 MB/sec
                 gc.alloc.rate.norm: 14128,008 B/op
                 gc.count:           14,000 counts
                 gc.time:            8,000 ms
                 process.cpu:        609,405 ns/op

Iteration   2: 578,528 ns/op
                 gc.alloc.rate:      23282,182 MB/sec
                 gc.alloc.rate.norm: 14128,008 B/op
                 gc.count:           14,000 counts
                 gc.time:            8,000 ms
                 process.cpu:        610,643 ns/op

Iteration   3: 581,035 ns/op
                 gc.alloc.rate:      23180,060 MB/sec
                 gc.alloc.rate.norm: 14128,008 B/op
                 gc.count:           14,000 counts
                 gc.time:            8,000 ms
                 process.cpu:        617,447 ns/op

Iteration   4: 575,940 ns/op
                 gc.alloc.rate:      23386,048 MB/sec
                 gc.alloc.rate.norm: 14128,008 B/op
                 gc.count:           14,000 counts
                 gc.time:            8,000 ms
                 process.cpu:        607,039 ns/op



Result "org.apache.jmeter.protocol.http.sampler.HeaderCaptureBenchmark.capture":
  578,535 ±(99.9%) 12,772 ns/op [Average]
  (min, avg, max) = (572,567, 578,535, 593,423), stdev = 6,680
  CI (99.9%): [565,764, 591,307] (assumes normal distribution)

Secondary result "org.apache.jmeter.protocol.http.sampler.HeaderCaptureBenchmark.capture:gc.alloc.rate":
  23283,805 ±(99.9%) 505,845 MB/sec [Average]
  (min, avg, max) = (22697,236, 23283,805, 23524,561), stdev = 264,567
  CI (99.9%): [22777,960, 23789,650] (assumes normal distribution)

Secondary result "org.apache.jmeter.protocol.http.sampler.HeaderCaptureBenchmark.capture:gc.alloc.rate.norm":
  14128,008 ±(99.9%) 0,001 B/op [Average]
  (min, avg, max) = (14128,008, 14128,008, 14128,009), stdev = 0,001
  CI (99.9%): [14128,008, 14128,008] (assumes normal distribution)

Secondary result "org.apache.jmeter.protocol.http.sampler.HeaderCaptureBenchmark.capture:gc.count":
  110,000 ±(99.9%) 0,001 counts [Sum]
  (min, avg, max) = (13,000, 13,750, 14,000), stdev = 0,463
  CI (99.9%): [110,000, 110,000] (assumes normal distribution)

Secondary result "org.apache.jmeter.protocol.http.sampler.HeaderCaptureBenchmark.capture:gc.time":
  62,000 ±(99.9%) 0,001 ms [Sum]
  (min, avg, max) = (7,000, 7,750, 8,000), stdev = 0,463
  CI (99.9%): [62,000, 62,000] (assumes normal distribution)

Secondary result "org.apache.jmeter.protocol.http.sampler.HeaderCaptureBenchmark.capture:process.cpu":
  611,274 ±(99.9%) 13,270 ns/op [Average]
  (min, avg, max) = (603,985, 611,274, 625,485), stdev = 6,941
  CI (99.9%): [598,004, 624,544] (assumes normal distribution)


# JMH version: 1.37
# VM version: JDK 21.0.5, Java HotSpot(TM) 64-Bit Server VM, 21.0.5+9-LTS-239
# VM invoker: /Library/Java/JavaVirtualMachines/jdk-21.jdk/Contents/Home/bin/java
# VM options: -Djdk.net.hosts.file=/etc/hosts -Djdk.net.hosts.file=/etc/hosts
# Blackhole mode: compiler (auto-detected, use -Djmh.blackhole.autoDetect=false to disable)
# Warmup: 3 iterations, 500 ms each
# Measurement: 4 iterations, 500 ms each
# Timeout: 10 min per iteration
# Threads: 1 thread, will synchronize iterations
# Benchmark mode: Average time, time/op
# Benchmark: org.apache.jmeter.protocol.http.sampler.HeaderCaptureBenchmark.capture
# Parameters: (deferred = true, protocol = h1, readers = both25, totalBytes = 400)

# Run progress: 60,71% complete, ETA 00:04:16
# Fork: 1 of 2
# Warmup Iteration   1: 2026-09-12T07:25:55.014949Z org.apache.jmeter.protocol.http.sampler.HeaderCaptureBenchmark.capture-jmh-worker-1 ERROR Error processing element GuiLogEvent ([Appenders: null]): CLASS_NOT_FOUND
2026-09-12T07:25:55.045858Z org.apache.jmeter.protocol.http.sampler.HeaderCaptureBenchmark.capture-jmh-worker-1 ERROR Unable to locate appender "gui-log-event" for logger config "root"
188,750 ns/op
# Warmup Iteration   2: 138,672 ns/op
# Warmup Iteration   3: 139,219 ns/op
Iteration   1: 138,343 ns/op
                 gc.alloc.rate:      9482,374 MB/sec
                 gc.alloc.rate.norm: 1376,002 B/op
                 gc.count:           9,000 counts
                 gc.time:            4,000 ms
                 process.cpu:        141,879 ns/op

Iteration   2: 135,363 ns/op
                 gc.alloc.rate:      9691,792 MB/sec
                 gc.alloc.rate.norm: 1376,002 B/op
                 gc.count:           9,000 counts
                 gc.time:            5,000 ms
                 process.cpu:        139,082 ns/op

Iteration   3: 136,636 ns/op
                 gc.alloc.rate:      9601,204 MB/sec
                 gc.alloc.rate.norm: 1376,002 B/op
                 gc.count:           9,000 counts
                 gc.time:            4,000 ms
                 process.cpu:        142,163 ns/op

Iteration   4: 136,204 ns/op
                 gc.alloc.rate:      9631,039 MB/sec
                 gc.alloc.rate.norm: 1376,002 B/op
                 gc.count:           8,000 counts
                 gc.time:            5,000 ms
                 process.cpu:        138,803 ns/op


# Run progress: 61,31% complete, ETA 00:04:12
# Fork: 2 of 2
# Warmup Iteration   1: 2026-09-12T07:25:58.898634Z org.apache.jmeter.protocol.http.sampler.HeaderCaptureBenchmark.capture-jmh-worker-1 ERROR Error processing element GuiLogEvent ([Appenders: null]): CLASS_NOT_FOUND
2026-09-12T07:25:58.928677Z org.apache.jmeter.protocol.http.sampler.HeaderCaptureBenchmark.capture-jmh-worker-1 ERROR Unable to locate appender "gui-log-event" for logger config "root"
169,350 ns/op
# Warmup Iteration   2: 154,912 ns/op
# Warmup Iteration   3: 153,087 ns/op
Iteration   1: 152,487 ns/op
                 gc.alloc.rate:      8603,286 MB/sec
                 gc.alloc.rate.norm: 1376,002 B/op
                 gc.count:           8,000 counts
                 gc.time:            5,000 ms
                 process.cpu:        155,948 ns/op

Iteration   2: 152,351 ns/op
                 gc.alloc.rate:      8611,015 MB/sec
                 gc.alloc.rate.norm: 1376,002 B/op
                 gc.count:           8,000 counts
                 gc.time:            4,000 ms
                 process.cpu:        156,140 ns/op

Iteration   3: 153,480 ns/op
                 gc.alloc.rate:      8547,668 MB/sec
                 gc.alloc.rate.norm: 1376,002 B/op
                 gc.count:           8,000 counts
                 gc.time:            4,000 ms
                 process.cpu:        157,275 ns/op

Iteration   4: 153,001 ns/op
                 gc.alloc.rate:      8574,576 MB/sec
                 gc.alloc.rate.norm: 1376,002 B/op
                 gc.count:           7,000 counts
                 gc.time:            4,000 ms
                 process.cpu:        155,181 ns/op



Result "org.apache.jmeter.protocol.http.sampler.HeaderCaptureBenchmark.capture":
  144,733 ±(99.9%) 16,637 ns/op [Average]
  (min, avg, max) = (135,363, 144,733, 153,480), stdev = 8,701
  CI (99.9%): [128,097, 161,370] (assumes normal distribution)

Secondary result "org.apache.jmeter.protocol.http.sampler.HeaderCaptureBenchmark.capture:gc.alloc.rate":
  9092,869 ±(99.9%) 1046,285 MB/sec [Average]
  (min, avg, max) = (8547,668, 9092,869, 9691,792), stdev = 547,227
  CI (99.9%): [8046,585, 10139,154] (assumes normal distribution)

Secondary result "org.apache.jmeter.protocol.http.sampler.HeaderCaptureBenchmark.capture:gc.alloc.rate.norm":
  1376,002 ±(99.9%) 0,001 B/op [Average]
  (min, avg, max) = (1376,002, 1376,002, 1376,002), stdev = 0,001
  CI (99.9%): [1376,002, 1376,002] (assumes normal distribution)

Secondary result "org.apache.jmeter.protocol.http.sampler.HeaderCaptureBenchmark.capture:gc.count":
  66,000 ±(99.9%) 0,001 counts [Sum]
  (min, avg, max) = (7,000, 8,250, 9,000), stdev = 0,707
  CI (99.9%): [66,000, 66,000] (assumes normal distribution)

Secondary result "org.apache.jmeter.protocol.http.sampler.HeaderCaptureBenchmark.capture:gc.time":
  35,000 ±(99.9%) 0,001 ms [Sum]
  (min, avg, max) = (4,000, 4,375, 5,000), stdev = 0,518
  CI (99.9%): [35,000, 35,000] (assumes normal distribution)

Secondary result "org.apache.jmeter.protocol.http.sampler.HeaderCaptureBenchmark.capture:process.cpu":
  148,309 ±(99.9%) 16,190 ns/op [Average]
  (min, avg, max) = (138,803, 148,309, 157,275), stdev = 8,468
  CI (99.9%): [132,119, 164,499] (assumes normal distribution)


# JMH version: 1.37
# VM version: JDK 21.0.5, Java HotSpot(TM) 64-Bit Server VM, 21.0.5+9-LTS-239
# VM invoker: /Library/Java/JavaVirtualMachines/jdk-21.jdk/Contents/Home/bin/java
# VM options: -Djdk.net.hosts.file=/etc/hosts -Djdk.net.hosts.file=/etc/hosts
# Blackhole mode: compiler (auto-detected, use -Djmh.blackhole.autoDetect=false to disable)
# Warmup: 3 iterations, 500 ms each
# Measurement: 4 iterations, 500 ms each
# Timeout: 10 min per iteration
# Threads: 1 thread, will synchronize iterations
# Benchmark mode: Average time, time/op
# Benchmark: org.apache.jmeter.protocol.http.sampler.HeaderCaptureBenchmark.capture
# Parameters: (deferred = true, protocol = h1, readers = both25, totalBytes = 1600)

# Run progress: 61,90% complete, ETA 00:04:09
# Fork: 1 of 2
# Warmup Iteration   1: 2026-09-12T07:26:02.775834Z org.apache.jmeter.protocol.http.sampler.HeaderCaptureBenchmark.capture-jmh-worker-1 ERROR Error processing element GuiLogEvent ([Appenders: null]): CLASS_NOT_FOUND
2026-09-12T07:26:02.809103Z org.apache.jmeter.protocol.http.sampler.HeaderCaptureBenchmark.capture-jmh-worker-1 ERROR Unable to locate appender "gui-log-event" for logger config "root"
448,168 ns/op
# Warmup Iteration   2: 343,923 ns/op
# Warmup Iteration   3: 333,544 ns/op
Iteration   1: 333,826 ns/op
                 gc.alloc.rate:      9046,938 MB/sec
                 gc.alloc.rate.norm: 3168,006 B/op
                 gc.count:           8,000 counts
                 gc.time:            4,000 ms
                 process.cpu:        341,267 ns/op

Iteration   2: 330,100 ns/op
                 gc.alloc.rate:      9149,878 MB/sec
                 gc.alloc.rate.norm: 3168,005 B/op
                 gc.count:           9,000 counts
                 gc.time:            5,000 ms
                 process.cpu:        339,333 ns/op

Iteration   3: 330,288 ns/op
                 gc.alloc.rate:      9144,239 MB/sec
                 gc.alloc.rate.norm: 3168,004 B/op
                 gc.count:           8,000 counts
                 gc.time:            4,000 ms
                 process.cpu:        338,237 ns/op

Iteration   4: 327,060 ns/op
                 gc.alloc.rate:      9234,920 MB/sec
                 gc.alloc.rate.norm: 3168,005 B/op
                 gc.count:           8,000 counts
                 gc.time:            4,000 ms
                 process.cpu:        335,163 ns/op


# Run progress: 62,50% complete, ETA 00:04:05
# Fork: 2 of 2
# Warmup Iteration   1: 2026-09-12T07:26:06.660034Z org.apache.jmeter.protocol.http.sampler.HeaderCaptureBenchmark.capture-jmh-worker-1 ERROR Error processing element GuiLogEvent ([Appenders: null]): CLASS_NOT_FOUND
2026-09-12T07:26:06.687743Z org.apache.jmeter.protocol.http.sampler.HeaderCaptureBenchmark.capture-jmh-worker-1 ERROR Unable to locate appender "gui-log-event" for logger config "root"
441,792 ns/op
# Warmup Iteration   2: 282,423 ns/op
# Warmup Iteration   3: 281,960 ns/op
Iteration   1: 282,430 ns/op
                 gc.alloc.rate:      10693,954 MB/sec
                 gc.alloc.rate.norm: 3168,004 B/op
                 gc.count:           10,000 counts
                 gc.time:            6,000 ms
                 process.cpu:        291,258 ns/op

Iteration   2: 280,820 ns/op
                 gc.alloc.rate:      10755,273 MB/sec
                 gc.alloc.rate.norm: 3168,006 B/op
                 gc.count:           10,000 counts
                 gc.time:            5,000 ms
                 process.cpu:        289,384 ns/op

Iteration   3: 284,467 ns/op
                 gc.alloc.rate:      10617,596 MB/sec
                 gc.alloc.rate.norm: 3168,003 B/op
                 gc.count:           10,000 counts
                 gc.time:            5,000 ms
                 process.cpu:        292,194 ns/op

Iteration   4: 280,417 ns/op
                 gc.alloc.rate:      10771,291 MB/sec
                 gc.alloc.rate.norm: 3168,004 B/op
                 gc.count:           9,000 counts
                 gc.time:            4,000 ms
                 process.cpu:        286,355 ns/op



Result "org.apache.jmeter.protocol.http.sampler.HeaderCaptureBenchmark.capture":
  306,176 ±(99.9%) 49,522 ns/op [Average]
  (min, avg, max) = (280,417, 306,176, 333,826), stdev = 25,901
  CI (99.9%): [256,654, 355,698] (assumes normal distribution)

Secondary result "org.apache.jmeter.protocol.http.sampler.HeaderCaptureBenchmark.capture:gc.alloc.rate":
  9926,761 ±(99.9%) 1605,234 MB/sec [Average]
  (min, avg, max) = (9046,938, 9926,761, 10771,291), stdev = 839,568
  CI (99.9%): [8321,528, 11531,995] (assumes normal distribution)

Secondary result "org.apache.jmeter.protocol.http.sampler.HeaderCaptureBenchmark.capture:gc.alloc.rate.norm":
  3168,005 ±(99.9%) 0,002 B/op [Average]
  (min, avg, max) = (3168,003, 3168,005, 3168,006), stdev = 0,001
  CI (99.9%): [3168,003, 3168,007] (assumes normal distribution)

Secondary result "org.apache.jmeter.protocol.http.sampler.HeaderCaptureBenchmark.capture:gc.count":
  72,000 ±(99.9%) 0,001 counts [Sum]
  (min, avg, max) = (8,000, 9,000, 10,000), stdev = 0,926
  CI (99.9%): [72,000, 72,000] (assumes normal distribution)

Secondary result "org.apache.jmeter.protocol.http.sampler.HeaderCaptureBenchmark.capture:gc.time":
  37,000 ±(99.9%) 0,001 ms [Sum]
  (min, avg, max) = (4,000, 4,625, 6,000), stdev = 0,744
  CI (99.9%): [37,000, 37,000] (assumes normal distribution)

Secondary result "org.apache.jmeter.protocol.http.sampler.HeaderCaptureBenchmark.capture:process.cpu":
  314,149 ±(99.9%) 49,980 ns/op [Average]
  (min, avg, max) = (286,355, 314,149, 341,267), stdev = 26,140
  CI (99.9%): [264,169, 364,129] (assumes normal distribution)


# JMH version: 1.37
# VM version: JDK 21.0.5, Java HotSpot(TM) 64-Bit Server VM, 21.0.5+9-LTS-239
# VM invoker: /Library/Java/JavaVirtualMachines/jdk-21.jdk/Contents/Home/bin/java
# VM options: -Djdk.net.hosts.file=/etc/hosts -Djdk.net.hosts.file=/etc/hosts
# Blackhole mode: compiler (auto-detected, use -Djmh.blackhole.autoDetect=false to disable)
# Warmup: 3 iterations, 500 ms each
# Measurement: 4 iterations, 500 ms each
# Timeout: 10 min per iteration
# Threads: 1 thread, will synchronize iterations
# Benchmark mode: Average time, time/op
# Benchmark: org.apache.jmeter.protocol.http.sampler.HeaderCaptureBenchmark.capture
# Parameters: (deferred = true, protocol = h1, readers = both25, totalBytes = 8192)

# Run progress: 63,10% complete, ETA 00:04:01
# Fork: 1 of 2
# Warmup Iteration   1: 2026-09-12T07:26:10.533782Z org.apache.jmeter.protocol.http.sampler.HeaderCaptureBenchmark.capture-jmh-worker-1 ERROR Error processing element GuiLogEvent ([Appenders: null]): CLASS_NOT_FOUND
2026-09-12T07:26:10.560107Z org.apache.jmeter.protocol.http.sampler.HeaderCaptureBenchmark.capture-jmh-worker-1 ERROR Unable to locate appender "gui-log-event" for logger config "root"
698,056 ns/op
# Warmup Iteration   2: 539,394 ns/op
# Warmup Iteration   3: 445,182 ns/op
Iteration   1: 444,606 ns/op
                 gc.alloc.rate:      19230,273 MB/sec
                 gc.alloc.rate.norm: 8968,009 B/op
                 gc.count:           12,000 counts
                 gc.time:            7,000 ms
                 process.cpu:        465,542 ns/op

Iteration   2: 444,721 ns/op
                 gc.alloc.rate:      19225,450 MB/sec
                 gc.alloc.rate.norm: 8968,015 B/op
                 gc.count:           11,000 counts
                 gc.time:            6,000 ms
                 process.cpu:        463,169 ns/op

Iteration   3: 443,143 ns/op
                 gc.alloc.rate:      19291,756 MB/sec
                 gc.alloc.rate.norm: 8967,993 B/op
                 gc.count:           12,000 counts
                 gc.time:            6,000 ms
                 process.cpu:        463,708 ns/op

Iteration   4: 444,161 ns/op
                 gc.alloc.rate:      19249,654 MB/sec
                 gc.alloc.rate.norm: 8968,006 B/op
                 gc.count:           11,000 counts
                 gc.time:            6,000 ms
                 process.cpu:        462,561 ns/op


# Run progress: 63,69% complete, ETA 00:03:57
# Fork: 2 of 2
# Warmup Iteration   1: 2026-09-12T07:26:14.435579Z org.apache.jmeter.protocol.http.sampler.HeaderCaptureBenchmark.capture-jmh-worker-1 ERROR Error processing element GuiLogEvent ([Appenders: null]): CLASS_NOT_FOUND
2026-09-12T07:26:14.463263Z org.apache.jmeter.protocol.http.sampler.HeaderCaptureBenchmark.capture-jmh-worker-1 ERROR Unable to locate appender "gui-log-event" for logger config "root"
642,130 ns/op
# Warmup Iteration   2: 479,865 ns/op
# Warmup Iteration   3: 453,497 ns/op
Iteration   1: 449,287 ns/op
                 gc.alloc.rate:      19029,219 MB/sec
                 gc.alloc.rate.norm: 8968,015 B/op
                 gc.count:           11,000 counts
                 gc.time:            6,000 ms
                 process.cpu:        468,168 ns/op

Iteration   2: 447,251 ns/op
                 gc.alloc.rate:      19116,173 MB/sec
                 gc.alloc.rate.norm: 8968,009 B/op
                 gc.count:           11,000 counts
                 gc.time:            6,000 ms
                 process.cpu:        469,286 ns/op

Iteration   3: 439,941 ns/op
                 gc.alloc.rate:      19434,421 MB/sec
                 gc.alloc.rate.norm: 8968,001 B/op
                 gc.count:           12,000 counts
                 gc.time:            7,000 ms
                 process.cpu:        460,422 ns/op

Iteration   4: 442,312 ns/op
                 gc.alloc.rate:      19328,608 MB/sec
                 gc.alloc.rate.norm: 8968,006 B/op
                 gc.count:           12,000 counts
                 gc.time:            6,000 ms
                 process.cpu:        460,722 ns/op



Result "org.apache.jmeter.protocol.http.sampler.HeaderCaptureBenchmark.capture":
  444,428 ±(99.9%) 5,505 ns/op [Average]
  (min, avg, max) = (439,941, 444,428, 449,287), stdev = 2,879
  CI (99.9%): [438,923, 449,933] (assumes normal distribution)

Secondary result "org.apache.jmeter.protocol.http.sampler.HeaderCaptureBenchmark.capture:gc.alloc.rate":
  19238,194 ±(99.9%) 238,000 MB/sec [Average]
  (min, avg, max) = (19029,219, 19238,194, 19434,421), stdev = 124,479
  CI (99.9%): [19000,194, 19476,194] (assumes normal distribution)

Secondary result "org.apache.jmeter.protocol.http.sampler.HeaderCaptureBenchmark.capture:gc.alloc.rate.norm":
  8968,007 ±(99.9%) 0,014 B/op [Average]
  (min, avg, max) = (8967,993, 8968,007, 8968,015), stdev = 0,007
  CI (99.9%): [8967,993, 8968,021] (assumes normal distribution)

Secondary result "org.apache.jmeter.protocol.http.sampler.HeaderCaptureBenchmark.capture:gc.count":
  92,000 ±(99.9%) 0,001 counts [Sum]
  (min, avg, max) = (11,000, 11,500, 12,000), stdev = 0,535
  CI (99.9%): [92,000, 92,000] (assumes normal distribution)

Secondary result "org.apache.jmeter.protocol.http.sampler.HeaderCaptureBenchmark.capture:gc.time":
  50,000 ±(99.9%) 0,001 ms [Sum]
  (min, avg, max) = (6,000, 6,250, 7,000), stdev = 0,463
  CI (99.9%): [50,000, 50,000] (assumes normal distribution)

Secondary result "org.apache.jmeter.protocol.http.sampler.HeaderCaptureBenchmark.capture:process.cpu":
  464,197 ±(99.9%) 6,207 ns/op [Average]
  (min, avg, max) = (460,422, 464,197, 469,286), stdev = 3,246
  CI (99.9%): [457,990, 470,404] (assumes normal distribution)


# JMH version: 1.37
# VM version: JDK 21.0.5, Java HotSpot(TM) 64-Bit Server VM, 21.0.5+9-LTS-239
# VM invoker: /Library/Java/JavaVirtualMachines/jdk-21.jdk/Contents/Home/bin/java
# VM options: -Djdk.net.hosts.file=/etc/hosts -Djdk.net.hosts.file=/etc/hosts
# Blackhole mode: compiler (auto-detected, use -Djmh.blackhole.autoDetect=false to disable)
# Warmup: 3 iterations, 500 ms each
# Measurement: 4 iterations, 500 ms each
# Timeout: 10 min per iteration
# Threads: 1 thread, will synchronize iterations
# Benchmark mode: Average time, time/op
# Benchmark: org.apache.jmeter.protocol.http.sampler.HeaderCaptureBenchmark.capture
# Parameters: (deferred = true, protocol = h1, readers = both50, totalBytes = 400)

# Run progress: 64,29% complete, ETA 00:03:53
# Fork: 1 of 2
# Warmup Iteration   1: 2026-09-12T07:26:18.312144Z org.apache.jmeter.protocol.http.sampler.HeaderCaptureBenchmark.capture-jmh-worker-1 ERROR Error processing element GuiLogEvent ([Appenders: null]): CLASS_NOT_FOUND
2026-09-12T07:26:18.343079Z org.apache.jmeter.protocol.http.sampler.HeaderCaptureBenchmark.capture-jmh-worker-1 ERROR Unable to locate appender "gui-log-event" for logger config "root"
215,856 ns/op
# Warmup Iteration   2: 166,126 ns/op
# Warmup Iteration   3: 159,276 ns/op
Iteration   1: 157,889 ns/op
                 gc.alloc.rate:      9467,725 MB/sec
                 gc.alloc.rate.norm: 1568,002 B/op
                 gc.count:           9,000 counts
                 gc.time:            4,000 ms
                 process.cpu:        162,289 ns/op

Iteration   2: 157,634 ns/op
                 gc.alloc.rate:      9483,528 MB/sec
                 gc.alloc.rate.norm: 1568,002 B/op
                 gc.count:           9,000 counts
                 gc.time:            5,000 ms
                 process.cpu:        162,623 ns/op

Iteration   3: 157,764 ns/op
                 gc.alloc.rate:      9476,009 MB/sec
                 gc.alloc.rate.norm: 1568,002 B/op
                 gc.count:           8,000 counts
                 gc.time:            4,000 ms
                 process.cpu:        162,716 ns/op

Iteration   4: 157,823 ns/op
                 gc.alloc.rate:      9471,965 MB/sec
                 gc.alloc.rate.norm: 1568,002 B/op
                 gc.count:           9,000 counts
                 gc.time:            5,000 ms
                 process.cpu:        162,296 ns/op


# Run progress: 64,88% complete, ETA 00:03:49
# Fork: 2 of 2
# Warmup Iteration   1: 2026-09-12T07:26:22.199968Z org.apache.jmeter.protocol.http.sampler.HeaderCaptureBenchmark.capture-jmh-worker-1 ERROR Error processing element GuiLogEvent ([Appenders: null]): CLASS_NOT_FOUND
2026-09-12T07:26:22.231023Z org.apache.jmeter.protocol.http.sampler.HeaderCaptureBenchmark.capture-jmh-worker-1 ERROR Unable to locate appender "gui-log-event" for logger config "root"
199,988 ns/op
# Warmup Iteration   2: 157,749 ns/op
# Warmup Iteration   3: 157,342 ns/op
Iteration   1: 156,462 ns/op
                 gc.alloc.rate:      9555,113 MB/sec
                 gc.alloc.rate.norm: 1568,002 B/op
                 gc.count:           9,000 counts
                 gc.time:            4,000 ms
                 process.cpu:        160,393 ns/op

Iteration   2: 156,331 ns/op
                 gc.alloc.rate:      9562,911 MB/sec
                 gc.alloc.rate.norm: 1568,002 B/op
                 gc.count:           8,000 counts
                 gc.time:            5,000 ms
                 process.cpu:        159,917 ns/op

Iteration   3: 156,138 ns/op
                 gc.alloc.rate:      9574,542 MB/sec
                 gc.alloc.rate.norm: 1568,002 B/op
                 gc.count:           9,000 counts
                 gc.time:            5,000 ms
                 process.cpu:        161,568 ns/op

Iteration   4: 156,908 ns/op
                 gc.alloc.rate:      9527,146 MB/sec
                 gc.alloc.rate.norm: 1568,002 B/op
                 gc.count:           9,000 counts
                 gc.time:            4,000 ms
                 process.cpu:        160,814 ns/op



Result "org.apache.jmeter.protocol.http.sampler.HeaderCaptureBenchmark.capture":
  157,119 ±(99.9%) 1,414 ns/op [Average]
  (min, avg, max) = (156,138, 157,119, 157,889), stdev = 0,740
  CI (99.9%): [155,704, 158,533] (assumes normal distribution)

Secondary result "org.apache.jmeter.protocol.http.sampler.HeaderCaptureBenchmark.capture:gc.alloc.rate":
  9514,867 ±(99.9%) 86,099 MB/sec [Average]
  (min, avg, max) = (9467,725, 9514,867, 9574,542), stdev = 45,032
  CI (99.9%): [9428,768, 9600,966] (assumes normal distribution)

Secondary result "org.apache.jmeter.protocol.http.sampler.HeaderCaptureBenchmark.capture:gc.alloc.rate.norm":
  1568,002 ±(99.9%) 0,001 B/op [Average]
  (min, avg, max) = (1568,002, 1568,002, 1568,002), stdev = 0,001
  CI (99.9%): [1568,002, 1568,002] (assumes normal distribution)

Secondary result "org.apache.jmeter.protocol.http.sampler.HeaderCaptureBenchmark.capture:gc.count":
  70,000 ±(99.9%) 0,001 counts [Sum]
  (min, avg, max) = (8,000, 8,750, 9,000), stdev = 0,463
  CI (99.9%): [70,000, 70,000] (assumes normal distribution)

Secondary result "org.apache.jmeter.protocol.http.sampler.HeaderCaptureBenchmark.capture:gc.time":
  36,000 ±(99.9%) 0,001 ms [Sum]
  (min, avg, max) = (4,000, 4,500, 5,000), stdev = 0,535
  CI (99.9%): [36,000, 36,000] (assumes normal distribution)

Secondary result "org.apache.jmeter.protocol.http.sampler.HeaderCaptureBenchmark.capture:process.cpu":
  161,577 ±(99.9%) 2,064 ns/op [Average]
  (min, avg, max) = (159,917, 161,577, 162,716), stdev = 1,079
  CI (99.9%): [159,513, 163,641] (assumes normal distribution)


# JMH version: 1.37
# VM version: JDK 21.0.5, Java HotSpot(TM) 64-Bit Server VM, 21.0.5+9-LTS-239
# VM invoker: /Library/Java/JavaVirtualMachines/jdk-21.jdk/Contents/Home/bin/java
# VM options: -Djdk.net.hosts.file=/etc/hosts -Djdk.net.hosts.file=/etc/hosts
# Blackhole mode: compiler (auto-detected, use -Djmh.blackhole.autoDetect=false to disable)
# Warmup: 3 iterations, 500 ms each
# Measurement: 4 iterations, 500 ms each
# Timeout: 10 min per iteration
# Threads: 1 thread, will synchronize iterations
# Benchmark mode: Average time, time/op
# Benchmark: org.apache.jmeter.protocol.http.sampler.HeaderCaptureBenchmark.capture
# Parameters: (deferred = true, protocol = h1, readers = both50, totalBytes = 1600)

# Run progress: 65,48% complete, ETA 00:03:45
# Fork: 1 of 2
# Warmup Iteration   1: 2026-09-12T07:26:26.068671Z org.apache.jmeter.protocol.http.sampler.HeaderCaptureBenchmark.capture-jmh-worker-1 ERROR Error processing element GuiLogEvent ([Appenders: null]): CLASS_NOT_FOUND
2026-09-12T07:26:26.096639Z org.apache.jmeter.protocol.http.sampler.HeaderCaptureBenchmark.capture-jmh-worker-1 ERROR Unable to locate appender "gui-log-event" for logger config "root"
451,920 ns/op
# Warmup Iteration   2: 370,470 ns/op
# Warmup Iteration   3: 349,942 ns/op
Iteration   1: 356,228 ns/op
                 gc.alloc.rate:      10341,380 MB/sec
                 gc.alloc.rate.norm: 3864,007 B/op
                 gc.count:           10,000 counts
                 gc.time:            5,000 ms
                 process.cpu:        366,731 ns/op

Iteration   2: 351,794 ns/op
                 gc.alloc.rate:      10471,836 MB/sec
                 gc.alloc.rate.norm: 3864,002 B/op
                 gc.count:           9,000 counts
                 gc.time:            5,000 ms
                 process.cpu:        361,643 ns/op

Iteration   3: 354,706 ns/op
                 gc.alloc.rate:      10385,785 MB/sec
                 gc.alloc.rate.norm: 3864,007 B/op
                 gc.count:           10,000 counts
                 gc.time:            5,000 ms
                 process.cpu:        366,934 ns/op

Iteration   4: 353,357 ns/op
                 gc.alloc.rate:      10425,557 MB/sec
                 gc.alloc.rate.norm: 3864,006 B/op
                 gc.count:           9,000 counts
                 gc.time:            5,000 ms
                 process.cpu:        363,690 ns/op


# Run progress: 66,07% complete, ETA 00:03:41
# Fork: 2 of 2
# Warmup Iteration   1: 2026-09-12T07:26:29.935354Z org.apache.jmeter.protocol.http.sampler.HeaderCaptureBenchmark.capture-jmh-worker-1 ERROR Error processing element GuiLogEvent ([Appenders: null]): CLASS_NOT_FOUND
2026-09-12T07:26:29.967013Z org.apache.jmeter.protocol.http.sampler.HeaderCaptureBenchmark.capture-jmh-worker-1 ERROR Unable to locate appender "gui-log-event" for logger config "root"
426,867 ns/op
# Warmup Iteration   2: 345,696 ns/op
# Warmup Iteration   3: 332,857 ns/op
Iteration   1: 335,126 ns/op
                 gc.alloc.rate:      10833,466 MB/sec
                 gc.alloc.rate.norm: 3808,003 B/op
                 gc.count:           9,000 counts
                 gc.time:            5,000 ms
                 process.cpu:        344,799 ns/op

Iteration   2: 337,612 ns/op
                 gc.alloc.rate:      10753,691 MB/sec
                 gc.alloc.rate.norm: 3808,007 B/op
                 gc.count:           10,000 counts
                 gc.time:            5,000 ms
                 process.cpu:        347,916 ns/op

Iteration   3: 338,081 ns/op
                 gc.alloc.rate:      10738,532 MB/sec
                 gc.alloc.rate.norm: 3808,005 B/op
                 gc.count:           10,000 counts
                 gc.time:            5,000 ms
                 process.cpu:        348,281 ns/op

Iteration   4: 333,887 ns/op
                 gc.alloc.rate:      10873,450 MB/sec
                 gc.alloc.rate.norm: 3808,004 B/op
                 gc.count:           10,000 counts
                 gc.time:            5,000 ms
                 process.cpu:        344,607 ns/op



Result "org.apache.jmeter.protocol.http.sampler.HeaderCaptureBenchmark.capture":
  345,099 ±(99.9%) 18,560 ns/op [Average]
  (min, avg, max) = (333,887, 345,099, 356,228), stdev = 9,707
  CI (99.9%): [326,538, 363,659] (assumes normal distribution)

Secondary result "org.apache.jmeter.protocol.http.sampler.HeaderCaptureBenchmark.capture:gc.alloc.rate":
  10602,962 ±(99.9%) 416,173 MB/sec [Average]
  (min, avg, max) = (10341,380, 10602,962, 10873,450), stdev = 217,667
  CI (99.9%): [10186,789, 11019,135] (assumes normal distribution)

Secondary result "org.apache.jmeter.protocol.http.sampler.HeaderCaptureBenchmark.capture:gc.alloc.rate.norm":
  3836,005 ±(99.9%) 57,233 B/op [Average]
  (min, avg, max) = (3808,003, 3836,005, 3864,007), stdev = 29,934
  CI (99.9%): [3778,772, 3893,238] (assumes normal distribution)

Secondary result "org.apache.jmeter.protocol.http.sampler.HeaderCaptureBenchmark.capture:gc.count":
  77,000 ±(99.9%) 0,001 counts [Sum]
  (min, avg, max) = (9,000, 9,625, 10,000), stdev = 0,518
  CI (99.9%): [77,000, 77,000] (assumes normal distribution)

Secondary result "org.apache.jmeter.protocol.http.sampler.HeaderCaptureBenchmark.capture:gc.time":
  40,000 ±(99.9%) 0,001 ms [Sum]
  (min, avg, max) = (5,000, 5,000, 5,000), stdev = 0,001
  CI (99.9%): [40,000, 40,000] (assumes normal distribution)

Secondary result "org.apache.jmeter.protocol.http.sampler.HeaderCaptureBenchmark.capture:process.cpu":
  355,575 ±(99.9%) 19,181 ns/op [Average]
  (min, avg, max) = (344,607, 355,575, 366,934), stdev = 10,032
  CI (99.9%): [336,395, 374,756] (assumes normal distribution)


# JMH version: 1.37
# VM version: JDK 21.0.5, Java HotSpot(TM) 64-Bit Server VM, 21.0.5+9-LTS-239
# VM invoker: /Library/Java/JavaVirtualMachines/jdk-21.jdk/Contents/Home/bin/java
# VM options: -Djdk.net.hosts.file=/etc/hosts -Djdk.net.hosts.file=/etc/hosts
# Blackhole mode: compiler (auto-detected, use -Djmh.blackhole.autoDetect=false to disable)
# Warmup: 3 iterations, 500 ms each
# Measurement: 4 iterations, 500 ms each
# Timeout: 10 min per iteration
# Threads: 1 thread, will synchronize iterations
# Benchmark mode: Average time, time/op
# Benchmark: org.apache.jmeter.protocol.http.sampler.HeaderCaptureBenchmark.capture
# Parameters: (deferred = true, protocol = h1, readers = both50, totalBytes = 8192)

# Run progress: 66,67% complete, ETA 00:03:37
# Fork: 1 of 2
# Warmup Iteration   1: 2026-09-12T07:26:33.804170Z org.apache.jmeter.protocol.http.sampler.HeaderCaptureBenchmark.capture-jmh-worker-1 ERROR Error processing element GuiLogEvent ([Appenders: null]): CLASS_NOT_FOUND
2026-09-12T07:26:33.832073Z org.apache.jmeter.protocol.http.sampler.HeaderCaptureBenchmark.capture-jmh-worker-1 ERROR Unable to locate appender "gui-log-event" for logger config "root"
814,020 ns/op
# Warmup Iteration   2: 595,458 ns/op
# Warmup Iteration   3: 583,198 ns/op
Iteration   1: 577,379 ns/op
                 gc.alloc.rate:      19945,687 MB/sec
                 gc.alloc.rate.norm: 12079,994 B/op
                 gc.count:           14,000 counts
                 gc.time:            7,000 ms
                 process.cpu:        610,628 ns/op

Iteration   2: 612,100 ns/op
                 gc.alloc.rate:      18813,527 MB/sec
                 gc.alloc.rate.norm: 12080,031 B/op
                 gc.count:           13,000 counts
                 gc.time:            7,000 ms
                 process.cpu:        644,659 ns/op

Iteration   3: 578,968 ns/op
                 gc.alloc.rate:      19891,345 MB/sec
                 gc.alloc.rate.norm: 12080,001 B/op
                 gc.count:           14,000 counts
                 gc.time:            7,000 ms
                 process.cpu:        607,016 ns/op

Iteration   4: 579,757 ns/op
                 gc.alloc.rate:      19864,916 MB/sec
                 gc.alloc.rate.norm: 12080,008 B/op
                 gc.count:           14,000 counts
                 gc.time:            7,000 ms
                 process.cpu:        610,100 ns/op


# Run progress: 67,26% complete, ETA 00:03:33
# Fork: 2 of 2
# Warmup Iteration   1: 2026-09-12T07:26:37.710186Z org.apache.jmeter.protocol.http.sampler.HeaderCaptureBenchmark.capture-jmh-worker-1 ERROR Error processing element GuiLogEvent ([Appenders: null]): CLASS_NOT_FOUND
2026-09-12T07:26:37.740731Z org.apache.jmeter.protocol.http.sampler.HeaderCaptureBenchmark.capture-jmh-worker-1 ERROR Unable to locate appender "gui-log-event" for logger config "root"
786,261 ns/op
# Warmup Iteration   2: 614,304 ns/op
# Warmup Iteration   3: 576,299 ns/op
Iteration   1: 592,262 ns/op
                 gc.alloc.rate:      19444,556 MB/sec
                 gc.alloc.rate.norm: 12080,016 B/op
                 gc.count:           12,000 counts
                 gc.time:            7,000 ms
                 process.cpu:        616,248 ns/op

Iteration   2: 571,474 ns/op
                 gc.alloc.rate:      20152,343 MB/sec
                 gc.alloc.rate.norm: 12080,008 B/op
                 gc.count:           12,000 counts
                 gc.time:            6,000 ms
                 process.cpu:        604,411 ns/op

Iteration   3: 574,502 ns/op
                 gc.alloc.rate:      20045,520 MB/sec
                 gc.alloc.rate.norm: 12079,994 B/op
                 gc.count:           13,000 counts
                 gc.time:            7,000 ms
                 process.cpu:        610,124 ns/op

Iteration   4: 598,375 ns/op
                 gc.alloc.rate:      19246,080 MB/sec
                 gc.alloc.rate.norm: 12080,016 B/op
                 gc.count:           12,000 counts
                 gc.time:            7,000 ms
                 process.cpu:        629,053 ns/op



Result "org.apache.jmeter.protocol.http.sampler.HeaderCaptureBenchmark.capture":
  585,602 ±(99.9%) 26,828 ns/op [Average]
  (min, avg, max) = (571,474, 585,602, 612,100), stdev = 14,032
  CI (99.9%): [558,774, 612,430] (assumes normal distribution)

Secondary result "org.apache.jmeter.protocol.http.sampler.HeaderCaptureBenchmark.capture:gc.alloc.rate":
  19675,497 ±(99.9%) 885,219 MB/sec [Average]
  (min, avg, max) = (18813,527, 19675,497, 20152,343), stdev = 462,987
  CI (99.9%): [18790,278, 20560,716] (assumes normal distribution)

Secondary result "org.apache.jmeter.protocol.http.sampler.HeaderCaptureBenchmark.capture:gc.alloc.rate.norm":
  12080,009 ±(99.9%) 0,024 B/op [Average]
  (min, avg, max) = (12079,994, 12080,009, 12080,031), stdev = 0,013
  CI (99.9%): [12079,985, 12080,033] (assumes normal distribution)

Secondary result "org.apache.jmeter.protocol.http.sampler.HeaderCaptureBenchmark.capture:gc.count":
  104,000 ±(99.9%) 0,001 counts [Sum]
  (min, avg, max) = (12,000, 13,000, 14,000), stdev = 0,926
  CI (99.9%): [104,000, 104,000] (assumes normal distribution)

Secondary result "org.apache.jmeter.protocol.http.sampler.HeaderCaptureBenchmark.capture:gc.time":
  55,000 ±(99.9%) 0,001 ms [Sum]
  (min, avg, max) = (6,000, 6,875, 7,000), stdev = 0,354
  CI (99.9%): [55,000, 55,000] (assumes normal distribution)

Secondary result "org.apache.jmeter.protocol.http.sampler.HeaderCaptureBenchmark.capture:process.cpu":
  616,530 ±(99.9%) 26,083 ns/op [Average]
  (min, avg, max) = (604,411, 616,530, 644,659), stdev = 13,642
  CI (99.9%): [590,447, 642,613] (assumes normal distribution)


# JMH version: 1.37
# VM version: JDK 21.0.5, Java HotSpot(TM) 64-Bit Server VM, 21.0.5+9-LTS-239
# VM invoker: /Library/Java/JavaVirtualMachines/jdk-21.jdk/Contents/Home/bin/java
# VM options: -Djdk.net.hosts.file=/etc/hosts -Djdk.net.hosts.file=/etc/hosts
# Blackhole mode: compiler (auto-detected, use -Djmh.blackhole.autoDetect=false to disable)
# Warmup: 3 iterations, 500 ms each
# Measurement: 4 iterations, 500 ms each
# Timeout: 10 min per iteration
# Threads: 1 thread, will synchronize iterations
# Benchmark mode: Average time, time/op
# Benchmark: org.apache.jmeter.protocol.http.sampler.HeaderCaptureBenchmark.capture
# Parameters: (deferred = true, protocol = h1, readers = both75, totalBytes = 400)

# Run progress: 67,86% complete, ETA 00:03:30
# Fork: 1 of 2
# Warmup Iteration   1: 2026-09-12T07:26:41.600440Z org.apache.jmeter.protocol.http.sampler.HeaderCaptureBenchmark.capture-jmh-worker-1 ERROR Error processing element GuiLogEvent ([Appenders: null]): CLASS_NOT_FOUND
2026-09-12T07:26:41.629509Z org.apache.jmeter.protocol.http.sampler.HeaderCaptureBenchmark.capture-jmh-worker-1 ERROR Unable to locate appender "gui-log-event" for logger config "root"
241,216 ns/op
# Warmup Iteration   2: 183,527 ns/op
# Warmup Iteration   3: 171,946 ns/op
Iteration   1: 173,064 ns/op
                 gc.alloc.rate:      9695,685 MB/sec
                 gc.alloc.rate.norm: 1760,002 B/op
                 gc.count:           9,000 counts
                 gc.time:            4,000 ms
                 process.cpu:        177,924 ns/op

Iteration   2: 173,333 ns/op
                 gc.alloc.rate:      9680,812 MB/sec
                 gc.alloc.rate.norm: 1760,002 B/op
                 gc.count:           9,000 counts
                 gc.time:            5,000 ms
                 process.cpu:        177,313 ns/op

Iteration   3: 172,567 ns/op
                 gc.alloc.rate:      9723,684 MB/sec
                 gc.alloc.rate.norm: 1760,003 B/op
                 gc.count:           9,000 counts
                 gc.time:            4,000 ms
                 process.cpu:        176,925 ns/op

Iteration   4: 173,329 ns/op
                 gc.alloc.rate:      9680,707 MB/sec
                 gc.alloc.rate.norm: 1760,003 B/op
                 gc.count:           9,000 counts
                 gc.time:            5,000 ms
                 process.cpu:        177,310 ns/op


# Run progress: 68,45% complete, ETA 00:03:26
# Fork: 2 of 2
# Warmup Iteration   1: 2026-09-12T07:26:45.472286Z org.apache.jmeter.protocol.http.sampler.HeaderCaptureBenchmark.capture-jmh-worker-1 ERROR Error processing element GuiLogEvent ([Appenders: null]): CLASS_NOT_FOUND
2026-09-12T07:26:45.501205Z org.apache.jmeter.protocol.http.sampler.HeaderCaptureBenchmark.capture-jmh-worker-1 ERROR Unable to locate appender "gui-log-event" for logger config "root"
212,179 ns/op
# Warmup Iteration   2: 159,408 ns/op
# Warmup Iteration   3: 161,748 ns/op
Iteration   1: 160,897 ns/op
                 gc.alloc.rate:      10428,653 MB/sec
                 gc.alloc.rate.norm: 1760,002 B/op
                 gc.count:           10,000 counts
                 gc.time:            4,000 ms
                 process.cpu:        165,934 ns/op

Iteration   2: 158,875 ns/op
                 gc.alloc.rate:      10562,030 MB/sec
                 gc.alloc.rate.norm: 1760,003 B/op
                 gc.count:           10,000 counts
                 gc.time:            6,000 ms
                 process.cpu:        164,266 ns/op

Iteration   3: 158,659 ns/op
                 gc.alloc.rate:      10576,367 MB/sec
                 gc.alloc.rate.norm: 1760,002 B/op
                 gc.count:           9,000 counts
                 gc.time:            4,000 ms
                 process.cpu:        162,911 ns/op

Iteration   4: 159,017 ns/op
                 gc.alloc.rate:      10552,548 MB/sec
                 gc.alloc.rate.norm: 1760,002 B/op
                 gc.count:           10,000 counts
                 gc.time:            5,000 ms
                 process.cpu:        163,918 ns/op



Result "org.apache.jmeter.protocol.http.sampler.HeaderCaptureBenchmark.capture":
  166,218 ±(99.9%) 14,080 ns/op [Average]
  (min, avg, max) = (158,659, 166,218, 173,333), stdev = 7,364
  CI (99.9%): [152,137, 180,298] (assumes normal distribution)

Secondary result "org.apache.jmeter.protocol.http.sampler.HeaderCaptureBenchmark.capture:gc.alloc.rate":
  10112,561 ±(99.9%) 857,670 MB/sec [Average]
  (min, avg, max) = (9680,707, 10112,561, 10576,367), stdev = 448,578
  CI (99.9%): [9254,890, 10970,231] (assumes normal distribution)

Secondary result "org.apache.jmeter.protocol.http.sampler.HeaderCaptureBenchmark.capture:gc.alloc.rate.norm":
  1760,002 ±(99.9%) 0,001 B/op [Average]
  (min, avg, max) = (1760,002, 1760,002, 1760,003), stdev = 0,001
  CI (99.9%): [1760,002, 1760,003] (assumes normal distribution)

Secondary result "org.apache.jmeter.protocol.http.sampler.HeaderCaptureBenchmark.capture:gc.count":
  75,000 ±(99.9%) 0,001 counts [Sum]
  (min, avg, max) = (9,000, 9,375, 10,000), stdev = 0,518
  CI (99.9%): [75,000, 75,000] (assumes normal distribution)

Secondary result "org.apache.jmeter.protocol.http.sampler.HeaderCaptureBenchmark.capture:gc.time":
  37,000 ±(99.9%) 0,001 ms [Sum]
  (min, avg, max) = (4,000, 4,625, 6,000), stdev = 0,744
  CI (99.9%): [37,000, 37,000] (assumes normal distribution)

Secondary result "org.apache.jmeter.protocol.http.sampler.HeaderCaptureBenchmark.capture:process.cpu":
  170,813 ±(99.9%) 13,501 ns/op [Average]
  (min, avg, max) = (162,911, 170,813, 177,924), stdev = 7,061
  CI (99.9%): [157,312, 184,313] (assumes normal distribution)


# JMH version: 1.37
# VM version: JDK 21.0.5, Java HotSpot(TM) 64-Bit Server VM, 21.0.5+9-LTS-239
# VM invoker: /Library/Java/JavaVirtualMachines/jdk-21.jdk/Contents/Home/bin/java
# VM options: -Djdk.net.hosts.file=/etc/hosts -Djdk.net.hosts.file=/etc/hosts
# Blackhole mode: compiler (auto-detected, use -Djmh.blackhole.autoDetect=false to disable)
# Warmup: 3 iterations, 500 ms each
# Measurement: 4 iterations, 500 ms each
# Timeout: 10 min per iteration
# Threads: 1 thread, will synchronize iterations
# Benchmark mode: Average time, time/op
# Benchmark: org.apache.jmeter.protocol.http.sampler.HeaderCaptureBenchmark.capture
# Parameters: (deferred = true, protocol = h1, readers = both75, totalBytes = 1600)

# Run progress: 69,05% complete, ETA 00:03:22
# Fork: 1 of 2
# Warmup Iteration   1: 2026-09-12T07:26:49.341267Z org.apache.jmeter.protocol.http.sampler.HeaderCaptureBenchmark.capture-jmh-worker-1 ERROR Error processing element GuiLogEvent ([Appenders: null]): CLASS_NOT_FOUND
2026-09-12T07:26:49.369523Z org.apache.jmeter.protocol.http.sampler.HeaderCaptureBenchmark.capture-jmh-worker-1 ERROR Unable to locate appender "gui-log-event" for logger config "root"
533,289 ns/op
# Warmup Iteration   2: 393,371 ns/op
# Warmup Iteration   3: 392,131 ns/op
Iteration   1: 392,852 ns/op
                 gc.alloc.rate:      10794,560 MB/sec
                 gc.alloc.rate.norm: 4448,006 B/op
                 gc.count:           9,000 counts
                 gc.time:            5,000 ms
                 process.cpu:        403,856 ns/op

Iteration   2: 394,974 ns/op
                 gc.alloc.rate:      10737,016 MB/sec
                 gc.alloc.rate.norm: 4448,006 B/op
                 gc.count:           10,000 counts
                 gc.time:            5,000 ms
                 process.cpu:        407,511 ns/op

Iteration   3: 395,400 ns/op
                 gc.alloc.rate:      10725,262 MB/sec
                 gc.alloc.rate.norm: 4448,006 B/op
                 gc.count:           10,000 counts
                 gc.time:            5,000 ms
                 process.cpu:        408,282 ns/op

Iteration   4: 398,718 ns/op
                 gc.alloc.rate:      10636,044 MB/sec
                 gc.alloc.rate.norm: 4448,007 B/op
                 gc.count:           9,000 counts
                 gc.time:            5,000 ms
                 process.cpu:        407,843 ns/op


# Run progress: 69,64% complete, ETA 00:03:18
# Fork: 2 of 2
# Warmup Iteration   1: 2026-09-12T07:26:53.206052Z org.apache.jmeter.protocol.http.sampler.HeaderCaptureBenchmark.capture-jmh-worker-1 ERROR Error processing element GuiLogEvent ([Appenders: null]): CLASS_NOT_FOUND
2026-09-12T07:26:53.237338Z org.apache.jmeter.protocol.http.sampler.HeaderCaptureBenchmark.capture-jmh-worker-1 ERROR Unable to locate appender "gui-log-event" for logger config "root"
552,990 ns/op
# Warmup Iteration   2: 420,037 ns/op
# Warmup Iteration   3: 403,888 ns/op
Iteration   1: 404,552 ns/op
                 gc.alloc.rate:      10482,663 MB/sec
                 gc.alloc.rate.norm: 4448,005 B/op
                 gc.count:           10,000 counts
                 gc.time:            6,000 ms
                 process.cpu:        417,220 ns/op

Iteration   2: 403,866 ns/op
                 gc.alloc.rate:      10500,661 MB/sec
                 gc.alloc.rate.norm: 4448,009 B/op
                 gc.count:           10,000 counts
                 gc.time:            5,000 ms
                 process.cpu:        416,862 ns/op

Iteration   3: 402,643 ns/op
                 gc.alloc.rate:      10532,049 MB/sec
                 gc.alloc.rate.norm: 4448,005 B/op
                 gc.count:           9,000 counts
                 gc.time:            4,000 ms
                 process.cpu:        418,966 ns/op

Iteration   4: 398,656 ns/op
                 gc.alloc.rate:      10636,754 MB/sec
                 gc.alloc.rate.norm: 4448,004 B/op
                 gc.count:           10,000 counts
                 gc.time:            5,000 ms
                 process.cpu:        410,481 ns/op



Result "org.apache.jmeter.protocol.http.sampler.HeaderCaptureBenchmark.capture":
  398,958 ±(99.9%) 8,394 ns/op [Average]
  (min, avg, max) = (392,852, 398,958, 404,552), stdev = 4,390
  CI (99.9%): [390,564, 407,352] (assumes normal distribution)

Secondary result "org.apache.jmeter.protocol.http.sampler.HeaderCaptureBenchmark.capture:gc.alloc.rate":
  10630,626 ±(99.9%) 223,578 MB/sec [Average]
  (min, avg, max) = (10482,663, 10630,626, 10794,560), stdev = 116,936
  CI (99.9%): [10407,048, 10854,204] (assumes normal distribution)

Secondary result "org.apache.jmeter.protocol.http.sampler.HeaderCaptureBenchmark.capture:gc.alloc.rate.norm":
  4448,006 ±(99.9%) 0,003 B/op [Average]
  (min, avg, max) = (4448,004, 4448,006, 4448,009), stdev = 0,001
  CI (99.9%): [4448,003, 4448,009] (assumes normal distribution)

Secondary result "org.apache.jmeter.protocol.http.sampler.HeaderCaptureBenchmark.capture:gc.count":
  77,000 ±(99.9%) 0,001 counts [Sum]
  (min, avg, max) = (9,000, 9,625, 10,000), stdev = 0,518
  CI (99.9%): [77,000, 77,000] (assumes normal distribution)

Secondary result "org.apache.jmeter.protocol.http.sampler.HeaderCaptureBenchmark.capture:gc.time":
  40,000 ±(99.9%) 0,001 ms [Sum]
  (min, avg, max) = (4,000, 5,000, 6,000), stdev = 0,535
  CI (99.9%): [40,000, 40,000] (assumes normal distribution)

Secondary result "org.apache.jmeter.protocol.http.sampler.HeaderCaptureBenchmark.capture:process.cpu":
  411,378 ±(99.9%) 10,626 ns/op [Average]
  (min, avg, max) = (403,856, 411,378, 418,966), stdev = 5,557
  CI (99.9%): [400,752, 422,003] (assumes normal distribution)


# JMH version: 1.37
# VM version: JDK 21.0.5, Java HotSpot(TM) 64-Bit Server VM, 21.0.5+9-LTS-239
# VM invoker: /Library/Java/JavaVirtualMachines/jdk-21.jdk/Contents/Home/bin/java
# VM options: -Djdk.net.hosts.file=/etc/hosts -Djdk.net.hosts.file=/etc/hosts
# Blackhole mode: compiler (auto-detected, use -Djmh.blackhole.autoDetect=false to disable)
# Warmup: 3 iterations, 500 ms each
# Measurement: 4 iterations, 500 ms each
# Timeout: 10 min per iteration
# Threads: 1 thread, will synchronize iterations
# Benchmark mode: Average time, time/op
# Benchmark: org.apache.jmeter.protocol.http.sampler.HeaderCaptureBenchmark.capture
# Parameters: (deferred = true, protocol = h1, readers = both75, totalBytes = 8192)

# Run progress: 70,24% complete, ETA 00:03:14
# Fork: 1 of 2
# Warmup Iteration   1: 2026-09-12T07:26:57.080251Z org.apache.jmeter.protocol.http.sampler.HeaderCaptureBenchmark.capture-jmh-worker-1 ERROR Error processing element GuiLogEvent ([Appenders: null]): CLASS_NOT_FOUND
2026-09-12T07:26:57.108072Z org.apache.jmeter.protocol.http.sampler.HeaderCaptureBenchmark.capture-jmh-worker-1 ERROR Unable to locate appender "gui-log-event" for logger config "root"
977,891 ns/op
# Warmup Iteration   2: 780,808 ns/op
# Warmup Iteration   3: 695,952 ns/op
Iteration   1: 689,719 ns/op
                 gc.alloc.rate:      20999,702 MB/sec
                 gc.alloc.rate.norm: 15192,010 B/op
                 gc.count:           12,000 counts
                 gc.time:            6,000 ms
                 process.cpu:        724,604 ns/op

Iteration   2: 691,833 ns/op
                 gc.alloc.rate:      20935,838 MB/sec
                 gc.alloc.rate.norm: 15192,018 B/op
                 gc.count:           12,000 counts
                 gc.time:            7,000 ms
                 process.cpu:        723,297 ns/op

Iteration   3: 691,568 ns/op
                 gc.alloc.rate:      20943,505 MB/sec
                 gc.alloc.rate.norm: 15192,010 B/op
                 gc.count:           12,000 counts
                 gc.time:            6,000 ms
                 process.cpu:        727,694 ns/op

Iteration   4: 705,670 ns/op
                 gc.alloc.rate:      20524,195 MB/sec
                 gc.alloc.rate.norm: 15192,006 B/op
                 gc.count:           11,000 counts
                 gc.time:            6,000 ms
                 process.cpu:        739,502 ns/op


# Run progress: 70,83% complete, ETA 00:03:10
# Fork: 2 of 2
# Warmup Iteration   1: 2026-09-12T07:27:00.966594Z org.apache.jmeter.protocol.http.sampler.HeaderCaptureBenchmark.capture-jmh-worker-1 ERROR Error processing element GuiLogEvent ([Appenders: null]): CLASS_NOT_FOUND
2026-09-12T07:27:00.994723Z org.apache.jmeter.protocol.http.sampler.HeaderCaptureBenchmark.capture-jmh-worker-1 ERROR Unable to locate appender "gui-log-event" for logger config "root"
973,487 ns/op
# Warmup Iteration   2: 835,041 ns/op
# Warmup Iteration   3: 688,854 ns/op
Iteration   1: 689,753 ns/op
                 gc.alloc.rate:      20998,639 MB/sec
                 gc.alloc.rate.norm: 15192,006 B/op
                 gc.count:           13,000 counts
                 gc.time:            6,000 ms
                 process.cpu:        722,268 ns/op

Iteration   2: 726,945 ns/op
                 gc.alloc.rate:      19924,661 MB/sec
                 gc.alloc.rate.norm: 15191,997 B/op
                 gc.count:           12,000 counts
                 gc.time:            7,000 ms
                 process.cpu:        746,372 ns/op

Iteration   3: 692,937 ns/op
                 gc.alloc.rate:      20900,583 MB/sec
                 gc.alloc.rate.norm: 15192,019 B/op
                 gc.count:           13,000 counts
                 gc.time:            8,000 ms
                 process.cpu:        728,271 ns/op

Iteration   4: 691,715 ns/op
                 gc.alloc.rate:      20939,010 MB/sec
                 gc.alloc.rate.norm: 15192,018 B/op
                 gc.count:           12,000 counts
                 gc.time:            6,000 ms
                 process.cpu:        720,777 ns/op



Result "org.apache.jmeter.protocol.http.sampler.HeaderCaptureBenchmark.capture":
  697,518 ±(99.9%) 24,781 ns/op [Average]
  (min, avg, max) = (689,719, 697,518, 726,945), stdev = 12,961
  CI (99.9%): [672,737, 722,299] (assumes normal distribution)

Secondary result "org.apache.jmeter.protocol.http.sampler.HeaderCaptureBenchmark.capture:gc.alloc.rate":
  20770,767 ±(99.9%) 716,590 MB/sec [Average]
  (min, avg, max) = (19924,661, 20770,767, 20999,702), stdev = 374,791
  CI (99.9%): [20054,176, 21487,357] (assumes normal distribution)

Secondary result "org.apache.jmeter.protocol.http.sampler.HeaderCaptureBenchmark.capture:gc.alloc.rate.norm":
  15192,010 ±(99.9%) 0,015 B/op [Average]
  (min, avg, max) = (15191,997, 15192,010, 15192,019), stdev = 0,008
  CI (99.9%): [15191,996, 15192,025] (assumes normal distribution)

Secondary result "org.apache.jmeter.protocol.http.sampler.HeaderCaptureBenchmark.capture:gc.count":
  97,000 ±(99.9%) 0,001 counts [Sum]
  (min, avg, max) = (11,000, 12,125, 13,000), stdev = 0,641
  CI (99.9%): [97,000, 97,000] (assumes normal distribution)

Secondary result "org.apache.jmeter.protocol.http.sampler.HeaderCaptureBenchmark.capture:gc.time":
  52,000 ±(99.9%) 0,001 ms [Sum]
  (min, avg, max) = (6,000, 6,500, 8,000), stdev = 0,756
  CI (99.9%): [52,000, 52,000] (assumes normal distribution)

Secondary result "org.apache.jmeter.protocol.http.sampler.HeaderCaptureBenchmark.capture:process.cpu":
  729,098 ±(99.9%) 17,389 ns/op [Average]
  (min, avg, max) = (720,777, 729,098, 746,372), stdev = 9,095
  CI (99.9%): [711,709, 746,487] (assumes normal distribution)


# JMH version: 1.37
# VM version: JDK 21.0.5, Java HotSpot(TM) 64-Bit Server VM, 21.0.5+9-LTS-239
# VM invoker: /Library/Java/JavaVirtualMachines/jdk-21.jdk/Contents/Home/bin/java
# VM options: -Djdk.net.hosts.file=/etc/hosts -Djdk.net.hosts.file=/etc/hosts
# Blackhole mode: compiler (auto-detected, use -Djmh.blackhole.autoDetect=false to disable)
# Warmup: 3 iterations, 500 ms each
# Measurement: 4 iterations, 500 ms each
# Timeout: 10 min per iteration
# Threads: 1 thread, will synchronize iterations
# Benchmark mode: Average time, time/op
# Benchmark: org.apache.jmeter.protocol.http.sampler.HeaderCaptureBenchmark.capture
# Parameters: (deferred = true, protocol = h1, readers = both100, totalBytes = 400)

# Run progress: 71,43% complete, ETA 00:03:06
# Fork: 1 of 2
# Warmup Iteration   1: 2026-09-12T07:27:04.861094Z org.apache.jmeter.protocol.http.sampler.HeaderCaptureBenchmark.capture-jmh-worker-1 ERROR Error processing element GuiLogEvent ([Appenders: null]): CLASS_NOT_FOUND
2026-09-12T07:27:04.888970Z org.apache.jmeter.protocol.http.sampler.HeaderCaptureBenchmark.capture-jmh-worker-1 ERROR Unable to locate appender "gui-log-event" for logger config "root"
261,267 ns/op
# Warmup Iteration   2: 199,611 ns/op
# Warmup Iteration   3: 187,287 ns/op
Iteration   1: 192,563 ns/op
                 gc.alloc.rate:      9664,067 MB/sec
                 gc.alloc.rate.norm: 1952,003 B/op
                 gc.count:           9,000 counts
                 gc.time:            5,000 ms
                 process.cpu:        196,337 ns/op

Iteration   2: 185,674 ns/op
                 gc.alloc.rate:      10023,157 MB/sec
                 gc.alloc.rate.norm: 1952,003 B/op
                 gc.count:           9,000 counts
                 gc.time:            5,000 ms
                 process.cpu:        190,983 ns/op

Iteration   3: 186,925 ns/op
                 gc.alloc.rate:      9956,358 MB/sec
                 gc.alloc.rate.norm: 1952,003 B/op
                 gc.count:           9,000 counts
                 gc.time:            4,000 ms
                 process.cpu:        192,888 ns/op

Iteration   4: 186,177 ns/op
                 gc.alloc.rate:      9996,142 MB/sec
                 gc.alloc.rate.norm: 1952,003 B/op
                 gc.count:           9,000 counts
                 gc.time:            5,000 ms
                 process.cpu:        191,829 ns/op


# Run progress: 72,02% complete, ETA 00:03:02
# Fork: 2 of 2
# Warmup Iteration   1: 2026-09-12T07:27:08.738077Z org.apache.jmeter.protocol.http.sampler.HeaderCaptureBenchmark.capture-jmh-worker-1 ERROR Error processing element GuiLogEvent ([Appenders: null]): CLASS_NOT_FOUND
2026-09-12T07:27:08.766581Z org.apache.jmeter.protocol.http.sampler.HeaderCaptureBenchmark.capture-jmh-worker-1 ERROR Unable to locate appender "gui-log-event" for logger config "root"
262,308 ns/op
# Warmup Iteration   2: 193,063 ns/op
# Warmup Iteration   3: 187,204 ns/op
Iteration   1: 186,704 ns/op
                 gc.alloc.rate:      9967,112 MB/sec
                 gc.alloc.rate.norm: 1952,003 B/op
                 gc.count:           9,000 counts
                 gc.time:            4,000 ms
                 process.cpu:        192,194 ns/op

Iteration   2: 184,730 ns/op
                 gc.alloc.rate:      10074,217 MB/sec
                 gc.alloc.rate.norm: 1952,003 B/op
                 gc.count:           9,000 counts
                 gc.time:            5,000 ms
                 process.cpu:        190,258 ns/op

Iteration   3: 185,605 ns/op
                 gc.alloc.rate:      10026,708 MB/sec
                 gc.alloc.rate.norm: 1952,003 B/op
                 gc.count:           9,000 counts
                 gc.time:            4,000 ms
                 process.cpu:        194,076 ns/op

Iteration   4: 187,230 ns/op
                 gc.alloc.rate:      9939,653 MB/sec
                 gc.alloc.rate.norm: 1952,003 B/op
                 gc.count:           9,000 counts
                 gc.time:            5,000 ms
                 process.cpu:        191,279 ns/op



Result "org.apache.jmeter.protocol.http.sampler.HeaderCaptureBenchmark.capture":
  186,951 ±(99.9%) 4,605 ns/op [Average]
  (min, avg, max) = (184,730, 186,951, 192,563), stdev = 2,409
  CI (99.9%): [182,346, 191,556] (assumes normal distribution)

Secondary result "org.apache.jmeter.protocol.http.sampler.HeaderCaptureBenchmark.capture:gc.alloc.rate":
  9955,927 ±(99.9%) 240,453 MB/sec [Average]
  (min, avg, max) = (9664,067, 9955,927, 10074,217), stdev = 125,762
  CI (99.9%): [9715,474, 10196,380] (assumes normal distribution)

Secondary result "org.apache.jmeter.protocol.http.sampler.HeaderCaptureBenchmark.capture:gc.alloc.rate.norm":
  1952,003 ±(99.9%) 0,001 B/op [Average]
  (min, avg, max) = (1952,003, 1952,003, 1952,003), stdev = 0,001
  CI (99.9%): [1952,003, 1952,003] (assumes normal distribution)

Secondary result "org.apache.jmeter.protocol.http.sampler.HeaderCaptureBenchmark.capture:gc.count":
  72,000 ±(99.9%) 0,001 counts [Sum]
  (min, avg, max) = (9,000, 9,000, 9,000), stdev = 0,001
  CI (99.9%): [72,000, 72,000] (assumes normal distribution)

Secondary result "org.apache.jmeter.protocol.http.sampler.HeaderCaptureBenchmark.capture:gc.time":
  37,000 ±(99.9%) 0,001 ms [Sum]
  (min, avg, max) = (4,000, 4,625, 5,000), stdev = 0,518
  CI (99.9%): [37,000, 37,000] (assumes normal distribution)

Secondary result "org.apache.jmeter.protocol.http.sampler.HeaderCaptureBenchmark.capture:process.cpu":
  192,480 ±(99.9%) 3,735 ns/op [Average]
  (min, avg, max) = (190,258, 192,480, 196,337), stdev = 1,954
  CI (99.9%): [188,745, 196,216] (assumes normal distribution)


# JMH version: 1.37
# VM version: JDK 21.0.5, Java HotSpot(TM) 64-Bit Server VM, 21.0.5+9-LTS-239
# VM invoker: /Library/Java/JavaVirtualMachines/jdk-21.jdk/Contents/Home/bin/java
# VM options: -Djdk.net.hosts.file=/etc/hosts -Djdk.net.hosts.file=/etc/hosts
# Blackhole mode: compiler (auto-detected, use -Djmh.blackhole.autoDetect=false to disable)
# Warmup: 3 iterations, 500 ms each
# Measurement: 4 iterations, 500 ms each
# Timeout: 10 min per iteration
# Threads: 1 thread, will synchronize iterations
# Benchmark mode: Average time, time/op
# Benchmark: org.apache.jmeter.protocol.http.sampler.HeaderCaptureBenchmark.capture
# Parameters: (deferred = true, protocol = h1, readers = both100, totalBytes = 1600)

# Run progress: 72,62% complete, ETA 00:02:58
# Fork: 1 of 2
# Warmup Iteration   1: 2026-09-12T07:27:12.609664Z org.apache.jmeter.protocol.http.sampler.HeaderCaptureBenchmark.capture-jmh-worker-1 ERROR Error processing element GuiLogEvent ([Appenders: null]): CLASS_NOT_FOUND
2026-09-12T07:27:12.637992Z org.apache.jmeter.protocol.http.sampler.HeaderCaptureBenchmark.capture-jmh-worker-1 ERROR Unable to locate appender "gui-log-event" for logger config "root"
636,537 ns/op
# Warmup Iteration   2: 479,828 ns/op
# Warmup Iteration   3: 469,236 ns/op
Iteration   1: 463,359 ns/op
                 gc.alloc.rate:      10468,611 MB/sec
                 gc.alloc.rate.norm: 5088,007 B/op
                 gc.count:           10,000 counts
                 gc.time:            5,000 ms
                 process.cpu:        477,174 ns/op

Iteration   2: 463,211 ns/op
                 gc.alloc.rate:      10472,164 MB/sec
                 gc.alloc.rate.norm: 5088,007 B/op
                 gc.count:           9,000 counts
                 gc.time:            4,000 ms
                 process.cpu:        475,008 ns/op

Iteration   3: 463,539 ns/op
                 gc.alloc.rate:      10463,915 MB/sec
                 gc.alloc.rate.norm: 5088,007 B/op
                 gc.count:           10,000 counts
                 gc.time:            5,000 ms
                 process.cpu:        485,485 ns/op

Iteration   4: 463,828 ns/op
                 gc.alloc.rate:      10458,550 MB/sec
                 gc.alloc.rate.norm: 5088,007 B/op
                 gc.count:           9,000 counts
                 gc.time:            5,000 ms
                 process.cpu:        478,452 ns/op


# Run progress: 73,21% complete, ETA 00:02:55
# Fork: 2 of 2
# Warmup Iteration   1: 2026-09-12T07:27:16.473895Z org.apache.jmeter.protocol.http.sampler.HeaderCaptureBenchmark.capture-jmh-worker-1 ERROR Error processing element GuiLogEvent ([Appenders: null]): CLASS_NOT_FOUND
2026-09-12T07:27:16.502673Z org.apache.jmeter.protocol.http.sampler.HeaderCaptureBenchmark.capture-jmh-worker-1 ERROR Unable to locate appender "gui-log-event" for logger config "root"
659,666 ns/op
# Warmup Iteration   2: 461,324 ns/op
# Warmup Iteration   3: 479,503 ns/op
Iteration   1: 457,155 ns/op
                 gc.alloc.rate:      10610,305 MB/sec
                 gc.alloc.rate.norm: 5088,007 B/op
                 gc.count:           10,000 counts
                 gc.time:            5,000 ms
                 process.cpu:        473,502 ns/op

Iteration   2: 458,878 ns/op
                 gc.alloc.rate:      10571,278 MB/sec
                 gc.alloc.rate.norm: 5088,007 B/op
                 gc.count:           9,000 counts
                 gc.time:            5,000 ms
                 process.cpu:        469,390 ns/op

Iteration   3: 459,609 ns/op
                 gc.alloc.rate:      10554,378 MB/sec
                 gc.alloc.rate.norm: 5088,007 B/op
                 gc.count:           10,000 counts
                 gc.time:            5,000 ms
                 process.cpu:        472,303 ns/op

Iteration   4: 480,268 ns/op
                 gc.alloc.rate:      10096,785 MB/sec
                 gc.alloc.rate.norm: 5088,007 B/op
                 gc.count:           9,000 counts
                 gc.time:            5,000 ms
                 process.cpu:        494,788 ns/op



Result "org.apache.jmeter.protocol.http.sampler.HeaderCaptureBenchmark.capture":
  463,731 ±(99.9%) 13,668 ns/op [Average]
  (min, avg, max) = (457,155, 463,731, 480,268), stdev = 7,149
  CI (99.9%): [450,063, 477,399] (assumes normal distribution)

Secondary result "org.apache.jmeter.protocol.http.sampler.HeaderCaptureBenchmark.capture:gc.alloc.rate":
  10461,998 ±(99.9%) 303,185 MB/sec [Average]
  (min, avg, max) = (10096,785, 10461,998, 10610,305), stdev = 158,572
  CI (99.9%): [10158,813, 10765,183] (assumes normal distribution)

Secondary result "org.apache.jmeter.protocol.http.sampler.HeaderCaptureBenchmark.capture:gc.alloc.rate.norm":
  5088,007 ±(99.9%) 0,001 B/op [Average]
  (min, avg, max) = (5088,007, 5088,007, 5088,007), stdev = 0,001
  CI (99.9%): [5088,006, 5088,007] (assumes normal distribution)

Secondary result "org.apache.jmeter.protocol.http.sampler.HeaderCaptureBenchmark.capture:gc.count":
  76,000 ±(99.9%) 0,001 counts [Sum]
  (min, avg, max) = (9,000, 9,500, 10,000), stdev = 0,535
  CI (99.9%): [76,000, 76,000] (assumes normal distribution)

Secondary result "org.apache.jmeter.protocol.http.sampler.HeaderCaptureBenchmark.capture:gc.time":
  39,000 ±(99.9%) 0,001 ms [Sum]
  (min, avg, max) = (4,000, 4,875, 5,000), stdev = 0,354
  CI (99.9%): [39,000, 39,000] (assumes normal distribution)

Secondary result "org.apache.jmeter.protocol.http.sampler.HeaderCaptureBenchmark.capture:process.cpu":
  478,263 ±(99.9%) 15,733 ns/op [Average]
  (min, avg, max) = (469,390, 478,263, 494,788), stdev = 8,229
  CI (99.9%): [462,530, 493,996] (assumes normal distribution)


# JMH version: 1.37
# VM version: JDK 21.0.5, Java HotSpot(TM) 64-Bit Server VM, 21.0.5+9-LTS-239
# VM invoker: /Library/Java/JavaVirtualMachines/jdk-21.jdk/Contents/Home/bin/java
# VM options: -Djdk.net.hosts.file=/etc/hosts -Djdk.net.hosts.file=/etc/hosts
# Blackhole mode: compiler (auto-detected, use -Djmh.blackhole.autoDetect=false to disable)
# Warmup: 3 iterations, 500 ms each
# Measurement: 4 iterations, 500 ms each
# Timeout: 10 min per iteration
# Threads: 1 thread, will synchronize iterations
# Benchmark mode: Average time, time/op
# Benchmark: org.apache.jmeter.protocol.http.sampler.HeaderCaptureBenchmark.capture
# Parameters: (deferred = true, protocol = h1, readers = both100, totalBytes = 8192)

# Run progress: 73,81% complete, ETA 00:02:51
# Fork: 1 of 2
# Warmup Iteration   1: 2026-09-12T07:27:20.389258Z org.apache.jmeter.protocol.http.sampler.HeaderCaptureBenchmark.capture-jmh-worker-1 ERROR Error processing element GuiLogEvent ([Appenders: null]): CLASS_NOT_FOUND
2026-09-12T07:27:20.417342Z org.apache.jmeter.protocol.http.sampler.HeaderCaptureBenchmark.capture-jmh-worker-1 ERROR Unable to locate appender "gui-log-event" for logger config "root"
1160,552 ns/op
# Warmup Iteration   2: 879,684 ns/op
# Warmup Iteration   3: 833,989 ns/op
Iteration   1: 816,808 ns/op
                 gc.alloc.rate:      21363,982 MB/sec
                 gc.alloc.rate.norm: 18304,012 B/op
                 gc.count:           13,000 counts
                 gc.time:            7,000 ms
                 process.cpu:        859,756 ns/op

Iteration   2: 817,664 ns/op
                 gc.alloc.rate:      21340,369 MB/sec
                 gc.alloc.rate.norm: 18304,012 B/op
                 gc.count:           12,000 counts
                 gc.time:            7,000 ms
                 process.cpu:        854,413 ns/op

Iteration   3: 824,809 ns/op
                 gc.alloc.rate:      21156,651 MB/sec
                 gc.alloc.rate.norm: 18304,012 B/op
                 gc.count:           13,000 counts
                 gc.time:            7,000 ms
                 process.cpu:        876,628 ns/op

Iteration   4: 811,915 ns/op
                 gc.alloc.rate:      21494,096 MB/sec
                 gc.alloc.rate.norm: 18304,012 B/op
                 gc.count:           12,000 counts
                 gc.time:            7,000 ms
                 process.cpu:        851,910 ns/op


# Run progress: 74,40% complete, ETA 00:02:47
# Fork: 2 of 2
# Warmup Iteration   1: 2026-09-12T07:27:24.260405Z org.apache.jmeter.protocol.http.sampler.HeaderCaptureBenchmark.capture-jmh-worker-1 ERROR Error processing element GuiLogEvent ([Appenders: null]): CLASS_NOT_FOUND
2026-09-12T07:27:24.289873Z org.apache.jmeter.protocol.http.sampler.HeaderCaptureBenchmark.capture-jmh-worker-1 ERROR Unable to locate appender "gui-log-event" for logger config "root"
1121,682 ns/op
# Warmup Iteration   2: 871,901 ns/op
# Warmup Iteration   3: 836,971 ns/op
Iteration   1: 825,093 ns/op
                 gc.alloc.rate:      21149,809 MB/sec
                 gc.alloc.rate.norm: 18304,012 B/op
                 gc.count:           12,000 counts
                 gc.time:            7,000 ms
                 process.cpu:        865,806 ns/op

Iteration   2: 826,825 ns/op
                 gc.alloc.rate:      21106,048 MB/sec
                 gc.alloc.rate.norm: 18304,012 B/op
                 gc.count:           12,000 counts
                 gc.time:            6,000 ms
                 process.cpu:        867,316 ns/op

Iteration   3: 830,349 ns/op
                 gc.alloc.rate:      21015,352 MB/sec
                 gc.alloc.rate.norm: 18304,012 B/op
                 gc.count:           12,000 counts
                 gc.time:            7,000 ms
                 process.cpu:        870,752 ns/op

Iteration   4: 827,857 ns/op
                 gc.alloc.rate:      21079,532 MB/sec
                 gc.alloc.rate.norm: 18304,012 B/op
                 gc.count:           12,000 counts
                 gc.time:            7,000 ms
                 process.cpu:        866,782 ns/op



Result "org.apache.jmeter.protocol.http.sampler.HeaderCaptureBenchmark.capture":
  822,665 ±(99.9%) 12,278 ns/op [Average]
  (min, avg, max) = (811,915, 822,665, 830,349), stdev = 6,422
  CI (99.9%): [810,387, 834,943] (assumes normal distribution)

Secondary result "org.apache.jmeter.protocol.http.sampler.HeaderCaptureBenchmark.capture:gc.alloc.rate":
  21213,230 ±(99.9%) 317,903 MB/sec [Average]
  (min, avg, max) = (21015,352, 21213,230, 21494,096), stdev = 166,269
  CI (99.9%): [20895,327, 21531,133] (assumes normal distribution)

Secondary result "org.apache.jmeter.protocol.http.sampler.HeaderCaptureBenchmark.capture:gc.alloc.rate.norm":
  18304,012 ±(99.9%) 0,001 B/op [Average]
  (min, avg, max) = (18304,012, 18304,012, 18304,012), stdev = 0,001
  CI (99.9%): [18304,012, 18304,012] (assumes normal distribution)

Secondary result "org.apache.jmeter.protocol.http.sampler.HeaderCaptureBenchmark.capture:gc.count":
  98,000 ±(99.9%) 0,001 counts [Sum]
  (min, avg, max) = (12,000, 12,250, 13,000), stdev = 0,463
  CI (99.9%): [98,000, 98,000] (assumes normal distribution)

Secondary result "org.apache.jmeter.protocol.http.sampler.HeaderCaptureBenchmark.capture:gc.time":
  55,000 ±(99.9%) 0,001 ms [Sum]
  (min, avg, max) = (6,000, 6,875, 7,000), stdev = 0,354
  CI (99.9%): [55,000, 55,000] (assumes normal distribution)

Secondary result "org.apache.jmeter.protocol.http.sampler.HeaderCaptureBenchmark.capture:process.cpu":
  864,170 ±(99.9%) 15,880 ns/op [Average]
  (min, avg, max) = (851,910, 864,170, 876,628), stdev = 8,306
  CI (99.9%): [848,290, 880,051] (assumes normal distribution)


# JMH version: 1.37
# VM version: JDK 21.0.5, Java HotSpot(TM) 64-Bit Server VM, 21.0.5+9-LTS-239
# VM invoker: /Library/Java/JavaVirtualMachines/jdk-21.jdk/Contents/Home/bin/java
# VM options: -Djdk.net.hosts.file=/etc/hosts -Djdk.net.hosts.file=/etc/hosts
# Blackhole mode: compiler (auto-detected, use -Djmh.blackhole.autoDetect=false to disable)
# Warmup: 3 iterations, 500 ms each
# Measurement: 4 iterations, 500 ms each
# Timeout: 10 min per iteration
# Threads: 1 thread, will synchronize iterations
# Benchmark mode: Average time, time/op
# Benchmark: org.apache.jmeter.protocol.http.sampler.HeaderCaptureBenchmark.capture
# Parameters: (deferred = true, protocol = h2, readers = unread, totalBytes = 400)

# Run progress: 75,00% complete, ETA 00:02:43
# Fork: 1 of 2
# Warmup Iteration   1: 2026-09-12T07:27:28.138531Z org.apache.jmeter.protocol.http.sampler.HeaderCaptureBenchmark.capture-jmh-worker-1 ERROR Error processing element GuiLogEvent ([Appenders: null]): CLASS_NOT_FOUND
2026-09-12T07:27:28.166381Z org.apache.jmeter.protocol.http.sampler.HeaderCaptureBenchmark.capture-jmh-worker-1 ERROR Unable to locate appender "gui-log-event" for logger config "root"
96,132 ns/op
# Warmup Iteration   2: 75,843 ns/op
# Warmup Iteration   3: 75,910 ns/op
Iteration   1: 75,595 ns/op
                 gc.alloc.rate:      9080,596 MB/sec
                 gc.alloc.rate.norm: 720,001 B/op
                 gc.count:           9,000 counts
                 gc.time:            5,000 ms
                 process.cpu:        77,813 ns/op

Iteration   2: 74,947 ns/op
                 gc.alloc.rate:      9159,164 MB/sec
                 gc.alloc.rate.norm: 720,001 B/op
                 gc.count:           8,000 counts
                 gc.time:            4,000 ms
                 process.cpu:        77,044 ns/op

Iteration   3: 75,065 ns/op
                 gc.alloc.rate:      9144,828 MB/sec
                 gc.alloc.rate.norm: 720,001 B/op
                 gc.count:           8,000 counts
                 gc.time:            4,000 ms
                 process.cpu:        76,958 ns/op

Iteration   4: 75,589 ns/op
                 gc.alloc.rate:      9081,159 MB/sec
                 gc.alloc.rate.norm: 720,001 B/op
                 gc.count:           9,000 counts
                 gc.time:            5,000 ms
                 process.cpu:        78,717 ns/op


# Run progress: 75,60% complete, ETA 00:02:39
# Fork: 2 of 2
# Warmup Iteration   1: 2026-09-12T07:27:32.014342Z org.apache.jmeter.protocol.http.sampler.HeaderCaptureBenchmark.capture-jmh-worker-1 ERROR Error processing element GuiLogEvent ([Appenders: null]): CLASS_NOT_FOUND
2026-09-12T07:27:32.046097Z org.apache.jmeter.protocol.http.sampler.HeaderCaptureBenchmark.capture-jmh-worker-1 ERROR Unable to locate appender "gui-log-event" for logger config "root"
87,570 ns/op
# Warmup Iteration   2: 78,619 ns/op
# Warmup Iteration   3: 72,578 ns/op
Iteration   1: 70,905 ns/op
                 gc.alloc.rate:      9681,309 MB/sec
                 gc.alloc.rate.norm: 720,001 B/op
                 gc.count:           8,000 counts
                 gc.time:            3,000 ms
                 process.cpu:        72,552 ns/op

Iteration   2: 71,474 ns/op
                 gc.alloc.rate:      9604,202 MB/sec
                 gc.alloc.rate.norm: 720,001 B/op
                 gc.count:           9,000 counts
                 gc.time:            5,000 ms
                 process.cpu:        73,212 ns/op

Iteration   3: 71,517 ns/op
                 gc.alloc.rate:      9598,437 MB/sec
                 gc.alloc.rate.norm: 720,001 B/op
                 gc.count:           9,000 counts
                 gc.time:            5,000 ms
                 process.cpu:        73,506 ns/op

Iteration   4: 71,494 ns/op
                 gc.alloc.rate:      9601,817 MB/sec
                 gc.alloc.rate.norm: 720,001 B/op
                 gc.count:           9,000 counts
                 gc.time:            5,000 ms
                 process.cpu:        73,312 ns/op



Result "org.apache.jmeter.protocol.http.sampler.HeaderCaptureBenchmark.capture":
  73,323 ±(99.9%) 4,078 ns/op [Average]
  (min, avg, max) = (70,905, 73,323, 75,595), stdev = 2,133
  CI (99.9%): [69,246, 77,401] (assumes normal distribution)

Secondary result "org.apache.jmeter.protocol.http.sampler.HeaderCaptureBenchmark.capture:gc.alloc.rate":
  9368,939 ±(99.9%) 521,125 MB/sec [Average]
  (min, avg, max) = (9080,596, 9368,939, 9681,309), stdev = 272,558
  CI (99.9%): [8847,814, 9890,064] (assumes normal distribution)

Secondary result "org.apache.jmeter.protocol.http.sampler.HeaderCaptureBenchmark.capture:gc.alloc.rate.norm":
  720,001 ±(99.9%) 0,001 B/op [Average]
  (min, avg, max) = (720,001, 720,001, 720,001), stdev = 0,001
  CI (99.9%): [720,001, 720,001] (assumes normal distribution)

Secondary result "org.apache.jmeter.protocol.http.sampler.HeaderCaptureBenchmark.capture:gc.count":
  69,000 ±(99.9%) 0,001 counts [Sum]
  (min, avg, max) = (8,000, 8,625, 9,000), stdev = 0,518
  CI (99.9%): [69,000, 69,000] (assumes normal distribution)

Secondary result "org.apache.jmeter.protocol.http.sampler.HeaderCaptureBenchmark.capture:gc.time":
  36,000 ±(99.9%) 0,001 ms [Sum]
  (min, avg, max) = (3,000, 4,500, 5,000), stdev = 0,756
  CI (99.9%): [36,000, 36,000] (assumes normal distribution)

Secondary result "org.apache.jmeter.protocol.http.sampler.HeaderCaptureBenchmark.capture:process.cpu":
  75,389 ±(99.9%) 4,728 ns/op [Average]
  (min, avg, max) = (72,552, 75,389, 78,717), stdev = 2,473
  CI (99.9%): [70,662, 80,117] (assumes normal distribution)


# JMH version: 1.37
# VM version: JDK 21.0.5, Java HotSpot(TM) 64-Bit Server VM, 21.0.5+9-LTS-239
# VM invoker: /Library/Java/JavaVirtualMachines/jdk-21.jdk/Contents/Home/bin/java
# VM options: -Djdk.net.hosts.file=/etc/hosts -Djdk.net.hosts.file=/etc/hosts
# Blackhole mode: compiler (auto-detected, use -Djmh.blackhole.autoDetect=false to disable)
# Warmup: 3 iterations, 500 ms each
# Measurement: 4 iterations, 500 ms each
# Timeout: 10 min per iteration
# Threads: 1 thread, will synchronize iterations
# Benchmark mode: Average time, time/op
# Benchmark: org.apache.jmeter.protocol.http.sampler.HeaderCaptureBenchmark.capture
# Parameters: (deferred = true, protocol = h2, readers = unread, totalBytes = 1600)

# Run progress: 76,19% complete, ETA 00:02:35
# Fork: 1 of 2
# Warmup Iteration   1: 2026-09-12T07:27:35.894821Z org.apache.jmeter.protocol.http.sampler.HeaderCaptureBenchmark.capture-jmh-worker-1 ERROR Error processing element GuiLogEvent ([Appenders: null]): CLASS_NOT_FOUND
2026-09-12T07:27:35.923253Z org.apache.jmeter.protocol.http.sampler.HeaderCaptureBenchmark.capture-jmh-worker-1 ERROR Unable to locate appender "gui-log-event" for logger config "root"
179,104 ns/op
# Warmup Iteration   2: 149,108 ns/op
# Warmup Iteration   3: 150,167 ns/op
Iteration   1: 148,169 ns/op
                 gc.alloc.rate:      6485,891 MB/sec
                 gc.alloc.rate.norm: 1008,002 B/op
                 gc.count:           7,000 counts
                 gc.time:            4,000 ms
                 process.cpu:        150,737 ns/op

Iteration   2: 147,212 ns/op
                 gc.alloc.rate:      6528,241 MB/sec
                 gc.alloc.rate.norm: 1008,002 B/op
                 gc.count:           7,000 counts
                 gc.time:            3,000 ms
                 process.cpu:        149,540 ns/op

Iteration   3: 146,664 ns/op
                 gc.alloc.rate:      6552,437 MB/sec
                 gc.alloc.rate.norm: 1008,002 B/op
                 gc.count:           8,000 counts
                 gc.time:            4,000 ms
                 process.cpu:        152,043 ns/op

Iteration   4: 147,687 ns/op
                 gc.alloc.rate:      6507,072 MB/sec
                 gc.alloc.rate.norm: 1008,002 B/op
                 gc.count:           7,000 counts
                 gc.time:            4,000 ms
                 process.cpu:        149,928 ns/op


# Run progress: 76,79% complete, ETA 00:02:31
# Fork: 2 of 2
# Warmup Iteration   1: 2026-09-12T07:27:39.771490Z org.apache.jmeter.protocol.http.sampler.HeaderCaptureBenchmark.capture-jmh-worker-1 ERROR Error processing element GuiLogEvent ([Appenders: null]): CLASS_NOT_FOUND
2026-09-12T07:27:39.802609Z org.apache.jmeter.protocol.http.sampler.HeaderCaptureBenchmark.capture-jmh-worker-1 ERROR Unable to locate appender "gui-log-event" for logger config "root"
180,884 ns/op
# Warmup Iteration   2: 146,588 ns/op
# Warmup Iteration   3: 147,377 ns/op
Iteration   1: 145,334 ns/op
                 gc.alloc.rate:      6612,485 MB/sec
                 gc.alloc.rate.norm: 1008,002 B/op
                 gc.count:           7,000 counts
                 gc.time:            4,000 ms
                 process.cpu:        148,549 ns/op

Iteration   2: 146,957 ns/op
                 gc.alloc.rate:      6539,311 MB/sec
                 gc.alloc.rate.norm: 1008,002 B/op
                 gc.count:           8,000 counts
                 gc.time:            4,000 ms
                 process.cpu:        150,459 ns/op

Iteration   3: 146,969 ns/op
                 gc.alloc.rate:      6538,655 MB/sec
                 gc.alloc.rate.norm: 1008,002 B/op
                 gc.count:           7,000 counts
                 gc.time:            3,000 ms
                 process.cpu:        149,917 ns/op

Iteration   4: 145,540 ns/op
                 gc.alloc.rate:      6603,239 MB/sec
                 gc.alloc.rate.norm: 1008,002 B/op
                 gc.count:           8,000 counts
                 gc.time:            4,000 ms
                 process.cpu:        148,689 ns/op



Result "org.apache.jmeter.protocol.http.sampler.HeaderCaptureBenchmark.capture":
  146,816 ±(99.9%) 1,862 ns/op [Average]
  (min, avg, max) = (145,334, 146,816, 148,169), stdev = 0,974
  CI (99.9%): [144,955, 148,678] (assumes normal distribution)

Secondary result "org.apache.jmeter.protocol.http.sampler.HeaderCaptureBenchmark.capture:gc.alloc.rate":
  6545,916 ±(99.9%) 83,280 MB/sec [Average]
  (min, avg, max) = (6485,891, 6545,916, 6612,485), stdev = 43,557
  CI (99.9%): [6462,636, 6629,197] (assumes normal distribution)

Secondary result "org.apache.jmeter.protocol.http.sampler.HeaderCaptureBenchmark.capture:gc.alloc.rate.norm":
  1008,002 ±(99.9%) 0,001 B/op [Average]
  (min, avg, max) = (1008,002, 1008,002, 1008,002), stdev = 0,001
  CI (99.9%): [1008,002, 1008,002] (assumes normal distribution)

Secondary result "org.apache.jmeter.protocol.http.sampler.HeaderCaptureBenchmark.capture:gc.count":
  59,000 ±(99.9%) 0,001 counts [Sum]
  (min, avg, max) = (7,000, 7,375, 8,000), stdev = 0,518
  CI (99.9%): [59,000, 59,000] (assumes normal distribution)

Secondary result "org.apache.jmeter.protocol.http.sampler.HeaderCaptureBenchmark.capture:gc.time":
  30,000 ±(99.9%) 0,001 ms [Sum]
  (min, avg, max) = (3,000, 3,750, 4,000), stdev = 0,463
  CI (99.9%): [30,000, 30,000] (assumes normal distribution)

Secondary result "org.apache.jmeter.protocol.http.sampler.HeaderCaptureBenchmark.capture:process.cpu":
  149,983 ±(99.9%) 2,165 ns/op [Average]
  (min, avg, max) = (148,549, 149,983, 152,043), stdev = 1,132
  CI (99.9%): [147,818, 152,148] (assumes normal distribution)


# JMH version: 1.37
# VM version: JDK 21.0.5, Java HotSpot(TM) 64-Bit Server VM, 21.0.5+9-LTS-239
# VM invoker: /Library/Java/JavaVirtualMachines/jdk-21.jdk/Contents/Home/bin/java
# VM options: -Djdk.net.hosts.file=/etc/hosts -Djdk.net.hosts.file=/etc/hosts
# Blackhole mode: compiler (auto-detected, use -Djmh.blackhole.autoDetect=false to disable)
# Warmup: 3 iterations, 500 ms each
# Measurement: 4 iterations, 500 ms each
# Timeout: 10 min per iteration
# Threads: 1 thread, will synchronize iterations
# Benchmark mode: Average time, time/op
# Benchmark: org.apache.jmeter.protocol.http.sampler.HeaderCaptureBenchmark.capture
# Parameters: (deferred = true, protocol = h2, readers = unread, totalBytes = 8192)

# Run progress: 77,38% complete, ETA 00:02:27
# Fork: 1 of 2
# Warmup Iteration   1: 2026-09-12T07:27:43.650804Z org.apache.jmeter.protocol.http.sampler.HeaderCaptureBenchmark.capture-jmh-worker-1 ERROR Error processing element GuiLogEvent ([Appenders: null]): CLASS_NOT_FOUND
2026-09-12T07:27:43.679199Z org.apache.jmeter.protocol.http.sampler.HeaderCaptureBenchmark.capture-jmh-worker-1 ERROR Unable to locate appender "gui-log-event" for logger config "root"
173,868 ns/op
# Warmup Iteration   2: 220,355 ns/op
# Warmup Iteration   3: 213,896 ns/op
Iteration   1: 214,803 ns/op
                 gc.alloc.rate:      4473,911 MB/sec
                 gc.alloc.rate.norm: 1008,003 B/op
                 gc.count:           5,000 counts
                 gc.time:            3,000 ms
                 process.cpu:        217,742 ns/op

Iteration   2: 213,864 ns/op
                 gc.alloc.rate:      4493,808 MB/sec
                 gc.alloc.rate.norm: 1008,003 B/op
                 gc.count:           6,000 counts
                 gc.time:            3,000 ms
                 process.cpu:        217,380 ns/op

Iteration   3: 213,763 ns/op
                 gc.alloc.rate:      4495,857 MB/sec
                 gc.alloc.rate.norm: 1008,003 B/op
                 gc.count:           5,000 counts
                 gc.time:            2,000 ms
                 process.cpu:        216,789 ns/op

Iteration   4: 214,616 ns/op
                 gc.alloc.rate:      4477,697 MB/sec
                 gc.alloc.rate.norm: 1008,003 B/op
                 gc.count:           5,000 counts
                 gc.time:            3,000 ms
                 process.cpu:        217,931 ns/op


# Run progress: 77,98% complete, ETA 00:02:23
# Fork: 2 of 2
# Warmup Iteration   1: 2026-09-12T07:27:47.500209Z org.apache.jmeter.protocol.http.sampler.HeaderCaptureBenchmark.capture-jmh-worker-1 ERROR Error processing element GuiLogEvent ([Appenders: null]): CLASS_NOT_FOUND
2026-09-12T07:27:47.528379Z org.apache.jmeter.protocol.http.sampler.HeaderCaptureBenchmark.capture-jmh-worker-1 ERROR Unable to locate appender "gui-log-event" for logger config "root"
177,325 ns/op
# Warmup Iteration   2: 149,422 ns/op
# Warmup Iteration   3: 150,561 ns/op
Iteration   1: 148,904 ns/op
                 gc.alloc.rate:      6453,990 MB/sec
                 gc.alloc.rate.norm: 1008,002 B/op
                 gc.count:           7,000 counts
                 gc.time:            3,000 ms
                 process.cpu:        152,131 ns/op

Iteration   2: 150,146 ns/op
                 gc.alloc.rate:      6400,800 MB/sec
                 gc.alloc.rate.norm: 1008,002 B/op
                 gc.count:           7,000 counts
                 gc.time:            4,000 ms
                 process.cpu:        152,460 ns/op

Iteration   3: 149,074 ns/op
                 gc.alloc.rate:      6446,854 MB/sec
                 gc.alloc.rate.norm: 1008,002 B/op
                 gc.count:           8,000 counts
                 gc.time:            4,000 ms
                 process.cpu:        152,427 ns/op

Iteration   4: 149,689 ns/op
                 gc.alloc.rate:      6420,276 MB/sec
                 gc.alloc.rate.norm: 1008,002 B/op
                 gc.count:           7,000 counts
                 gc.time:            4,000 ms
                 process.cpu:        152,656 ns/op



Result "org.apache.jmeter.protocol.http.sampler.HeaderCaptureBenchmark.capture":
  181,857 ±(99.9%) 66,241 ns/op [Average]
  (min, avg, max) = (148,904, 181,857, 214,803), stdev = 34,645
  CI (99.9%): [115,617, 248,098] (assumes normal distribution)

Secondary result "org.apache.jmeter.protocol.http.sampler.HeaderCaptureBenchmark.capture:gc.alloc.rate":
  5457,899 ±(99.9%) 1988,229 MB/sec [Average]
  (min, avg, max) = (4473,911, 5457,899, 6453,990), stdev = 1039,882
  CI (99.9%): [3469,670, 7446,128] (assumes normal distribution)

Secondary result "org.apache.jmeter.protocol.http.sampler.HeaderCaptureBenchmark.capture:gc.alloc.rate.norm":
  1008,003 ±(99.9%) 0,001 B/op [Average]
  (min, avg, max) = (1008,002, 1008,003, 1008,003), stdev = 0,001
  CI (99.9%): [1008,002, 1008,004] (assumes normal distribution)

Secondary result "org.apache.jmeter.protocol.http.sampler.HeaderCaptureBenchmark.capture:gc.count":
  50,000 ±(99.9%) 0,001 counts [Sum]
  (min, avg, max) = (5,000, 6,250, 8,000), stdev = 1,165
  CI (99.9%): [50,000, 50,000] (assumes normal distribution)

Secondary result "org.apache.jmeter.protocol.http.sampler.HeaderCaptureBenchmark.capture:gc.time":
  26,000 ±(99.9%) 0,001 ms [Sum]
  (min, avg, max) = (2,000, 3,250, 4,000), stdev = 0,707
  CI (99.9%): [26,000, 26,000] (assumes normal distribution)

Secondary result "org.apache.jmeter.protocol.http.sampler.HeaderCaptureBenchmark.capture:process.cpu":
  184,940 ±(99.9%) 66,476 ns/op [Average]
  (min, avg, max) = (152,131, 184,940, 217,931), stdev = 34,768
  CI (99.9%): [118,464, 251,415] (assumes normal distribution)


# JMH version: 1.37
# VM version: JDK 21.0.5, Java HotSpot(TM) 64-Bit Server VM, 21.0.5+9-LTS-239
# VM invoker: /Library/Java/JavaVirtualMachines/jdk-21.jdk/Contents/Home/bin/java
# VM options: -Djdk.net.hosts.file=/etc/hosts -Djdk.net.hosts.file=/etc/hosts
# Blackhole mode: compiler (auto-detected, use -Djmh.blackhole.autoDetect=false to disable)
# Warmup: 3 iterations, 500 ms each
# Measurement: 4 iterations, 500 ms each
# Timeout: 10 min per iteration
# Threads: 1 thread, will synchronize iterations
# Benchmark mode: Average time, time/op
# Benchmark: org.apache.jmeter.protocol.http.sampler.HeaderCaptureBenchmark.capture
# Parameters: (deferred = true, protocol = h2, readers = request, totalBytes = 400)

# Run progress: 78,57% complete, ETA 00:02:19
# Fork: 1 of 2
# Warmup Iteration   1: 2026-09-12T07:27:51.360655Z org.apache.jmeter.protocol.http.sampler.HeaderCaptureBenchmark.capture-jmh-worker-1 ERROR Error processing element GuiLogEvent ([Appenders: null]): CLASS_NOT_FOUND
2026-09-12T07:27:51.389497Z org.apache.jmeter.protocol.http.sampler.HeaderCaptureBenchmark.capture-jmh-worker-1 ERROR Unable to locate appender "gui-log-event" for logger config "root"
136,292 ns/op
# Warmup Iteration   2: 111,732 ns/op
# Warmup Iteration   3: 107,680 ns/op
Iteration   1: 107,321 ns/op
                 gc.alloc.rate:      8954,506 MB/sec
                 gc.alloc.rate.norm: 1008,002 B/op
                 gc.count:           8,000 counts
                 gc.time:            4,000 ms
                 process.cpu:        109,905 ns/op

Iteration   2: 106,672 ns/op
                 gc.alloc.rate:      9009,080 MB/sec
                 gc.alloc.rate.norm: 1008,002 B/op
                 gc.count:           9,000 counts
                 gc.time:            5,000 ms
                 process.cpu:        109,385 ns/op

Iteration   3: 106,573 ns/op
                 gc.alloc.rate:      9017,652 MB/sec
                 gc.alloc.rate.norm: 1008,002 B/op
                 gc.count:           8,000 counts
                 gc.time:            4,000 ms
                 process.cpu:        109,661 ns/op

Iteration   4: 107,598 ns/op
                 gc.alloc.rate:      8931,495 MB/sec
                 gc.alloc.rate.norm: 1008,002 B/op
                 gc.count:           8,000 counts
                 gc.time:            4,000 ms
                 process.cpu:        110,475 ns/op


# Run progress: 79,17% complete, ETA 00:02:16
# Fork: 2 of 2
# Warmup Iteration   1: 2026-09-12T07:27:55.226801Z org.apache.jmeter.protocol.http.sampler.HeaderCaptureBenchmark.capture-jmh-worker-1 ERROR Error processing element GuiLogEvent ([Appenders: null]): CLASS_NOT_FOUND
2026-09-12T07:27:55.254958Z org.apache.jmeter.protocol.http.sampler.HeaderCaptureBenchmark.capture-jmh-worker-1 ERROR Unable to locate appender "gui-log-event" for logger config "root"
143,808 ns/op
# Warmup Iteration   2: 113,350 ns/op
# Warmup Iteration   3: 109,149 ns/op
Iteration   1: 109,606 ns/op
                 gc.alloc.rate:      8767,870 MB/sec
                 gc.alloc.rate.norm: 1008,002 B/op
                 gc.count:           8,000 counts
                 gc.time:            4,000 ms
                 process.cpu:        112,490 ns/op

Iteration   2: 109,175 ns/op
                 gc.alloc.rate:      8802,761 MB/sec
                 gc.alloc.rate.norm: 1008,002 B/op
                 gc.count:           8,000 counts
                 gc.time:            5,000 ms
                 process.cpu:        112,330 ns/op

Iteration   3: 109,433 ns/op
                 gc.alloc.rate:      8781,632 MB/sec
                 gc.alloc.rate.norm: 1008,002 B/op
                 gc.count:           8,000 counts
                 gc.time:            4,000 ms
                 process.cpu:        113,480 ns/op

Iteration   4: 109,067 ns/op
                 gc.alloc.rate:      8811,416 MB/sec
                 gc.alloc.rate.norm: 1008,002 B/op
                 gc.count:           8,000 counts
                 gc.time:            4,000 ms
                 process.cpu:        111,676 ns/op



Result "org.apache.jmeter.protocol.http.sampler.HeaderCaptureBenchmark.capture":
  108,181 ±(99.9%) 2,430 ns/op [Average]
  (min, avg, max) = (106,573, 108,181, 109,606), stdev = 1,271
  CI (99.9%): [105,750, 110,611] (assumes normal distribution)

Secondary result "org.apache.jmeter.protocol.http.sampler.HeaderCaptureBenchmark.capture:gc.alloc.rate":
  8884,552 ±(99.9%) 199,964 MB/sec [Average]
  (min, avg, max) = (8767,870, 8884,552, 9017,652), stdev = 104,585
  CI (99.9%): [8684,588, 9084,515] (assumes normal distribution)

Secondary result "org.apache.jmeter.protocol.http.sampler.HeaderCaptureBenchmark.capture:gc.alloc.rate.norm":
  1008,002 ±(99.9%) 0,001 B/op [Average]
  (min, avg, max) = (1008,002, 1008,002, 1008,002), stdev = 0,001
  CI (99.9%): [1008,002, 1008,002] (assumes normal distribution)

Secondary result "org.apache.jmeter.protocol.http.sampler.HeaderCaptureBenchmark.capture:gc.count":
  65,000 ±(99.9%) 0,001 counts [Sum]
  (min, avg, max) = (8,000, 8,125, 9,000), stdev = 0,354
  CI (99.9%): [65,000, 65,000] (assumes normal distribution)

Secondary result "org.apache.jmeter.protocol.http.sampler.HeaderCaptureBenchmark.capture:gc.time":
  34,000 ±(99.9%) 0,001 ms [Sum]
  (min, avg, max) = (4,000, 4,250, 5,000), stdev = 0,463
  CI (99.9%): [34,000, 34,000] (assumes normal distribution)

Secondary result "org.apache.jmeter.protocol.http.sampler.HeaderCaptureBenchmark.capture:process.cpu":
  111,175 ±(99.9%) 2,911 ns/op [Average]
  (min, avg, max) = (109,385, 111,175, 113,480), stdev = 1,523
  CI (99.9%): [108,264, 114,086] (assumes normal distribution)


# JMH version: 1.37
# VM version: JDK 21.0.5, Java HotSpot(TM) 64-Bit Server VM, 21.0.5+9-LTS-239
# VM invoker: /Library/Java/JavaVirtualMachines/jdk-21.jdk/Contents/Home/bin/java
# VM options: -Djdk.net.hosts.file=/etc/hosts -Djdk.net.hosts.file=/etc/hosts
# Blackhole mode: compiler (auto-detected, use -Djmh.blackhole.autoDetect=false to disable)
# Warmup: 3 iterations, 500 ms each
# Measurement: 4 iterations, 500 ms each
# Timeout: 10 min per iteration
# Threads: 1 thread, will synchronize iterations
# Benchmark mode: Average time, time/op
# Benchmark: org.apache.jmeter.protocol.http.sampler.HeaderCaptureBenchmark.capture
# Parameters: (deferred = true, protocol = h2, readers = request, totalBytes = 1600)

# Run progress: 79,76% complete, ETA 00:02:12
# Fork: 1 of 2
# Warmup Iteration   1: 2026-09-12T07:27:59.092933Z org.apache.jmeter.protocol.http.sampler.HeaderCaptureBenchmark.capture-jmh-worker-1 ERROR Error processing element GuiLogEvent ([Appenders: null]): CLASS_NOT_FOUND
2026-09-12T07:27:59.123552Z org.apache.jmeter.protocol.http.sampler.HeaderCaptureBenchmark.capture-jmh-worker-1 ERROR Unable to locate appender "gui-log-event" for logger config "root"
374,043 ns/op
# Warmup Iteration   2: 300,647 ns/op
# Warmup Iteration   3: 299,891 ns/op
Iteration   1: 298,168 ns/op
                 gc.alloc.rate:      6036,650 MB/sec
                 gc.alloc.rate.norm: 1888,004 B/op
                 gc.count:           7,000 counts
                 gc.time:            3,000 ms
                 process.cpu:        304,193 ns/op

Iteration   2: 298,759 ns/op
                 gc.alloc.rate:      6024,902 MB/sec
                 gc.alloc.rate.norm: 1888,004 B/op
                 gc.count:           7,000 counts
                 gc.time:            4,000 ms
                 process.cpu:        304,190 ns/op

Iteration   3: 298,006 ns/op
                 gc.alloc.rate:      6040,306 MB/sec
                 gc.alloc.rate.norm: 1888,004 B/op
                 gc.count:           6,000 counts
                 gc.time:            3,000 ms
                 process.cpu:        307,655 ns/op

Iteration   4: 301,058 ns/op
                 gc.alloc.rate:      5978,990 MB/sec
                 gc.alloc.rate.norm: 1888,004 B/op
                 gc.count:           7,000 counts
                 gc.time:            3,000 ms
                 process.cpu:        307,299 ns/op


# Run progress: 80,36% complete, ETA 00:02:08
# Fork: 2 of 2
# Warmup Iteration   1: 2026-09-12T07:28:02.951883Z org.apache.jmeter.protocol.http.sampler.HeaderCaptureBenchmark.capture-jmh-worker-1 ERROR Error processing element GuiLogEvent ([Appenders: null]): CLASS_NOT_FOUND
2026-09-12T07:28:02.981928Z org.apache.jmeter.protocol.http.sampler.HeaderCaptureBenchmark.capture-jmh-worker-1 ERROR Unable to locate appender "gui-log-event" for logger config "root"
368,556 ns/op
# Warmup Iteration   2: 317,547 ns/op
# Warmup Iteration   3: 301,445 ns/op
Iteration   1: 298,643 ns/op
                 gc.alloc.rate:      6026,549 MB/sec
                 gc.alloc.rate.norm: 1888,004 B/op
                 gc.count:           7,000 counts
                 gc.time:            3,000 ms
                 process.cpu:        305,205 ns/op

Iteration   2: 302,518 ns/op
                 gc.alloc.rate:      5950,021 MB/sec
                 gc.alloc.rate.norm: 1888,004 B/op
                 gc.count:           6,000 counts
                 gc.time:            3,000 ms
                 process.cpu:        306,376 ns/op

Iteration   3: 302,216 ns/op
                 gc.alloc.rate:      5955,788 MB/sec
                 gc.alloc.rate.norm: 1888,004 B/op
                 gc.count:           7,000 counts
                 gc.time:            4,000 ms
                 process.cpu:        308,031 ns/op

Iteration   4: 298,235 ns/op
                 gc.alloc.rate:      6035,288 MB/sec
                 gc.alloc.rate.norm: 1888,004 B/op
                 gc.count:           7,000 counts
                 gc.time:            3,000 ms
                 process.cpu:        305,527 ns/op



Result "org.apache.jmeter.protocol.http.sampler.HeaderCaptureBenchmark.capture":
  299,700 ±(99.9%) 3,648 ns/op [Average]
  (min, avg, max) = (298,006, 299,700, 302,518), stdev = 1,908
  CI (99.9%): [296,053, 303,348] (assumes normal distribution)

Secondary result "org.apache.jmeter.protocol.http.sampler.HeaderCaptureBenchmark.capture:gc.alloc.rate":
  6006,062 ±(99.9%) 72,763 MB/sec [Average]
  (min, avg, max) = (5950,021, 6006,062, 6040,306), stdev = 38,056
  CI (99.9%): [5933,299, 6078,824] (assumes normal distribution)

Secondary result "org.apache.jmeter.protocol.http.sampler.HeaderCaptureBenchmark.capture:gc.alloc.rate.norm":
  1888,004 ±(99.9%) 0,001 B/op [Average]
  (min, avg, max) = (1888,004, 1888,004, 1888,004), stdev = 0,001
  CI (99.9%): [1888,004, 1888,004] (assumes normal distribution)

Secondary result "org.apache.jmeter.protocol.http.sampler.HeaderCaptureBenchmark.capture:gc.count":
  54,000 ±(99.9%) 0,001 counts [Sum]
  (min, avg, max) = (6,000, 6,750, 7,000), stdev = 0,463
  CI (99.9%): [54,000, 54,000] (assumes normal distribution)

Secondary result "org.apache.jmeter.protocol.http.sampler.HeaderCaptureBenchmark.capture:gc.time":
  26,000 ±(99.9%) 0,001 ms [Sum]
  (min, avg, max) = (3,000, 3,250, 4,000), stdev = 0,463
  CI (99.9%): [26,000, 26,000] (assumes normal distribution)

Secondary result "org.apache.jmeter.protocol.http.sampler.HeaderCaptureBenchmark.capture:process.cpu":
  306,060 ±(99.9%) 2,896 ns/op [Average]
  (min, avg, max) = (304,190, 306,060, 308,031), stdev = 1,515
  CI (99.9%): [303,163, 308,956] (assumes normal distribution)


# JMH version: 1.37
# VM version: JDK 21.0.5, Java HotSpot(TM) 64-Bit Server VM, 21.0.5+9-LTS-239
# VM invoker: /Library/Java/JavaVirtualMachines/jdk-21.jdk/Contents/Home/bin/java
# VM options: -Djdk.net.hosts.file=/etc/hosts -Djdk.net.hosts.file=/etc/hosts
# Blackhole mode: compiler (auto-detected, use -Djmh.blackhole.autoDetect=false to disable)
# Warmup: 3 iterations, 500 ms each
# Measurement: 4 iterations, 500 ms each
# Timeout: 10 min per iteration
# Threads: 1 thread, will synchronize iterations
# Benchmark mode: Average time, time/op
# Benchmark: org.apache.jmeter.protocol.http.sampler.HeaderCaptureBenchmark.capture
# Parameters: (deferred = true, protocol = h2, readers = request, totalBytes = 8192)

# Run progress: 80,95% complete, ETA 00:02:04
# Fork: 1 of 2
# Warmup Iteration   1: 2026-09-12T07:28:06.823717Z org.apache.jmeter.protocol.http.sampler.HeaderCaptureBenchmark.capture-jmh-worker-1 ERROR Error processing element GuiLogEvent ([Appenders: null]): CLASS_NOT_FOUND
2026-09-12T07:28:06.853473Z org.apache.jmeter.protocol.http.sampler.HeaderCaptureBenchmark.capture-jmh-worker-1 ERROR Unable to locate appender "gui-log-event" for logger config "root"
486,926 ns/op
# Warmup Iteration   2: 399,409 ns/op
# Warmup Iteration   3: 388,673 ns/op
Iteration   1: 384,745 ns/op
                 gc.alloc.rate:      12845,739 MB/sec
                 gc.alloc.rate.norm: 5184,006 B/op
                 gc.count:           10,000 counts
                 gc.time:            5,000 ms
                 process.cpu:        397,810 ns/op

Iteration   2: 379,470 ns/op
                 gc.alloc.rate:      13024,645 MB/sec
                 gc.alloc.rate.norm: 5184,005 B/op
                 gc.count:           10,000 counts
                 gc.time:            6,000 ms
                 process.cpu:        393,113 ns/op

Iteration   3: 377,987 ns/op
                 gc.alloc.rate:      13075,271 MB/sec
                 gc.alloc.rate.norm: 5184,005 B/op
                 gc.count:           10,000 counts
                 gc.time:            5,000 ms
                 process.cpu:        392,406 ns/op

Iteration   4: 404,705 ns/op
                 gc.alloc.rate:      12211,152 MB/sec
                 gc.alloc.rate.norm: 5184,006 B/op
                 gc.count:           9,000 counts
                 gc.time:            4,000 ms
                 process.cpu:        424,455 ns/op


# Run progress: 81,55% complete, ETA 00:02:00
# Fork: 2 of 2
# Warmup Iteration   1: 2026-09-12T07:28:10.713969Z org.apache.jmeter.protocol.http.sampler.HeaderCaptureBenchmark.capture-jmh-worker-1 ERROR Error processing element GuiLogEvent ([Appenders: null]): CLASS_NOT_FOUND
2026-09-12T07:28:10.742608Z org.apache.jmeter.protocol.http.sampler.HeaderCaptureBenchmark.capture-jmh-worker-1 ERROR Unable to locate appender "gui-log-event" for logger config "root"
517,495 ns/op
# Warmup Iteration   2: 412,629 ns/op
# Warmup Iteration   3: 394,536 ns/op
Iteration   1: 389,323 ns/op
                 gc.alloc.rate:      12694,562 MB/sec
                 gc.alloc.rate.norm: 5184,006 B/op
                 gc.count:           9,000 counts
                 gc.time:            5,000 ms
                 process.cpu:        401,116 ns/op

Iteration   2: 395,856 ns/op
                 gc.alloc.rate:      12485,138 MB/sec
                 gc.alloc.rate.norm: 5184,006 B/op
                 gc.count:           10,000 counts
                 gc.time:            5,000 ms
                 process.cpu:        407,963 ns/op

Iteration   3: 387,750 ns/op
                 gc.alloc.rate:      12746,790 MB/sec
                 gc.alloc.rate.norm: 5184,006 B/op
                 gc.count:           9,000 counts
                 gc.time:            5,000 ms
                 process.cpu:        398,909 ns/op

Iteration   4: 387,859 ns/op
                 gc.alloc.rate:      12742,885 MB/sec
                 gc.alloc.rate.norm: 5184,006 B/op
                 gc.count:           9,000 counts
                 gc.time:            5,000 ms
                 process.cpu:        405,908 ns/op



Result "org.apache.jmeter.protocol.http.sampler.HeaderCaptureBenchmark.capture":
  388,462 ±(99.9%) 16,551 ns/op [Average]
  (min, avg, max) = (377,987, 388,462, 404,705), stdev = 8,656
  CI (99.9%): [371,912, 405,013] (assumes normal distribution)

Secondary result "org.apache.jmeter.protocol.http.sampler.HeaderCaptureBenchmark.capture:gc.alloc.rate":
  12728,273 ±(99.9%) 536,066 MB/sec [Average]
  (min, avg, max) = (12211,152, 12728,273, 13075,271), stdev = 280,373
  CI (99.9%): [12192,206, 13264,339] (assumes normal distribution)

Secondary result "org.apache.jmeter.protocol.http.sampler.HeaderCaptureBenchmark.capture:gc.alloc.rate.norm":
  5184,006 ±(99.9%) 0,001 B/op [Average]
  (min, avg, max) = (5184,005, 5184,006, 5184,006), stdev = 0,001
  CI (99.9%): [5184,005, 5184,006] (assumes normal distribution)

Secondary result "org.apache.jmeter.protocol.http.sampler.HeaderCaptureBenchmark.capture:gc.count":
  76,000 ±(99.9%) 0,001 counts [Sum]
  (min, avg, max) = (9,000, 9,500, 10,000), stdev = 0,535
  CI (99.9%): [76,000, 76,000] (assumes normal distribution)

Secondary result "org.apache.jmeter.protocol.http.sampler.HeaderCaptureBenchmark.capture:gc.time":
  40,000 ±(99.9%) 0,001 ms [Sum]
  (min, avg, max) = (4,000, 5,000, 6,000), stdev = 0,535
  CI (99.9%): [40,000, 40,000] (assumes normal distribution)

Secondary result "org.apache.jmeter.protocol.http.sampler.HeaderCaptureBenchmark.capture:process.cpu":
  402,710 ±(99.9%) 19,790 ns/op [Average]
  (min, avg, max) = (392,406, 402,710, 424,455), stdev = 10,350
  CI (99.9%): [382,920, 422,500] (assumes normal distribution)


# JMH version: 1.37
# VM version: JDK 21.0.5, Java HotSpot(TM) 64-Bit Server VM, 21.0.5+9-LTS-239
# VM invoker: /Library/Java/JavaVirtualMachines/jdk-21.jdk/Contents/Home/bin/java
# VM options: -Djdk.net.hosts.file=/etc/hosts -Djdk.net.hosts.file=/etc/hosts
# Blackhole mode: compiler (auto-detected, use -Djmh.blackhole.autoDetect=false to disable)
# Warmup: 3 iterations, 500 ms each
# Measurement: 4 iterations, 500 ms each
# Timeout: 10 min per iteration
# Threads: 1 thread, will synchronize iterations
# Benchmark mode: Average time, time/op
# Benchmark: org.apache.jmeter.protocol.http.sampler.HeaderCaptureBenchmark.capture
# Parameters: (deferred = true, protocol = h2, readers = response, totalBytes = 400)

# Run progress: 82,14% complete, ETA 00:01:56
# Fork: 1 of 2
# Warmup Iteration   1: 2026-09-12T07:28:14.615065Z org.apache.jmeter.protocol.http.sampler.HeaderCaptureBenchmark.capture-jmh-worker-1 ERROR Error processing element GuiLogEvent ([Appenders: null]): CLASS_NOT_FOUND
2026-09-12T07:28:14.642908Z org.apache.jmeter.protocol.http.sampler.HeaderCaptureBenchmark.capture-jmh-worker-1 ERROR Unable to locate appender "gui-log-event" for logger config "root"
152,414 ns/op
# Warmup Iteration   2: 115,187 ns/op
# Warmup Iteration   3: 114,106 ns/op
Iteration   1: 113,301 ns/op
                 gc.alloc.rate:      10097,842 MB/sec
                 gc.alloc.rate.norm: 1200,002 B/op
                 gc.count:           10,000 counts
                 gc.time:            5,000 ms
                 process.cpu:        116,957 ns/op

Iteration   2: 113,394 ns/op
                 gc.alloc.rate:      10089,151 MB/sec
                 gc.alloc.rate.norm: 1200,002 B/op
                 gc.count:           9,000 counts
                 gc.time:            4,000 ms
                 process.cpu:        116,562 ns/op

Iteration   3: 113,305 ns/op
                 gc.alloc.rate:      10097,023 MB/sec
                 gc.alloc.rate.norm: 1200,002 B/op
                 gc.count:           9,000 counts
                 gc.time:            5,000 ms
                 process.cpu:        116,800 ns/op

Iteration   4: 113,201 ns/op
                 gc.alloc.rate:      10106,858 MB/sec
                 gc.alloc.rate.norm: 1200,002 B/op
                 gc.count:           9,000 counts
                 gc.time:            5,000 ms
                 process.cpu:        116,019 ns/op


# Run progress: 82,74% complete, ETA 00:01:52
# Fork: 2 of 2
# Warmup Iteration   1: 2026-09-12T07:28:18.479713Z org.apache.jmeter.protocol.http.sampler.HeaderCaptureBenchmark.capture-jmh-worker-1 ERROR Error processing element GuiLogEvent ([Appenders: null]): CLASS_NOT_FOUND
2026-09-12T07:28:18.511212Z org.apache.jmeter.protocol.http.sampler.HeaderCaptureBenchmark.capture-jmh-worker-1 ERROR Unable to locate appender "gui-log-event" for logger config "root"
158,835 ns/op
# Warmup Iteration   2: 120,769 ns/op
# Warmup Iteration   3: 133,347 ns/op
Iteration   1: 112,450 ns/op
                 gc.alloc.rate:      10174,006 MB/sec
                 gc.alloc.rate.norm: 1200,002 B/op
                 gc.count:           8,000 counts
                 gc.time:            4,000 ms
                 process.cpu:        115,135 ns/op

Iteration   2: 112,403 ns/op
                 gc.alloc.rate:      10178,096 MB/sec
                 gc.alloc.rate.norm: 1200,002 B/op
                 gc.count:           7,000 counts
                 gc.time:            4,000 ms
                 process.cpu:        114,543 ns/op

Iteration   3: 115,339 ns/op
                 gc.alloc.rate:      9918,105 MB/sec
                 gc.alloc.rate.norm: 1200,002 B/op
                 gc.count:           8,000 counts
                 gc.time:            4,000 ms
                 process.cpu:        117,142 ns/op

Iteration   4: 112,221 ns/op
                 gc.alloc.rate:      10193,620 MB/sec
                 gc.alloc.rate.norm: 1200,002 B/op
                 gc.count:           7,000 counts
                 gc.time:            4,000 ms
                 process.cpu:        114,856 ns/op



Result "org.apache.jmeter.protocol.http.sampler.HeaderCaptureBenchmark.capture":
  113,202 ±(99.9%) 1,883 ns/op [Average]
  (min, avg, max) = (112,221, 113,202, 115,339), stdev = 0,985
  CI (99.9%): [111,319, 115,084] (assumes normal distribution)

Secondary result "org.apache.jmeter.protocol.http.sampler.HeaderCaptureBenchmark.capture:gc.alloc.rate":
  10106,838 ±(99.9%) 166,730 MB/sec [Average]
  (min, avg, max) = (9918,105, 10106,838, 10193,620), stdev = 87,203
  CI (99.9%): [9940,107, 10273,568] (assumes normal distribution)

Secondary result "org.apache.jmeter.protocol.http.sampler.HeaderCaptureBenchmark.capture:gc.alloc.rate.norm":
  1200,002 ±(99.9%) 0,001 B/op [Average]
  (min, avg, max) = (1200,002, 1200,002, 1200,002), stdev = 0,001
  CI (99.9%): [1200,002, 1200,002] (assumes normal distribution)

Secondary result "org.apache.jmeter.protocol.http.sampler.HeaderCaptureBenchmark.capture:gc.count":
  67,000 ±(99.9%) 0,001 counts [Sum]
  (min, avg, max) = (7,000, 8,375, 10,000), stdev = 1,061
  CI (99.9%): [67,000, 67,000] (assumes normal distribution)

Secondary result "org.apache.jmeter.protocol.http.sampler.HeaderCaptureBenchmark.capture:gc.time":
  35,000 ±(99.9%) 0,001 ms [Sum]
  (min, avg, max) = (4,000, 4,375, 5,000), stdev = 0,518
  CI (99.9%): [35,000, 35,000] (assumes normal distribution)

Secondary result "org.apache.jmeter.protocol.http.sampler.HeaderCaptureBenchmark.capture:process.cpu":
  116,002 ±(99.9%) 1,960 ns/op [Average]
  (min, avg, max) = (114,543, 116,002, 117,142), stdev = 1,025
  CI (99.9%): [114,042, 117,961] (assumes normal distribution)


# JMH version: 1.37
# VM version: JDK 21.0.5, Java HotSpot(TM) 64-Bit Server VM, 21.0.5+9-LTS-239
# VM invoker: /Library/Java/JavaVirtualMachines/jdk-21.jdk/Contents/Home/bin/java
# VM options: -Djdk.net.hosts.file=/etc/hosts -Djdk.net.hosts.file=/etc/hosts
# Blackhole mode: compiler (auto-detected, use -Djmh.blackhole.autoDetect=false to disable)
# Warmup: 3 iterations, 500 ms each
# Measurement: 4 iterations, 500 ms each
# Timeout: 10 min per iteration
# Threads: 1 thread, will synchronize iterations
# Benchmark mode: Average time, time/op
# Benchmark: org.apache.jmeter.protocol.http.sampler.HeaderCaptureBenchmark.capture
# Parameters: (deferred = true, protocol = h2, readers = response, totalBytes = 1600)

# Run progress: 83,33% complete, ETA 00:01:48
# Fork: 1 of 2
# Warmup Iteration   1: 2026-09-12T07:28:22.371239Z org.apache.jmeter.protocol.http.sampler.HeaderCaptureBenchmark.capture-jmh-worker-1 ERROR Error processing element GuiLogEvent ([Appenders: null]): CLASS_NOT_FOUND
2026-09-12T07:28:22.399643Z org.apache.jmeter.protocol.http.sampler.HeaderCaptureBenchmark.capture-jmh-worker-1 ERROR Unable to locate appender "gui-log-event" for logger config "root"
387,873 ns/op
# Warmup Iteration   2: 324,642 ns/op
# Warmup Iteration   3: 321,954 ns/op
Iteration   1: 317,994 ns/op
                 gc.alloc.rate:      8058,888 MB/sec
                 gc.alloc.rate.norm: 2688,005 B/op
                 gc.count:           7,000 counts
                 gc.time:            4,000 ms
                 process.cpu:        322,957 ns/op

Iteration   2: 320,355 ns/op
                 gc.alloc.rate:      7998,272 MB/sec
                 gc.alloc.rate.norm: 2688,005 B/op
                 gc.count:           7,000 counts
                 gc.time:            3,000 ms
                 process.cpu:        325,615 ns/op

Iteration   3: 309,655 ns/op
                 gc.alloc.rate:      8275,739 MB/sec
                 gc.alloc.rate.norm: 2688,004 B/op
                 gc.count:           8,000 counts
                 gc.time:            4,000 ms
                 process.cpu:        318,856 ns/op

Iteration   4: 324,540 ns/op
                 gc.alloc.rate:      7895,942 MB/sec
                 gc.alloc.rate.norm: 2688,005 B/op
                 gc.count:           7,000 counts
                 gc.time:            4,000 ms
                 process.cpu:        324,358 ns/op


# Run progress: 83,93% complete, ETA 00:01:44
# Fork: 2 of 2
# Warmup Iteration   1: 2026-09-12T07:28:26.328861Z org.apache.jmeter.protocol.http.sampler.HeaderCaptureBenchmark.capture-jmh-worker-1 ERROR Error processing element GuiLogEvent ([Appenders: null]): CLASS_NOT_FOUND
2026-09-12T07:28:26.359180Z org.apache.jmeter.protocol.http.sampler.HeaderCaptureBenchmark.capture-jmh-worker-1 ERROR Unable to locate appender "gui-log-event" for logger config "root"
410,301 ns/op
# Warmup Iteration   2: 307,429 ns/op
# Warmup Iteration   3: 308,547 ns/op
Iteration   1: 308,511 ns/op
                 gc.alloc.rate:      8306,645 MB/sec
                 gc.alloc.rate.norm: 2688,004 B/op
                 gc.count:           9,000 counts
                 gc.time:            5,000 ms
                 process.cpu:        316,595 ns/op

Iteration   2: 307,899 ns/op
                 gc.alloc.rate:      8323,241 MB/sec
                 gc.alloc.rate.norm: 2688,004 B/op
                 gc.count:           10,000 counts
                 gc.time:            5,000 ms
                 process.cpu:        316,920 ns/op

Iteration   3: 307,607 ns/op
                 gc.alloc.rate:      8330,411 MB/sec
                 gc.alloc.rate.norm: 2688,004 B/op
                 gc.count:           9,000 counts
                 gc.time:            5,000 ms
                 process.cpu:        315,609 ns/op

Iteration   4: 309,466 ns/op
                 gc.alloc.rate:      8281,025 MB/sec
                 gc.alloc.rate.norm: 2688,004 B/op
                 gc.count:           9,000 counts
                 gc.time:            4,000 ms
                 process.cpu:        318,457 ns/op



Result "org.apache.jmeter.protocol.http.sampler.HeaderCaptureBenchmark.capture":
  313,253 ±(99.9%) 12,737 ns/op [Average]
  (min, avg, max) = (307,607, 313,253, 324,540), stdev = 6,661
  CI (99.9%): [300,517, 325,990] (assumes normal distribution)

Secondary result "org.apache.jmeter.protocol.http.sampler.HeaderCaptureBenchmark.capture:gc.alloc.rate":
  8183,770 ±(99.9%) 328,648 MB/sec [Average]
  (min, avg, max) = (7895,942, 8183,770, 8330,411), stdev = 171,889
  CI (99.9%): [7855,123, 8512,418] (assumes normal distribution)

Secondary result "org.apache.jmeter.protocol.http.sampler.HeaderCaptureBenchmark.capture:gc.alloc.rate.norm":
  2688,004 ±(99.9%) 0,001 B/op [Average]
  (min, avg, max) = (2688,004, 2688,004, 2688,005), stdev = 0,001
  CI (99.9%): [2688,004, 2688,005] (assumes normal distribution)

Secondary result "org.apache.jmeter.protocol.http.sampler.HeaderCaptureBenchmark.capture:gc.count":
  66,000 ±(99.9%) 0,001 counts [Sum]
  (min, avg, max) = (7,000, 8,250, 10,000), stdev = 1,165
  CI (99.9%): [66,000, 66,000] (assumes normal distribution)

Secondary result "org.apache.jmeter.protocol.http.sampler.HeaderCaptureBenchmark.capture:gc.time":
  34,000 ±(99.9%) 0,001 ms [Sum]
  (min, avg, max) = (3,000, 4,250, 5,000), stdev = 0,707
  CI (99.9%): [34,000, 34,000] (assumes normal distribution)

Secondary result "org.apache.jmeter.protocol.http.sampler.HeaderCaptureBenchmark.capture:process.cpu":
  319,921 ±(99.9%) 7,344 ns/op [Average]
  (min, avg, max) = (315,609, 319,921, 325,615), stdev = 3,841
  CI (99.9%): [312,577, 327,265] (assumes normal distribution)


# JMH version: 1.37
# VM version: JDK 21.0.5, Java HotSpot(TM) 64-Bit Server VM, 21.0.5+9-LTS-239
# VM invoker: /Library/Java/JavaVirtualMachines/jdk-21.jdk/Contents/Home/bin/java
# VM options: -Djdk.net.hosts.file=/etc/hosts -Djdk.net.hosts.file=/etc/hosts
# Blackhole mode: compiler (auto-detected, use -Djmh.blackhole.autoDetect=false to disable)
# Warmup: 3 iterations, 500 ms each
# Measurement: 4 iterations, 500 ms each
# Timeout: 10 min per iteration
# Threads: 1 thread, will synchronize iterations
# Benchmark mode: Average time, time/op
# Benchmark: org.apache.jmeter.protocol.http.sampler.HeaderCaptureBenchmark.capture
# Parameters: (deferred = true, protocol = h2, readers = response, totalBytes = 8192)

# Run progress: 84,52% complete, ETA 00:01:41
# Fork: 1 of 2
# Warmup Iteration   1: 2026-09-12T07:28:30.207576Z org.apache.jmeter.protocol.http.sampler.HeaderCaptureBenchmark.capture-jmh-worker-1 ERROR Error processing element GuiLogEvent ([Appenders: null]): CLASS_NOT_FOUND
2026-09-12T07:28:30.239562Z org.apache.jmeter.protocol.http.sampler.HeaderCaptureBenchmark.capture-jmh-worker-1 ERROR Unable to locate appender "gui-log-event" for logger config "root"
585,659 ns/op
# Warmup Iteration   2: 543,232 ns/op
# Warmup Iteration   3: 481,915 ns/op
Iteration   1: 472,652 ns/op
                 gc.alloc.rate:      18718,895 MB/sec
                 gc.alloc.rate.norm: 9280,007 B/op
                 gc.count:           11,000 counts
                 gc.time:            6,000 ms
                 process.cpu:        495,944 ns/op

Iteration   2: 467,426 ns/op
                 gc.alloc.rate:      18928,671 MB/sec
                 gc.alloc.rate.norm: 9280,007 B/op
                 gc.count:           11,000 counts
                 gc.time:            6,000 ms
                 process.cpu:        488,428 ns/op

Iteration   3: 466,498 ns/op
                 gc.alloc.rate:      18965,740 MB/sec
                 gc.alloc.rate.norm: 9280,007 B/op
                 gc.count:           11,000 counts
                 gc.time:            6,000 ms
                 process.cpu:        486,420 ns/op

Iteration   4: 468,989 ns/op
                 gc.alloc.rate:      18865,481 MB/sec
                 gc.alloc.rate.norm: 9280,007 B/op
                 gc.count:           11,000 counts
                 gc.time:            7,000 ms
                 process.cpu:        488,529 ns/op


# Run progress: 85,12% complete, ETA 00:01:37
# Fork: 2 of 2
# Warmup Iteration   1: 2026-09-12T07:28:34.111233Z org.apache.jmeter.protocol.http.sampler.HeaderCaptureBenchmark.capture-jmh-worker-1 ERROR Error processing element GuiLogEvent ([Appenders: null]): CLASS_NOT_FOUND
2026-09-12T07:28:34.142485Z org.apache.jmeter.protocol.http.sampler.HeaderCaptureBenchmark.capture-jmh-worker-1 ERROR Unable to locate appender "gui-log-event" for logger config "root"
612,254 ns/op
# Warmup Iteration   2: 500,053 ns/op
# Warmup Iteration   3: 466,927 ns/op
Iteration   1: 470,081 ns/op
                 gc.alloc.rate:      18818,646 MB/sec
                 gc.alloc.rate.norm: 9280,007 B/op
                 gc.count:           12,000 counts
                 gc.time:            7,000 ms
                 process.cpu:        491,054 ns/op

Iteration   2: 503,141 ns/op
                 gc.alloc.rate:      17580,462 MB/sec
                 gc.alloc.rate.norm: 9280,007 B/op
                 gc.count:           11,000 counts
                 gc.time:            6,000 ms
                 process.cpu:        525,332 ns/op

Iteration   3: 466,575 ns/op
                 gc.alloc.rate:      18961,180 MB/sec
                 gc.alloc.rate.norm: 9280,007 B/op
                 gc.count:           12,000 counts
                 gc.time:            7,000 ms
                 process.cpu:        496,047 ns/op

Iteration   4: 467,979 ns/op
                 gc.alloc.rate:      18904,435 MB/sec
                 gc.alloc.rate.norm: 9280,007 B/op
                 gc.count:           12,000 counts
                 gc.time:            7,000 ms
                 process.cpu:        487,804 ns/op



Result "org.apache.jmeter.protocol.http.sampler.HeaderCaptureBenchmark.capture":
  472,918 ±(99.9%) 23,672 ns/op [Average]
  (min, avg, max) = (466,498, 472,918, 503,141), stdev = 12,381
  CI (99.9%): [449,246, 496,590] (assumes normal distribution)

Secondary result "org.apache.jmeter.protocol.http.sampler.HeaderCaptureBenchmark.capture:gc.alloc.rate":
  18717,939 ±(99.9%) 892,572 MB/sec [Average]
  (min, avg, max) = (17580,462, 18717,939, 18965,740), stdev = 466,832
  CI (99.9%): [17825,367, 19610,510] (assumes normal distribution)

Secondary result "org.apache.jmeter.protocol.http.sampler.HeaderCaptureBenchmark.capture:gc.alloc.rate.norm":
  9280,007 ±(99.9%) 0,001 B/op [Average]
  (min, avg, max) = (9280,007, 9280,007, 9280,007), stdev = 0,001
  CI (99.9%): [9280,006, 9280,007] (assumes normal distribution)

Secondary result "org.apache.jmeter.protocol.http.sampler.HeaderCaptureBenchmark.capture:gc.count":
  91,000 ±(99.9%) 0,001 counts [Sum]
  (min, avg, max) = (11,000, 11,375, 12,000), stdev = 0,518
  CI (99.9%): [91,000, 91,000] (assumes normal distribution)

Secondary result "org.apache.jmeter.protocol.http.sampler.HeaderCaptureBenchmark.capture:gc.time":
  52,000 ±(99.9%) 0,001 ms [Sum]
  (min, avg, max) = (6,000, 6,500, 7,000), stdev = 0,535
  CI (99.9%): [52,000, 52,000] (assumes normal distribution)

Secondary result "org.apache.jmeter.protocol.http.sampler.HeaderCaptureBenchmark.capture:process.cpu":
  494,945 ±(99.9%) 24,486 ns/op [Average]
  (min, avg, max) = (486,420, 494,945, 525,332), stdev = 12,807
  CI (99.9%): [470,459, 519,431] (assumes normal distribution)


# JMH version: 1.37
# VM version: JDK 21.0.5, Java HotSpot(TM) 64-Bit Server VM, 21.0.5+9-LTS-239
# VM invoker: /Library/Java/JavaVirtualMachines/jdk-21.jdk/Contents/Home/bin/java
# VM options: -Djdk.net.hosts.file=/etc/hosts -Djdk.net.hosts.file=/etc/hosts
# Blackhole mode: compiler (auto-detected, use -Djmh.blackhole.autoDetect=false to disable)
# Warmup: 3 iterations, 500 ms each
# Measurement: 4 iterations, 500 ms each
# Timeout: 10 min per iteration
# Threads: 1 thread, will synchronize iterations
# Benchmark mode: Average time, time/op
# Benchmark: org.apache.jmeter.protocol.http.sampler.HeaderCaptureBenchmark.capture
# Parameters: (deferred = true, protocol = h2, readers = both25, totalBytes = 400)

# Run progress: 85,71% complete, ETA 00:01:33
# Fork: 1 of 2
# Warmup Iteration   1: 2026-09-12T07:28:38.004767Z org.apache.jmeter.protocol.http.sampler.HeaderCaptureBenchmark.capture-jmh-worker-1 ERROR Error processing element GuiLogEvent ([Appenders: null]): CLASS_NOT_FOUND
2026-09-12T07:28:38.035372Z org.apache.jmeter.protocol.http.sampler.HeaderCaptureBenchmark.capture-jmh-worker-1 ERROR Unable to locate appender "gui-log-event" for logger config "root"
132,799 ns/op
# Warmup Iteration   2: 102,861 ns/op
# Warmup Iteration   3: 102,331 ns/op
Iteration   1: 98,376 ns/op
                 gc.alloc.rate:      8837,403 MB/sec
                 gc.alloc.rate.norm: 912,001 B/op
                 gc.count:           8,000 counts
                 gc.time:            4,000 ms
                 process.cpu:        100,437 ns/op

Iteration   2: 96,974 ns/op
                 gc.alloc.rate:      8965,946 MB/sec
                 gc.alloc.rate.norm: 912,001 B/op
                 gc.count:           8,000 counts
                 gc.time:            4,000 ms
                 process.cpu:        99,808 ns/op

Iteration   3: 97,872 ns/op
                 gc.alloc.rate:      8883,911 MB/sec
                 gc.alloc.rate.norm: 912,001 B/op
                 gc.count:           8,000 counts
                 gc.time:            4,000 ms
                 process.cpu:        100,385 ns/op

Iteration   4: 99,603 ns/op
                 gc.alloc.rate:      8729,276 MB/sec
                 gc.alloc.rate.norm: 912,001 B/op
                 gc.count:           8,000 counts
                 gc.time:            4,000 ms
                 process.cpu:        101,657 ns/op


# Run progress: 86,31% complete, ETA 00:01:29
# Fork: 2 of 2
# Warmup Iteration   1: 2026-09-12T07:28:41.881623Z org.apache.jmeter.protocol.http.sampler.HeaderCaptureBenchmark.capture-jmh-worker-1 ERROR Error processing element GuiLogEvent ([Appenders: null]): CLASS_NOT_FOUND
2026-09-12T07:28:41.912513Z org.apache.jmeter.protocol.http.sampler.HeaderCaptureBenchmark.capture-jmh-worker-1 ERROR Unable to locate appender "gui-log-event" for logger config "root"
116,100 ns/op
# Warmup Iteration   2: 97,930 ns/op
# Warmup Iteration   3: 94,415 ns/op
Iteration   1: 95,977 ns/op
                 gc.alloc.rate:      9058,972 MB/sec
                 gc.alloc.rate.norm: 912,001 B/op
                 gc.count:           8,000 counts
                 gc.time:            4,000 ms
                 process.cpu:        97,469 ns/op

Iteration   2: 94,745 ns/op
                 gc.alloc.rate:      9176,393 MB/sec
                 gc.alloc.rate.norm: 912,001 B/op
                 gc.count:           9,000 counts
                 gc.time:            5,000 ms
                 process.cpu:        97,153 ns/op

Iteration   3: 94,936 ns/op
                 gc.alloc.rate:      9158,828 MB/sec
                 gc.alloc.rate.norm: 912,001 B/op
                 gc.count:           8,000 counts
                 gc.time:            4,000 ms
                 process.cpu:        96,940 ns/op

Iteration   4: 95,932 ns/op
                 gc.alloc.rate:      9062,878 MB/sec
                 gc.alloc.rate.norm: 912,001 B/op
                 gc.count:           9,000 counts
                 gc.time:            5,000 ms
                 process.cpu:        97,733 ns/op



Result "org.apache.jmeter.protocol.http.sampler.HeaderCaptureBenchmark.capture":
  96,802 ±(99.9%) 3,284 ns/op [Average]
  (min, avg, max) = (94,745, 96,802, 99,603), stdev = 1,717
  CI (99.9%): [93,518, 100,085] (assumes normal distribution)

Secondary result "org.apache.jmeter.protocol.http.sampler.HeaderCaptureBenchmark.capture:gc.alloc.rate":
  8984,201 ±(99.9%) 303,294 MB/sec [Average]
  (min, avg, max) = (8729,276, 8984,201, 9176,393), stdev = 158,628
  CI (99.9%): [8680,907, 9287,494] (assumes normal distribution)

Secondary result "org.apache.jmeter.protocol.http.sampler.HeaderCaptureBenchmark.capture:gc.alloc.rate.norm":
  912,001 ±(99.9%) 0,001 B/op [Average]
  (min, avg, max) = (912,001, 912,001, 912,001), stdev = 0,001
  CI (99.9%): [912,001, 912,001] (assumes normal distribution)

Secondary result "org.apache.jmeter.protocol.http.sampler.HeaderCaptureBenchmark.capture:gc.count":
  66,000 ±(99.9%) 0,001 counts [Sum]
  (min, avg, max) = (8,000, 8,250, 9,000), stdev = 0,463
  CI (99.9%): [66,000, 66,000] (assumes normal distribution)

Secondary result "org.apache.jmeter.protocol.http.sampler.HeaderCaptureBenchmark.capture:gc.time":
  34,000 ±(99.9%) 0,001 ms [Sum]
  (min, avg, max) = (4,000, 4,250, 5,000), stdev = 0,463
  CI (99.9%): [34,000, 34,000] (assumes normal distribution)

Secondary result "org.apache.jmeter.protocol.http.sampler.HeaderCaptureBenchmark.capture:process.cpu":
  98,948 ±(99.9%) 3,487 ns/op [Average]
  (min, avg, max) = (96,940, 98,948, 101,657), stdev = 1,824
  CI (99.9%): [95,461, 102,434] (assumes normal distribution)


# JMH version: 1.37
# VM version: JDK 21.0.5, Java HotSpot(TM) 64-Bit Server VM, 21.0.5+9-LTS-239
# VM invoker: /Library/Java/JavaVirtualMachines/jdk-21.jdk/Contents/Home/bin/java
# VM options: -Djdk.net.hosts.file=/etc/hosts -Djdk.net.hosts.file=/etc/hosts
# Blackhole mode: compiler (auto-detected, use -Djmh.blackhole.autoDetect=false to disable)
# Warmup: 3 iterations, 500 ms each
# Measurement: 4 iterations, 500 ms each
# Timeout: 10 min per iteration
# Threads: 1 thread, will synchronize iterations
# Benchmark mode: Average time, time/op
# Benchmark: org.apache.jmeter.protocol.http.sampler.HeaderCaptureBenchmark.capture
# Parameters: (deferred = true, protocol = h2, readers = both25, totalBytes = 1600)

# Run progress: 86,90% complete, ETA 00:01:25
# Fork: 1 of 2
# Warmup Iteration   1: 2026-09-12T07:28:45.784977Z org.apache.jmeter.protocol.http.sampler.HeaderCaptureBenchmark.capture-jmh-worker-1 ERROR Error processing element GuiLogEvent ([Appenders: null]): CLASS_NOT_FOUND
2026-09-12T07:28:45.825759Z org.apache.jmeter.protocol.http.sampler.HeaderCaptureBenchmark.capture-jmh-worker-1 ERROR Unable to locate appender "gui-log-event" for logger config "root"
276,525 ns/op
# Warmup Iteration   2: 229,126 ns/op
# Warmup Iteration   3: 232,829 ns/op
Iteration   1: 229,814 ns/op
                 gc.alloc.rate:      6836,951 MB/sec
                 gc.alloc.rate.norm: 1648,002 B/op
                 gc.count:           8,000 counts
                 gc.time:            4,000 ms
                 process.cpu:        235,206 ns/op

Iteration   2: 234,254 ns/op
                 gc.alloc.rate:      6706,968 MB/sec
                 gc.alloc.rate.norm: 1648,005 B/op
                 gc.count:           7,000 counts
                 gc.time:            3,000 ms
                 process.cpu:        237,425 ns/op

Iteration   3: 229,076 ns/op
                 gc.alloc.rate:      6858,902 MB/sec
                 gc.alloc.rate.norm: 1648,003 B/op
                 gc.count:           8,000 counts
                 gc.time:            4,000 ms
                 process.cpu:        234,651 ns/op

Iteration   4: 229,969 ns/op
                 gc.alloc.rate:      6832,341 MB/sec
                 gc.alloc.rate.norm: 1648,003 B/op
                 gc.count:           8,000 counts
                 gc.time:            5,000 ms
                 process.cpu:        236,046 ns/op


# Run progress: 87,50% complete, ETA 00:01:21
# Fork: 2 of 2
# Warmup Iteration   1: 2026-09-12T07:28:49.670791Z org.apache.jmeter.protocol.http.sampler.HeaderCaptureBenchmark.capture-jmh-worker-1 ERROR Error processing element GuiLogEvent ([Appenders: null]): CLASS_NOT_FOUND
2026-09-12T07:28:49.699020Z org.apache.jmeter.protocol.http.sampler.HeaderCaptureBenchmark.capture-jmh-worker-1 ERROR Unable to locate appender "gui-log-event" for logger config "root"
287,079 ns/op
# Warmup Iteration   2: 234,037 ns/op
# Warmup Iteration   3: 232,931 ns/op
Iteration   1: 232,098 ns/op
                 gc.alloc.rate:      6769,397 MB/sec
                 gc.alloc.rate.norm: 1648,005 B/op
                 gc.count:           7,000 counts
                 gc.time:            3,000 ms
                 process.cpu:        236,077 ns/op

Iteration   2: 233,083 ns/op
                 gc.alloc.rate:      6740,967 MB/sec
                 gc.alloc.rate.norm: 1648,002 B/op
                 gc.count:           8,000 counts
                 gc.time:            5,000 ms
                 process.cpu:        238,942 ns/op

Iteration   3: 234,214 ns/op
                 gc.alloc.rate:      6708,567 MB/sec
                 gc.alloc.rate.norm: 1648,004 B/op
                 gc.count:           7,000 counts
                 gc.time:            3,000 ms
                 process.cpu:        239,181 ns/op

Iteration   4: 232,692 ns/op
                 gc.alloc.rate:      6752,309 MB/sec
                 gc.alloc.rate.norm: 1648,003 B/op
                 gc.count:           8,000 counts
                 gc.time:            4,000 ms
                 process.cpu:        238,131 ns/op



Result "org.apache.jmeter.protocol.http.sampler.HeaderCaptureBenchmark.capture":
  231,900 ±(99.9%) 3,892 ns/op [Average]
  (min, avg, max) = (229,076, 231,900, 234,254), stdev = 2,036
  CI (99.9%): [228,008, 235,792] (assumes normal distribution)

Secondary result "org.apache.jmeter.protocol.http.sampler.HeaderCaptureBenchmark.capture:gc.alloc.rate":
  6775,800 ±(99.9%) 114,049 MB/sec [Average]
  (min, avg, max) = (6706,968, 6775,800, 6858,902), stdev = 59,650
  CI (99.9%): [6661,752, 6889,849] (assumes normal distribution)

Secondary result "org.apache.jmeter.protocol.http.sampler.HeaderCaptureBenchmark.capture:gc.alloc.rate.norm":
  1648,003 ±(99.9%) 0,002 B/op [Average]
  (min, avg, max) = (1648,002, 1648,003, 1648,005), stdev = 0,001
  CI (99.9%): [1648,001, 1648,005] (assumes normal distribution)

Secondary result "org.apache.jmeter.protocol.http.sampler.HeaderCaptureBenchmark.capture:gc.count":
  61,000 ±(99.9%) 0,001 counts [Sum]
  (min, avg, max) = (7,000, 7,625, 8,000), stdev = 0,518
  CI (99.9%): [61,000, 61,000] (assumes normal distribution)

Secondary result "org.apache.jmeter.protocol.http.sampler.HeaderCaptureBenchmark.capture:gc.time":
  31,000 ±(99.9%) 0,001 ms [Sum]
  (min, avg, max) = (3,000, 3,875, 5,000), stdev = 0,835
  CI (99.9%): [31,000, 31,000] (assumes normal distribution)

Secondary result "org.apache.jmeter.protocol.http.sampler.HeaderCaptureBenchmark.capture:process.cpu":
  236,957 ±(99.9%) 3,269 ns/op [Average]
  (min, avg, max) = (234,651, 236,957, 239,181), stdev = 1,710
  CI (99.9%): [233,688, 240,227] (assumes normal distribution)


# JMH version: 1.37
# VM version: JDK 21.0.5, Java HotSpot(TM) 64-Bit Server VM, 21.0.5+9-LTS-239
# VM invoker: /Library/Java/JavaVirtualMachines/jdk-21.jdk/Contents/Home/bin/java
# VM options: -Djdk.net.hosts.file=/etc/hosts -Djdk.net.hosts.file=/etc/hosts
# Blackhole mode: compiler (auto-detected, use -Djmh.blackhole.autoDetect=false to disable)
# Warmup: 3 iterations, 500 ms each
# Measurement: 4 iterations, 500 ms each
# Timeout: 10 min per iteration
# Threads: 1 thread, will synchronize iterations
# Benchmark mode: Average time, time/op
# Benchmark: org.apache.jmeter.protocol.http.sampler.HeaderCaptureBenchmark.capture
# Parameters: (deferred = true, protocol = h2, readers = both25, totalBytes = 8192)

# Run progress: 88,10% complete, ETA 00:01:17
# Fork: 1 of 2
# Warmup Iteration   1: 2026-09-12T07:28:53.535245Z org.apache.jmeter.protocol.http.sampler.HeaderCaptureBenchmark.capture-jmh-worker-1 ERROR Error processing element GuiLogEvent ([Appenders: null]): CLASS_NOT_FOUND
2026-09-12T07:28:53.563831Z org.apache.jmeter.protocol.http.sampler.HeaderCaptureBenchmark.capture-jmh-worker-1 ERROR Unable to locate appender "gui-log-event" for logger config "root"
379,345 ns/op
# Warmup Iteration   2: 301,817 ns/op
# Warmup Iteration   3: 294,672 ns/op
Iteration   1: 292,258 ns/op
                 gc.alloc.rate:      13439,896 MB/sec
                 gc.alloc.rate.norm: 4119,997 B/op
                 gc.count:           11,000 counts
                 gc.time:            6,000 ms
                 process.cpu:        304,123 ns/op

Iteration   2: 295,137 ns/op
                 gc.alloc.rate:      13308,765 MB/sec
                 gc.alloc.rate.norm: 4120,010 B/op
                 gc.count:           10,000 counts
                 gc.time:            5,000 ms
                 process.cpu:        304,642 ns/op

Iteration   3: 292,118 ns/op
                 gc.alloc.rate:      13446,128 MB/sec
                 gc.alloc.rate.norm: 4120,002 B/op
                 gc.count:           10,000 counts
                 gc.time:            5,000 ms
                 process.cpu:        302,811 ns/op

Iteration   4: 293,168 ns/op
                 gc.alloc.rate:      13398,257 MB/sec
                 gc.alloc.rate.norm: 4120,002 B/op
                 gc.count:           10,000 counts
                 gc.time:            5,000 ms
                 process.cpu:        305,017 ns/op


# Run progress: 88,69% complete, ETA 00:01:13
# Fork: 2 of 2
# Warmup Iteration   1: 2026-09-12T07:28:57.399472Z org.apache.jmeter.protocol.http.sampler.HeaderCaptureBenchmark.capture-jmh-worker-1 ERROR Error processing element GuiLogEvent ([Appenders: null]): CLASS_NOT_FOUND
2026-09-12T07:28:57.429017Z org.apache.jmeter.protocol.http.sampler.HeaderCaptureBenchmark.capture-jmh-worker-1 ERROR Unable to locate appender "gui-log-event" for logger config "root"
379,316 ns/op
# Warmup Iteration   2: 311,274 ns/op
# Warmup Iteration   3: 302,705 ns/op
Iteration   1: 299,131 ns/op
                 gc.alloc.rate:      13130,596 MB/sec
                 gc.alloc.rate.norm: 4120,004 B/op
                 gc.count:           9,000 counts
                 gc.time:            4,000 ms
                 process.cpu:        307,217 ns/op

Iteration   2: 292,875 ns/op
                 gc.alloc.rate:      13412,064 MB/sec
                 gc.alloc.rate.norm: 4120,004 B/op
                 gc.count:           10,000 counts
                 gc.time:            6,000 ms
                 process.cpu:        303,177 ns/op

Iteration   3: 295,309 ns/op
                 gc.alloc.rate:      13300,839 MB/sec
                 gc.alloc.rate.norm: 4120,001 B/op
                 gc.count:           10,000 counts
                 gc.time:            5,000 ms
                 process.cpu:        310,854 ns/op

Iteration   4: 298,023 ns/op
                 gc.alloc.rate:      13176,844 MB/sec
                 gc.alloc.rate.norm: 4120,008 B/op
                 gc.count:           9,000 counts
                 gc.time:            5,000 ms
                 process.cpu:        307,136 ns/op



Result "org.apache.jmeter.protocol.http.sampler.HeaderCaptureBenchmark.capture":
  294,752 ±(99.9%) 5,086 ns/op [Average]
  (min, avg, max) = (292,118, 294,752, 299,131), stdev = 2,660
  CI (99.9%): [289,667, 299,838] (assumes normal distribution)

Secondary result "org.apache.jmeter.protocol.http.sampler.HeaderCaptureBenchmark.capture:gc.alloc.rate":
  13326,674 ±(99.9%) 230,105 MB/sec [Average]
  (min, avg, max) = (13130,596, 13326,674, 13446,128), stdev = 120,349
  CI (99.9%): [13096,569, 13556,779] (assumes normal distribution)

Secondary result "org.apache.jmeter.protocol.http.sampler.HeaderCaptureBenchmark.capture:gc.alloc.rate.norm":
  4120,004 ±(99.9%) 0,008 B/op [Average]
  (min, avg, max) = (4119,997, 4120,004, 4120,010), stdev = 0,004
  CI (99.9%): [4119,996, 4120,011] (assumes normal distribution)

Secondary result "org.apache.jmeter.protocol.http.sampler.HeaderCaptureBenchmark.capture:gc.count":
  79,000 ±(99.9%) 0,001 counts [Sum]
  (min, avg, max) = (9,000, 9,875, 11,000), stdev = 0,641
  CI (99.9%): [79,000, 79,000] (assumes normal distribution)

Secondary result "org.apache.jmeter.protocol.http.sampler.HeaderCaptureBenchmark.capture:gc.time":
  41,000 ±(99.9%) 0,001 ms [Sum]
  (min, avg, max) = (4,000, 5,125, 6,000), stdev = 0,641
  CI (99.9%): [41,000, 41,000] (assumes normal distribution)

Secondary result "org.apache.jmeter.protocol.http.sampler.HeaderCaptureBenchmark.capture:process.cpu":
  305,622 ±(99.9%) 5,093 ns/op [Average]
  (min, avg, max) = (302,811, 305,622, 310,854), stdev = 2,664
  CI (99.9%): [300,529, 310,715] (assumes normal distribution)


# JMH version: 1.37
# VM version: JDK 21.0.5, Java HotSpot(TM) 64-Bit Server VM, 21.0.5+9-LTS-239
# VM invoker: /Library/Java/JavaVirtualMachines/jdk-21.jdk/Contents/Home/bin/java
# VM options: -Djdk.net.hosts.file=/etc/hosts -Djdk.net.hosts.file=/etc/hosts
# Blackhole mode: compiler (auto-detected, use -Djmh.blackhole.autoDetect=false to disable)
# Warmup: 3 iterations, 500 ms each
# Measurement: 4 iterations, 500 ms each
# Timeout: 10 min per iteration
# Threads: 1 thread, will synchronize iterations
# Benchmark mode: Average time, time/op
# Benchmark: org.apache.jmeter.protocol.http.sampler.HeaderCaptureBenchmark.capture
# Parameters: (deferred = true, protocol = h2, readers = both50, totalBytes = 400)

# Run progress: 89,29% complete, ETA 00:01:09
# Fork: 1 of 2
# Warmup Iteration   1: 2026-09-12T07:29:01.279590Z org.apache.jmeter.protocol.http.sampler.HeaderCaptureBenchmark.capture-jmh-worker-1 ERROR Error processing element GuiLogEvent ([Appenders: null]): CLASS_NOT_FOUND
2026-09-12T07:29:01.307275Z org.apache.jmeter.protocol.http.sampler.HeaderCaptureBenchmark.capture-jmh-worker-1 ERROR Unable to locate appender "gui-log-event" for logger config "root"
155,093 ns/op
# Warmup Iteration   2: 120,502 ns/op
# Warmup Iteration   3: 115,821 ns/op
Iteration   1: 116,138 ns/op
                 gc.alloc.rate:      9062,858 MB/sec
                 gc.alloc.rate.norm: 1104,002 B/op
                 gc.count:           8,000 counts
                 gc.time:            5,000 ms
                 process.cpu:        119,063 ns/op

Iteration   2: 117,514 ns/op
                 gc.alloc.rate:      8956,141 MB/sec
                 gc.alloc.rate.norm: 1104,002 B/op
                 gc.count:           8,000 counts
                 gc.time:            4,000 ms
                 process.cpu:        119,626 ns/op

Iteration   3: 117,733 ns/op
                 gc.alloc.rate:      8939,569 MB/sec
                 gc.alloc.rate.norm: 1104,002 B/op
                 gc.count:           8,000 counts
                 gc.time:            4,000 ms
                 process.cpu:        120,250 ns/op

Iteration   4: 117,245 ns/op
                 gc.alloc.rate:      8976,583 MB/sec
                 gc.alloc.rate.norm: 1104,002 B/op
                 gc.count:           9,000 counts
                 gc.time:            5,000 ms
                 process.cpu:        122,828 ns/op


# Run progress: 89,88% complete, ETA 00:01:06
# Fork: 2 of 2
# Warmup Iteration   1: 2026-09-12T07:29:05.149164Z org.apache.jmeter.protocol.http.sampler.HeaderCaptureBenchmark.capture-jmh-worker-1 ERROR Error processing element GuiLogEvent ([Appenders: null]): CLASS_NOT_FOUND
2026-09-12T07:29:05.180535Z org.apache.jmeter.protocol.http.sampler.HeaderCaptureBenchmark.capture-jmh-worker-1 ERROR Unable to locate appender "gui-log-event" for logger config "root"
148,871 ns/op
# Warmup Iteration   2: 127,851 ns/op
# Warmup Iteration   3: 116,866 ns/op
Iteration   1: 118,617 ns/op
                 gc.alloc.rate:      8872,934 MB/sec
                 gc.alloc.rate.norm: 1104,002 B/op
                 gc.count:           9,000 counts
                 gc.time:            5,000 ms
                 process.cpu:        122,310 ns/op

Iteration   2: 116,544 ns/op
                 gc.alloc.rate:      9031,539 MB/sec
                 gc.alloc.rate.norm: 1104,002 B/op
                 gc.count:           8,000 counts
                 gc.time:            4,000 ms
                 process.cpu:        119,628 ns/op

Iteration   3: 117,300 ns/op
                 gc.alloc.rate:      8973,351 MB/sec
                 gc.alloc.rate.norm: 1104,002 B/op
                 gc.count:           8,000 counts
                 gc.time:            4,000 ms
                 process.cpu:        122,341 ns/op

Iteration   4: 117,637 ns/op
                 gc.alloc.rate:      8947,660 MB/sec
                 gc.alloc.rate.norm: 1104,002 B/op
                 gc.count:           8,000 counts
                 gc.time:            4,000 ms
                 process.cpu:        120,912 ns/op



Result "org.apache.jmeter.protocol.http.sampler.HeaderCaptureBenchmark.capture":
  117,341 ±(99.9%) 1,444 ns/op [Average]
  (min, avg, max) = (116,138, 117,341, 118,617), stdev = 0,755
  CI (99.9%): [115,897, 118,785] (assumes normal distribution)

Secondary result "org.apache.jmeter.protocol.http.sampler.HeaderCaptureBenchmark.capture:gc.alloc.rate":
  8970,080 ±(99.9%) 110,789 MB/sec [Average]
  (min, avg, max) = (8872,934, 8970,080, 9062,858), stdev = 57,945
  CI (99.9%): [8859,291, 9080,868] (assumes normal distribution)

Secondary result "org.apache.jmeter.protocol.http.sampler.HeaderCaptureBenchmark.capture:gc.alloc.rate.norm":
  1104,002 ±(99.9%) 0,001 B/op [Average]
  (min, avg, max) = (1104,002, 1104,002, 1104,002), stdev = 0,001
  CI (99.9%): [1104,001, 1104,002] (assumes normal distribution)

Secondary result "org.apache.jmeter.protocol.http.sampler.HeaderCaptureBenchmark.capture:gc.count":
  66,000 ±(99.9%) 0,001 counts [Sum]
  (min, avg, max) = (8,000, 8,250, 9,000), stdev = 0,463
  CI (99.9%): [66,000, 66,000] (assumes normal distribution)

Secondary result "org.apache.jmeter.protocol.http.sampler.HeaderCaptureBenchmark.capture:gc.time":
  35,000 ±(99.9%) 0,001 ms [Sum]
  (min, avg, max) = (4,000, 4,375, 5,000), stdev = 0,518
  CI (99.9%): [35,000, 35,000] (assumes normal distribution)

Secondary result "org.apache.jmeter.protocol.http.sampler.HeaderCaptureBenchmark.capture:process.cpu":
  120,870 ±(99.9%) 2,781 ns/op [Average]
  (min, avg, max) = (119,063, 120,870, 122,828), stdev = 1,455
  CI (99.9%): [118,089, 123,651] (assumes normal distribution)


# JMH version: 1.37
# VM version: JDK 21.0.5, Java HotSpot(TM) 64-Bit Server VM, 21.0.5+9-LTS-239
# VM invoker: /Library/Java/JavaVirtualMachines/jdk-21.jdk/Contents/Home/bin/java
# VM options: -Djdk.net.hosts.file=/etc/hosts -Djdk.net.hosts.file=/etc/hosts
# Blackhole mode: compiler (auto-detected, use -Djmh.blackhole.autoDetect=false to disable)
# Warmup: 3 iterations, 500 ms each
# Measurement: 4 iterations, 500 ms each
# Timeout: 10 min per iteration
# Threads: 1 thread, will synchronize iterations
# Benchmark mode: Average time, time/op
# Benchmark: org.apache.jmeter.protocol.http.sampler.HeaderCaptureBenchmark.capture
# Parameters: (deferred = true, protocol = h2, readers = both50, totalBytes = 1600)

# Run progress: 90,48% complete, ETA 00:01:02
# Fork: 1 of 2
# Warmup Iteration   1: 2026-09-12T07:29:09.036252Z org.apache.jmeter.protocol.http.sampler.HeaderCaptureBenchmark.capture-jmh-worker-1 ERROR Error processing element GuiLogEvent ([Appenders: null]): CLASS_NOT_FOUND
2026-09-12T07:29:09.065776Z org.apache.jmeter.protocol.http.sampler.HeaderCaptureBenchmark.capture-jmh-worker-1 ERROR Unable to locate appender "gui-log-event" for logger config "root"
381,966 ns/op
# Warmup Iteration   2: 325,732 ns/op
# Warmup Iteration   3: 322,089 ns/op
Iteration   1: 313,853 ns/op
                 gc.alloc.rate:      6948,559 MB/sec
                 gc.alloc.rate.norm: 2288,003 B/op
                 gc.count:           8,000 counts
                 gc.time:            4,000 ms
                 process.cpu:        322,594 ns/op

Iteration   2: 311,484 ns/op
                 gc.alloc.rate:      7003,506 MB/sec
                 gc.alloc.rate.norm: 2288,006 B/op
                 gc.count:           8,000 counts
                 gc.time:            4,000 ms
                 process.cpu:        318,427 ns/op

Iteration   3: 318,232 ns/op
                 gc.alloc.rate:      6853,156 MB/sec
                 gc.alloc.rate.norm: 2288,005 B/op
                 gc.count:           7,000 counts
                 gc.time:            3,000 ms
                 process.cpu:        322,922 ns/op

Iteration   4: 316,331 ns/op
                 gc.alloc.rate:      6895,837 MB/sec
                 gc.alloc.rate.norm: 2288,003 B/op
                 gc.count:           8,000 counts
                 gc.time:            4,000 ms
                 process.cpu:        322,884 ns/op


# Run progress: 91,07% complete, ETA 00:00:58
# Fork: 2 of 2
# Warmup Iteration   1: 2026-09-12T07:29:12.915664Z org.apache.jmeter.protocol.http.sampler.HeaderCaptureBenchmark.capture-jmh-worker-1 ERROR Error processing element GuiLogEvent ([Appenders: null]): CLASS_NOT_FOUND
2026-09-12T07:29:12.944504Z org.apache.jmeter.protocol.http.sampler.HeaderCaptureBenchmark.capture-jmh-worker-1 ERROR Unable to locate appender "gui-log-event" for logger config "root"
386,523 ns/op
# Warmup Iteration   2: 314,613 ns/op
# Warmup Iteration   3: 314,994 ns/op
Iteration   1: 314,143 ns/op
                 gc.alloc.rate:      6943,970 MB/sec
                 gc.alloc.rate.norm: 2288,008 B/op
                 gc.count:           8,000 counts
                 gc.time:            4,000 ms
                 process.cpu:        321,971 ns/op

Iteration   2: 311,976 ns/op
                 gc.alloc.rate:      6992,101 MB/sec
                 gc.alloc.rate.norm: 2288,003 B/op
                 gc.count:           8,000 counts
                 gc.time:            3,000 ms
                 process.cpu:        319,179 ns/op

Iteration   3: 327,465 ns/op
                 gc.alloc.rate:      6661,026 MB/sec
                 gc.alloc.rate.norm: 2288,004 B/op
                 gc.count:           7,000 counts
                 gc.time:            4,000 ms
                 process.cpu:        334,078 ns/op

Iteration   4: 310,524 ns/op
                 gc.alloc.rate:      7024,748 MB/sec
                 gc.alloc.rate.norm: 2288,006 B/op
                 gc.count:           8,000 counts
                 gc.time:            4,000 ms
                 process.cpu:        322,176 ns/op



Result "org.apache.jmeter.protocol.http.sampler.HeaderCaptureBenchmark.capture":
  315,501 ±(99.9%) 10,452 ns/op [Average]
  (min, avg, max) = (310,524, 315,501, 327,465), stdev = 5,467
  CI (99.9%): [305,049, 325,953] (assumes normal distribution)

Secondary result "org.apache.jmeter.protocol.http.sampler.HeaderCaptureBenchmark.capture:gc.alloc.rate":
  6915,363 ±(99.9%) 224,468 MB/sec [Average]
  (min, avg, max) = (6661,026, 6915,363, 7024,748), stdev = 117,401
  CI (99.9%): [6690,894, 7139,831] (assumes normal distribution)

Secondary result "org.apache.jmeter.protocol.http.sampler.HeaderCaptureBenchmark.capture:gc.alloc.rate.norm":
  2288,005 ±(99.9%) 0,003 B/op [Average]
  (min, avg, max) = (2288,003, 2288,005, 2288,008), stdev = 0,002
  CI (99.9%): [2288,001, 2288,008] (assumes normal distribution)

Secondary result "org.apache.jmeter.protocol.http.sampler.HeaderCaptureBenchmark.capture:gc.count":
  62,000 ±(99.9%) 0,001 counts [Sum]
  (min, avg, max) = (7,000, 7,750, 8,000), stdev = 0,463
  CI (99.9%): [62,000, 62,000] (assumes normal distribution)

Secondary result "org.apache.jmeter.protocol.http.sampler.HeaderCaptureBenchmark.capture:gc.time":
  30,000 ±(99.9%) 0,001 ms [Sum]
  (min, avg, max) = (3,000, 3,750, 4,000), stdev = 0,463
  CI (99.9%): [30,000, 30,000] (assumes normal distribution)

Secondary result "org.apache.jmeter.protocol.http.sampler.HeaderCaptureBenchmark.capture:process.cpu":
  323,029 ±(99.9%) 9,145 ns/op [Average]
  (min, avg, max) = (318,427, 323,029, 334,078), stdev = 4,783
  CI (99.9%): [313,884, 332,174] (assumes normal distribution)


# JMH version: 1.37
# VM version: JDK 21.0.5, Java HotSpot(TM) 64-Bit Server VM, 21.0.5+9-LTS-239
# VM invoker: /Library/Java/JavaVirtualMachines/jdk-21.jdk/Contents/Home/bin/java
# VM options: -Djdk.net.hosts.file=/etc/hosts -Djdk.net.hosts.file=/etc/hosts
# Blackhole mode: compiler (auto-detected, use -Djmh.blackhole.autoDetect=false to disable)
# Warmup: 3 iterations, 500 ms each
# Measurement: 4 iterations, 500 ms each
# Timeout: 10 min per iteration
# Threads: 1 thread, will synchronize iterations
# Benchmark mode: Average time, time/op
# Benchmark: org.apache.jmeter.protocol.http.sampler.HeaderCaptureBenchmark.capture
# Parameters: (deferred = true, protocol = h2, readers = both50, totalBytes = 8192)

# Run progress: 91,67% complete, ETA 00:00:54
# Fork: 1 of 2
# Warmup Iteration   1: 2026-09-12T07:29:16.797706Z org.apache.jmeter.protocol.http.sampler.HeaderCaptureBenchmark.capture-jmh-worker-1 ERROR Error processing element GuiLogEvent ([Appenders: null]): CLASS_NOT_FOUND
2026-09-12T07:29:16.827640Z org.apache.jmeter.protocol.http.sampler.HeaderCaptureBenchmark.capture-jmh-worker-1 ERROR Unable to locate appender "gui-log-event" for logger config "root"
608,531 ns/op
# Warmup Iteration   2: 446,224 ns/op
# Warmup Iteration   3: 444,272 ns/op
Iteration   1: 442,034 ns/op
                 gc.alloc.rate:      15597,194 MB/sec
                 gc.alloc.rate.norm: 7232,012 B/op
                 gc.count:           12,000 counts
                 gc.time:            6,000 ms
                 process.cpu:        451,253 ns/op

Iteration   2: 447,241 ns/op
                 gc.alloc.rate:      15414,399 MB/sec
                 gc.alloc.rate.norm: 7232,001 B/op
                 gc.count:           11,000 counts
                 gc.time:            6,000 ms
                 process.cpu:        453,621 ns/op

Iteration   3: 437,277 ns/op
                 gc.alloc.rate:      15763,893 MB/sec
                 gc.alloc.rate.norm: 7232,017 B/op
                 gc.count:           12,000 counts
                 gc.time:            6,000 ms
                 process.cpu:        451,247 ns/op

Iteration   4: 438,301 ns/op
                 gc.alloc.rate:      15730,434 MB/sec
                 gc.alloc.rate.norm: 7232,006 B/op
                 gc.count:           12,000 counts
                 gc.time:            6,000 ms
                 process.cpu:        454,871 ns/op


# Run progress: 92,26% complete, ETA 00:00:50
# Fork: 2 of 2
# Warmup Iteration   1: 2026-09-12T07:29:20.681611Z org.apache.jmeter.protocol.http.sampler.HeaderCaptureBenchmark.capture-jmh-worker-1 ERROR Error processing element GuiLogEvent ([Appenders: null]): CLASS_NOT_FOUND
2026-09-12T07:29:20.719220Z org.apache.jmeter.protocol.http.sampler.HeaderCaptureBenchmark.capture-jmh-worker-1 ERROR Unable to locate appender "gui-log-event" for logger config "root"
636,985 ns/op
# Warmup Iteration   2: 423,240 ns/op
# Warmup Iteration   3: 441,017 ns/op
Iteration   1: 444,005 ns/op
                 gc.alloc.rate:      15529,308 MB/sec
                 gc.alloc.rate.norm: 7232,006 B/op
                 gc.count:           12,000 counts
                 gc.time:            6,000 ms
                 process.cpu:        456,960 ns/op

Iteration   2: 442,176 ns/op
                 gc.alloc.rate:      15592,712 MB/sec
                 gc.alloc.rate.norm: 7232,006 B/op
                 gc.count:           12,000 counts
                 gc.time:            7,000 ms
                 process.cpu:        456,698 ns/op

Iteration   3: 438,291 ns/op
                 gc.alloc.rate:      15731,581 MB/sec
                 gc.alloc.rate.norm: 7232,006 B/op
                 gc.count:           11,000 counts
                 gc.time:            5,000 ms
                 process.cpu:        452,229 ns/op

Iteration   4: 442,945 ns/op
                 gc.alloc.rate:      15566,604 MB/sec
                 gc.alloc.rate.norm: 7232,001 B/op
                 gc.count:           12,000 counts
                 gc.time:            6,000 ms
                 process.cpu:        458,868 ns/op



Result "org.apache.jmeter.protocol.http.sampler.HeaderCaptureBenchmark.capture":
  441,534 ±(99.9%) 6,481 ns/op [Average]
  (min, avg, max) = (437,277, 441,534, 447,241), stdev = 3,390
  CI (99.9%): [435,053, 448,015] (assumes normal distribution)

Secondary result "org.apache.jmeter.protocol.http.sampler.HeaderCaptureBenchmark.capture:gc.alloc.rate":
  15615,766 ±(99.9%) 228,320 MB/sec [Average]
  (min, avg, max) = (15414,399, 15615,766, 15763,893), stdev = 119,416
  CI (99.9%): [15387,446, 15844,085] (assumes normal distribution)

Secondary result "org.apache.jmeter.protocol.http.sampler.HeaderCaptureBenchmark.capture:gc.alloc.rate.norm":
  7232,007 ±(99.9%) 0,010 B/op [Average]
  (min, avg, max) = (7232,001, 7232,007, 7232,017), stdev = 0,005
  CI (99.9%): [7231,997, 7232,017] (assumes normal distribution)

Secondary result "org.apache.jmeter.protocol.http.sampler.HeaderCaptureBenchmark.capture:gc.count":
  94,000 ±(99.9%) 0,001 counts [Sum]
  (min, avg, max) = (11,000, 11,750, 12,000), stdev = 0,463
  CI (99.9%): [94,000, 94,000] (assumes normal distribution)

Secondary result "org.apache.jmeter.protocol.http.sampler.HeaderCaptureBenchmark.capture:gc.time":
  48,000 ±(99.9%) 0,001 ms [Sum]
  (min, avg, max) = (5,000, 6,000, 7,000), stdev = 0,535
  CI (99.9%): [48,000, 48,000] (assumes normal distribution)

Secondary result "org.apache.jmeter.protocol.http.sampler.HeaderCaptureBenchmark.capture:process.cpu":
  454,468 ±(99.9%) 5,463 ns/op [Average]
  (min, avg, max) = (451,247, 454,468, 458,868), stdev = 2,857
  CI (99.9%): [449,006, 459,931] (assumes normal distribution)


# JMH version: 1.37
# VM version: JDK 21.0.5, Java HotSpot(TM) 64-Bit Server VM, 21.0.5+9-LTS-239
# VM invoker: /Library/Java/JavaVirtualMachines/jdk-21.jdk/Contents/Home/bin/java
# VM options: -Djdk.net.hosts.file=/etc/hosts -Djdk.net.hosts.file=/etc/hosts
# Blackhole mode: compiler (auto-detected, use -Djmh.blackhole.autoDetect=false to disable)
# Warmup: 3 iterations, 500 ms each
# Measurement: 4 iterations, 500 ms each
# Timeout: 10 min per iteration
# Threads: 1 thread, will synchronize iterations
# Benchmark mode: Average time, time/op
# Benchmark: org.apache.jmeter.protocol.http.sampler.HeaderCaptureBenchmark.capture
# Parameters: (deferred = true, protocol = h2, readers = both75, totalBytes = 400)

# Run progress: 92,86% complete, ETA 00:00:46
# Fork: 1 of 2
# Warmup Iteration   1: 2026-09-12T07:29:24.565708Z org.apache.jmeter.protocol.http.sampler.HeaderCaptureBenchmark.capture-jmh-worker-1 ERROR Error processing element GuiLogEvent ([Appenders: null]): CLASS_NOT_FOUND
2026-09-12T07:29:24.594593Z org.apache.jmeter.protocol.http.sampler.HeaderCaptureBenchmark.capture-jmh-worker-1 ERROR Unable to locate appender "gui-log-event" for logger config "root"
179,998 ns/op
# Warmup Iteration   2: 137,562 ns/op
# Warmup Iteration   3: 138,455 ns/op
Iteration   1: 136,416 ns/op
                 gc.alloc.rate:      9057,399 MB/sec
                 gc.alloc.rate.norm: 1296,002 B/op
                 gc.count:           8,000 counts
                 gc.time:            4,000 ms
                 process.cpu:        139,594 ns/op

Iteration   2: 138,781 ns/op
                 gc.alloc.rate:      8903,291 MB/sec
                 gc.alloc.rate.norm: 1296,002 B/op
                 gc.count:           8,000 counts
                 gc.time:            4,000 ms
                 process.cpu:        142,552 ns/op

Iteration   3: 135,404 ns/op
                 gc.alloc.rate:      9125,254 MB/sec
                 gc.alloc.rate.norm: 1296,002 B/op
                 gc.count:           9,000 counts
                 gc.time:            5,000 ms
                 process.cpu:        139,882 ns/op

Iteration   4: 135,584 ns/op
                 gc.alloc.rate:      9113,106 MB/sec
                 gc.alloc.rate.norm: 1296,002 B/op
                 gc.count:           8,000 counts
                 gc.time:            4,000 ms
                 process.cpu:        141,363 ns/op


# Run progress: 93,45% complete, ETA 00:00:42
# Fork: 2 of 2
# Warmup Iteration   1: 2026-09-12T07:29:28.436489Z org.apache.jmeter.protocol.http.sampler.HeaderCaptureBenchmark.capture-jmh-worker-1 ERROR Error processing element GuiLogEvent ([Appenders: null]): CLASS_NOT_FOUND
2026-09-12T07:29:28.468114Z org.apache.jmeter.protocol.http.sampler.HeaderCaptureBenchmark.capture-jmh-worker-1 ERROR Unable to locate appender "gui-log-event" for logger config "root"
165,895 ns/op
# Warmup Iteration   2: 136,441 ns/op
# Warmup Iteration   3: 135,431 ns/op
Iteration   1: 136,541 ns/op
                 gc.alloc.rate:      9049,159 MB/sec
                 gc.alloc.rate.norm: 1296,002 B/op
                 gc.count:           8,000 counts
                 gc.time:            4,000 ms
                 process.cpu:        139,393 ns/op

Iteration   2: 137,670 ns/op
                 gc.alloc.rate:      8975,394 MB/sec
                 gc.alloc.rate.norm: 1296,002 B/op
                 gc.count:           8,000 counts
                 gc.time:            5,000 ms
                 process.cpu:        140,371 ns/op

Iteration   3: 138,496 ns/op
                 gc.alloc.rate:      8921,343 MB/sec
                 gc.alloc.rate.norm: 1296,002 B/op
                 gc.count:           8,000 counts
                 gc.time:            4,000 ms
                 process.cpu:        141,098 ns/op

Iteration   4: 136,106 ns/op
                 gc.alloc.rate:      9078,027 MB/sec
                 gc.alloc.rate.norm: 1296,002 B/op
                 gc.count:           9,000 counts
                 gc.time:            5,000 ms
                 process.cpu:        139,923 ns/op



Result "org.apache.jmeter.protocol.http.sampler.HeaderCaptureBenchmark.capture":
  136,875 ±(99.9%) 2,465 ns/op [Average]
  (min, avg, max) = (135,404, 136,875, 138,781), stdev = 1,289
  CI (99.9%): [134,410, 139,340] (assumes normal distribution)

Secondary result "org.apache.jmeter.protocol.http.sampler.HeaderCaptureBenchmark.capture:gc.alloc.rate":
  9027,872 ±(99.9%) 161,932 MB/sec [Average]
  (min, avg, max) = (8903,291, 9027,872, 9125,254), stdev = 84,694
  CI (99.9%): [8865,939, 9189,804] (assumes normal distribution)

Secondary result "org.apache.jmeter.protocol.http.sampler.HeaderCaptureBenchmark.capture:gc.alloc.rate.norm":
  1296,002 ±(99.9%) 0,001 B/op [Average]
  (min, avg, max) = (1296,002, 1296,002, 1296,002), stdev = 0,001
  CI (99.9%): [1296,002, 1296,002] (assumes normal distribution)

Secondary result "org.apache.jmeter.protocol.http.sampler.HeaderCaptureBenchmark.capture:gc.count":
  66,000 ±(99.9%) 0,001 counts [Sum]
  (min, avg, max) = (8,000, 8,250, 9,000), stdev = 0,463
  CI (99.9%): [66,000, 66,000] (assumes normal distribution)

Secondary result "org.apache.jmeter.protocol.http.sampler.HeaderCaptureBenchmark.capture:gc.time":
  35,000 ±(99.9%) 0,001 ms [Sum]
  (min, avg, max) = (4,000, 4,375, 5,000), stdev = 0,518
  CI (99.9%): [35,000, 35,000] (assumes normal distribution)

Secondary result "org.apache.jmeter.protocol.http.sampler.HeaderCaptureBenchmark.capture:process.cpu":
  140,522 ±(99.9%) 2,055 ns/op [Average]
  (min, avg, max) = (139,393, 140,522, 142,552), stdev = 1,075
  CI (99.9%): [138,467, 142,577] (assumes normal distribution)


# JMH version: 1.37
# VM version: JDK 21.0.5, Java HotSpot(TM) 64-Bit Server VM, 21.0.5+9-LTS-239
# VM invoker: /Library/Java/JavaVirtualMachines/jdk-21.jdk/Contents/Home/bin/java
# VM options: -Djdk.net.hosts.file=/etc/hosts -Djdk.net.hosts.file=/etc/hosts
# Blackhole mode: compiler (auto-detected, use -Djmh.blackhole.autoDetect=false to disable)
# Warmup: 3 iterations, 500 ms each
# Measurement: 4 iterations, 500 ms each
# Timeout: 10 min per iteration
# Threads: 1 thread, will synchronize iterations
# Benchmark mode: Average time, time/op
# Benchmark: org.apache.jmeter.protocol.http.sampler.HeaderCaptureBenchmark.capture
# Parameters: (deferred = true, protocol = h2, readers = both75, totalBytes = 1600)

# Run progress: 94,05% complete, ETA 00:00:38
# Fork: 1 of 2
# Warmup Iteration   1: 2026-09-12T07:29:32.306659Z org.apache.jmeter.protocol.http.sampler.HeaderCaptureBenchmark.capture-jmh-worker-1 ERROR Error processing element GuiLogEvent ([Appenders: null]): CLASS_NOT_FOUND
2026-09-12T07:29:32.335109Z org.apache.jmeter.protocol.http.sampler.HeaderCaptureBenchmark.capture-jmh-worker-1 ERROR Unable to locate appender "gui-log-event" for logger config "root"
454,646 ns/op
# Warmup Iteration   2: 388,821 ns/op
# Warmup Iteration   3: 384,875 ns/op
Iteration   1: 382,427 ns/op
                 gc.alloc.rate:      7299,442 MB/sec
                 gc.alloc.rate.norm: 2928,005 B/op
                 gc.count:           9,000 counts
                 gc.time:            4,000 ms
                 process.cpu:        393,427 ns/op

Iteration   2: 388,432 ns/op
                 gc.alloc.rate:      7186,753 MB/sec
                 gc.alloc.rate.norm: 2928,007 B/op
                 gc.count:           8,000 counts
                 gc.time:            4,000 ms
                 process.cpu:        394,967 ns/op

Iteration   3: 382,346 ns/op
                 gc.alloc.rate:      7301,218 MB/sec
                 gc.alloc.rate.norm: 2928,004 B/op
                 gc.count:           8,000 counts
                 gc.time:            4,000 ms
                 process.cpu:        390,981 ns/op

Iteration   4: 386,462 ns/op
                 gc.alloc.rate:      7223,027 MB/sec
                 gc.alloc.rate.norm: 2928,007 B/op
                 gc.count:           8,000 counts
                 gc.time:            4,000 ms
                 process.cpu:        394,079 ns/op


# Run progress: 94,64% complete, ETA 00:00:34
# Fork: 2 of 2
# Warmup Iteration   1: 2026-09-12T07:29:36.167719Z org.apache.jmeter.protocol.http.sampler.HeaderCaptureBenchmark.capture-jmh-worker-1 ERROR Error processing element GuiLogEvent ([Appenders: null]): CLASS_NOT_FOUND
2026-09-12T07:29:36.201678Z org.apache.jmeter.protocol.http.sampler.HeaderCaptureBenchmark.capture-jmh-worker-1 ERROR Unable to locate appender "gui-log-event" for logger config "root"
453,620 ns/op
# Warmup Iteration   2: 405,835 ns/op
# Warmup Iteration   3: 379,956 ns/op
Iteration   1: 388,967 ns/op
                 gc.alloc.rate:      7177,027 MB/sec
                 gc.alloc.rate.norm: 2928,005 B/op
                 gc.count:           7,000 counts
                 gc.time:            3,000 ms
                 process.cpu:        396,455 ns/op

Iteration   2: 384,540 ns/op
                 gc.alloc.rate:      7259,172 MB/sec
                 gc.alloc.rate.norm: 2928,005 B/op
                 gc.count:           7,000 counts
                 gc.time:            4,000 ms
                 process.cpu:        392,980 ns/op

Iteration   3: 380,918 ns/op
                 gc.alloc.rate:      7328,505 MB/sec
                 gc.alloc.rate.norm: 2928,006 B/op
                 gc.count:           6,000 counts
                 gc.time:            3,000 ms
                 process.cpu:        388,355 ns/op

Iteration   4: 380,306 ns/op
                 gc.alloc.rate:      7339,776 MB/sec
                 gc.alloc.rate.norm: 2928,004 B/op
                 gc.count:           7,000 counts
                 gc.time:            4,000 ms
                 process.cpu:        390,602 ns/op



Result "org.apache.jmeter.protocol.http.sampler.HeaderCaptureBenchmark.capture":
  384,300 ±(99.9%) 6,395 ns/op [Average]
  (min, avg, max) = (380,306, 384,300, 388,967), stdev = 3,345
  CI (99.9%): [377,905, 390,695] (assumes normal distribution)

Secondary result "org.apache.jmeter.protocol.http.sampler.HeaderCaptureBenchmark.capture:gc.alloc.rate":
  7264,365 ±(99.9%) 120,441 MB/sec [Average]
  (min, avg, max) = (7177,027, 7264,365, 7339,776), stdev = 62,993
  CI (99.9%): [7143,924, 7384,806] (assumes normal distribution)

Secondary result "org.apache.jmeter.protocol.http.sampler.HeaderCaptureBenchmark.capture:gc.alloc.rate.norm":
  2928,005 ±(99.9%) 0,002 B/op [Average]
  (min, avg, max) = (2928,004, 2928,005, 2928,007), stdev = 0,001
  CI (99.9%): [2928,003, 2928,008] (assumes normal distribution)

Secondary result "org.apache.jmeter.protocol.http.sampler.HeaderCaptureBenchmark.capture:gc.count":
  60,000 ±(99.9%) 0,001 counts [Sum]
  (min, avg, max) = (6,000, 7,500, 9,000), stdev = 0,926
  CI (99.9%): [60,000, 60,000] (assumes normal distribution)

Secondary result "org.apache.jmeter.protocol.http.sampler.HeaderCaptureBenchmark.capture:gc.time":
  30,000 ±(99.9%) 0,001 ms [Sum]
  (min, avg, max) = (3,000, 3,750, 4,000), stdev = 0,463
  CI (99.9%): [30,000, 30,000] (assumes normal distribution)

Secondary result "org.apache.jmeter.protocol.http.sampler.HeaderCaptureBenchmark.capture:process.cpu":
  392,731 ±(99.9%) 5,006 ns/op [Average]
  (min, avg, max) = (388,355, 392,731, 396,455), stdev = 2,618
  CI (99.9%): [387,725, 397,736] (assumes normal distribution)


# JMH version: 1.37
# VM version: JDK 21.0.5, Java HotSpot(TM) 64-Bit Server VM, 21.0.5+9-LTS-239
# VM invoker: /Library/Java/JavaVirtualMachines/jdk-21.jdk/Contents/Home/bin/java
# VM options: -Djdk.net.hosts.file=/etc/hosts -Djdk.net.hosts.file=/etc/hosts
# Blackhole mode: compiler (auto-detected, use -Djmh.blackhole.autoDetect=false to disable)
# Warmup: 3 iterations, 500 ms each
# Measurement: 4 iterations, 500 ms each
# Timeout: 10 min per iteration
# Threads: 1 thread, will synchronize iterations
# Benchmark mode: Average time, time/op
# Benchmark: org.apache.jmeter.protocol.http.sampler.HeaderCaptureBenchmark.capture
# Parameters: (deferred = true, protocol = h2, readers = both75, totalBytes = 8192)

# Run progress: 95,24% complete, ETA 00:00:31
# Fork: 1 of 2
# Warmup Iteration   1: 2026-09-12T07:29:40.049213Z org.apache.jmeter.protocol.http.sampler.HeaderCaptureBenchmark.capture-jmh-worker-1 ERROR Error processing element GuiLogEvent ([Appenders: null]): CLASS_NOT_FOUND
2026-09-12T07:29:40.079571Z org.apache.jmeter.protocol.http.sampler.HeaderCaptureBenchmark.capture-jmh-worker-1 ERROR Unable to locate appender "gui-log-event" for logger config "root"
701,784 ns/op
# Warmup Iteration   2: 614,720 ns/op
# Warmup Iteration   3: 570,217 ns/op
Iteration   1: 567,182 ns/op
                 gc.alloc.rate:      17387,573 MB/sec
                 gc.alloc.rate.norm: 10344,005 B/op
                 gc.count:           10,000 counts
                 gc.time:            5,000 ms
                 process.cpu:        591,736 ns/op

Iteration   2: 558,956 ns/op
                 gc.alloc.rate:      17643,291 MB/sec
                 gc.alloc.rate.norm: 10344,015 B/op
                 gc.count:           10,000 counts
                 gc.time:            6,000 ms
                 process.cpu:        585,719 ns/op

Iteration   3: 565,274 ns/op
                 gc.alloc.rate:      17446,477 MB/sec
                 gc.alloc.rate.norm: 10344,008 B/op
                 gc.count:           10,000 counts
                 gc.time:            5,000 ms
                 process.cpu:        590,144 ns/op

Iteration   4: 571,820 ns/op
                 gc.alloc.rate:      17246,356 MB/sec
                 gc.alloc.rate.norm: 10344,015 B/op
                 gc.count:           10,000 counts
                 gc.time:            6,000 ms
                 process.cpu:        591,567 ns/op


# Run progress: 95,83% complete, ETA 00:00:27
# Fork: 2 of 2
# Warmup Iteration   1: 2026-09-12T07:29:43.920402Z org.apache.jmeter.protocol.http.sampler.HeaderCaptureBenchmark.capture-jmh-worker-1 ERROR Error processing element GuiLogEvent ([Appenders: null]): CLASS_NOT_FOUND
2026-09-12T07:29:43.951938Z org.apache.jmeter.protocol.http.sampler.HeaderCaptureBenchmark.capture-jmh-worker-1 ERROR Unable to locate appender "gui-log-event" for logger config "root"
707,546 ns/op
# Warmup Iteration   2: 573,792 ns/op
# Warmup Iteration   3: 556,315 ns/op
Iteration   1: 569,467 ns/op
                 gc.alloc.rate:      17317,404 MB/sec
                 gc.alloc.rate.norm: 10344,019 B/op
                 gc.count:           12,000 counts
                 gc.time:            6,000 ms
                 process.cpu:        592,050 ns/op

Iteration   2: 614,709 ns/op
                 gc.alloc.rate:      16036,220 MB/sec
                 gc.alloc.rate.norm: 10344,001 B/op
                 gc.count:           11,000 counts
                 gc.time:            6,000 ms
                 process.cpu:        635,871 ns/op

Iteration   3: 572,420 ns/op
                 gc.alloc.rate:      17228,264 MB/sec
                 gc.alloc.rate.norm: 10344,008 B/op
                 gc.count:           12,000 counts
                 gc.time:            7,000 ms
                 process.cpu:        597,271 ns/op

Iteration   4: 566,323 ns/op
                 gc.alloc.rate:      17413,652 MB/sec
                 gc.alloc.rate.norm: 10344,001 B/op
                 gc.count:           12,000 counts
                 gc.time:            6,000 ms
                 process.cpu:        593,001 ns/op



Result "org.apache.jmeter.protocol.http.sampler.HeaderCaptureBenchmark.capture":
  573,269 ±(99.9%) 33,027 ns/op [Average]
  (min, avg, max) = (558,956, 573,269, 614,709), stdev = 17,274
  CI (99.9%): [540,242, 606,296] (assumes normal distribution)

Secondary result "org.apache.jmeter.protocol.http.sampler.HeaderCaptureBenchmark.capture:gc.alloc.rate":
  17214,905 ±(99.9%) 944,287 MB/sec [Average]
  (min, avg, max) = (16036,220, 17214,905, 17643,291), stdev = 493,881
  CI (99.9%): [16270,617, 18159,192] (assumes normal distribution)

Secondary result "org.apache.jmeter.protocol.http.sampler.HeaderCaptureBenchmark.capture:gc.alloc.rate.norm":
  10344,009 ±(99.9%) 0,013 B/op [Average]
  (min, avg, max) = (10344,001, 10344,009, 10344,019), stdev = 0,007
  CI (99.9%): [10343,996, 10344,022] (assumes normal distribution)

Secondary result "org.apache.jmeter.protocol.http.sampler.HeaderCaptureBenchmark.capture:gc.count":
  87,000 ±(99.9%) 0,001 counts [Sum]
  (min, avg, max) = (10,000, 10,875, 12,000), stdev = 0,991
  CI (99.9%): [87,000, 87,000] (assumes normal distribution)

Secondary result "org.apache.jmeter.protocol.http.sampler.HeaderCaptureBenchmark.capture:gc.time":
  47,000 ±(99.9%) 0,001 ms [Sum]
  (min, avg, max) = (5,000, 5,875, 7,000), stdev = 0,641
  CI (99.9%): [47,000, 47,000] (assumes normal distribution)

Secondary result "org.apache.jmeter.protocol.http.sampler.HeaderCaptureBenchmark.capture:process.cpu":
  597,170 ±(99.9%) 30,513 ns/op [Average]
  (min, avg, max) = (585,719, 597,170, 635,871), stdev = 15,959
  CI (99.9%): [566,657, 627,683] (assumes normal distribution)


# JMH version: 1.37
# VM version: JDK 21.0.5, Java HotSpot(TM) 64-Bit Server VM, 21.0.5+9-LTS-239
# VM invoker: /Library/Java/JavaVirtualMachines/jdk-21.jdk/Contents/Home/bin/java
# VM options: -Djdk.net.hosts.file=/etc/hosts -Djdk.net.hosts.file=/etc/hosts
# Blackhole mode: compiler (auto-detected, use -Djmh.blackhole.autoDetect=false to disable)
# Warmup: 3 iterations, 500 ms each
# Measurement: 4 iterations, 500 ms each
# Timeout: 10 min per iteration
# Threads: 1 thread, will synchronize iterations
# Benchmark mode: Average time, time/op
# Benchmark: org.apache.jmeter.protocol.http.sampler.HeaderCaptureBenchmark.capture
# Parameters: (deferred = true, protocol = h2, readers = both100, totalBytes = 400)

# Run progress: 96,43% complete, ETA 00:00:23
# Fork: 1 of 2
# Warmup Iteration   1: 2026-09-12T07:29:47.810192Z org.apache.jmeter.protocol.http.sampler.HeaderCaptureBenchmark.capture-jmh-worker-1 ERROR Error processing element GuiLogEvent ([Appenders: null]): CLASS_NOT_FOUND
2026-09-12T07:29:47.839919Z org.apache.jmeter.protocol.http.sampler.HeaderCaptureBenchmark.capture-jmh-worker-1 ERROR Unable to locate appender "gui-log-event" for logger config "root"
208,804 ns/op
# Warmup Iteration   2: 152,852 ns/op
# Warmup Iteration   3: 150,507 ns/op
Iteration   1: 152,937 ns/op
                 gc.alloc.rate:      9275,996 MB/sec
                 gc.alloc.rate.norm: 1488,002 B/op
                 gc.count:           9,000 counts
                 gc.time:            5,000 ms
                 process.cpu:        157,620 ns/op

Iteration   2: 151,829 ns/op
                 gc.alloc.rate:      9344,207 MB/sec
                 gc.alloc.rate.norm: 1488,002 B/op
                 gc.count:           9,000 counts
                 gc.time:            5,000 ms
                 process.cpu:        156,123 ns/op

Iteration   3: 152,664 ns/op
                 gc.alloc.rate:      9291,958 MB/sec
                 gc.alloc.rate.norm: 1488,002 B/op
                 gc.count:           8,000 counts
                 gc.time:            4,000 ms
                 process.cpu:        156,773 ns/op

Iteration   4: 156,961 ns/op
                 gc.alloc.rate:      9037,982 MB/sec
                 gc.alloc.rate.norm: 1488,002 B/op
                 gc.count:           8,000 counts
                 gc.time:            5,000 ms
                 process.cpu:        159,811 ns/op


# Run progress: 97,02% complete, ETA 00:00:19
# Fork: 2 of 2
# Warmup Iteration   1: 2026-09-12T07:29:51.679661Z org.apache.jmeter.protocol.http.sampler.HeaderCaptureBenchmark.capture-jmh-worker-1 ERROR Error processing element GuiLogEvent ([Appenders: null]): CLASS_NOT_FOUND
2026-09-12T07:29:51.710095Z org.apache.jmeter.protocol.http.sampler.HeaderCaptureBenchmark.capture-jmh-worker-1 ERROR Unable to locate appender "gui-log-event" for logger config "root"
194,198 ns/op
# Warmup Iteration   2: 153,749 ns/op
# Warmup Iteration   3: 150,768 ns/op
Iteration   1: 149,399 ns/op
                 gc.alloc.rate:      9495,917 MB/sec
                 gc.alloc.rate.norm: 1488,002 B/op
                 gc.count:           9,000 counts
                 gc.time:            4,000 ms
                 process.cpu:        154,378 ns/op

Iteration   2: 150,337 ns/op
                 gc.alloc.rate:      9436,652 MB/sec
                 gc.alloc.rate.norm: 1488,002 B/op
                 gc.count:           8,000 counts
                 gc.time:            5,000 ms
                 process.cpu:        154,263 ns/op

Iteration   3: 151,085 ns/op
                 gc.alloc.rate:      9389,547 MB/sec
                 gc.alloc.rate.norm: 1488,002 B/op
                 gc.count:           9,000 counts
                 gc.time:            4,000 ms
                 process.cpu:        155,002 ns/op

Iteration   4: 151,700 ns/op
                 gc.alloc.rate:      9351,241 MB/sec
                 gc.alloc.rate.norm: 1488,002 B/op
                 gc.count:           9,000 counts
                 gc.time:            5,000 ms
                 process.cpu:        155,014 ns/op



Result "org.apache.jmeter.protocol.http.sampler.HeaderCaptureBenchmark.capture":
  152,114 ±(99.9%) 4,355 ns/op [Average]
  (min, avg, max) = (149,399, 152,114, 156,961), stdev = 2,278
  CI (99.9%): [147,759, 156,469] (assumes normal distribution)

Secondary result "org.apache.jmeter.protocol.http.sampler.HeaderCaptureBenchmark.capture:gc.alloc.rate":
  9327,937 ±(99.9%) 263,256 MB/sec [Average]
  (min, avg, max) = (9037,982, 9327,937, 9495,917), stdev = 137,688
  CI (99.9%): [9064,681, 9591,194] (assumes normal distribution)

Secondary result "org.apache.jmeter.protocol.http.sampler.HeaderCaptureBenchmark.capture:gc.alloc.rate.norm":
  1488,002 ±(99.9%) 0,001 B/op [Average]
  (min, avg, max) = (1488,002, 1488,002, 1488,002), stdev = 0,001
  CI (99.9%): [1488,002, 1488,002] (assumes normal distribution)

Secondary result "org.apache.jmeter.protocol.http.sampler.HeaderCaptureBenchmark.capture:gc.count":
  69,000 ±(99.9%) 0,001 counts [Sum]
  (min, avg, max) = (8,000, 8,625, 9,000), stdev = 0,518
  CI (99.9%): [69,000, 69,000] (assumes normal distribution)

Secondary result "org.apache.jmeter.protocol.http.sampler.HeaderCaptureBenchmark.capture:gc.time":
  37,000 ±(99.9%) 0,001 ms [Sum]
  (min, avg, max) = (4,000, 4,625, 5,000), stdev = 0,518
  CI (99.9%): [37,000, 37,000] (assumes normal distribution)

Secondary result "org.apache.jmeter.protocol.http.sampler.HeaderCaptureBenchmark.capture:process.cpu":
  156,123 ±(99.9%) 3,631 ns/op [Average]
  (min, avg, max) = (154,263, 156,123, 159,811), stdev = 1,899
  CI (99.9%): [152,492, 159,754] (assumes normal distribution)


# JMH version: 1.37
# VM version: JDK 21.0.5, Java HotSpot(TM) 64-Bit Server VM, 21.0.5+9-LTS-239
# VM invoker: /Library/Java/JavaVirtualMachines/jdk-21.jdk/Contents/Home/bin/java
# VM options: -Djdk.net.hosts.file=/etc/hosts -Djdk.net.hosts.file=/etc/hosts
# Blackhole mode: compiler (auto-detected, use -Djmh.blackhole.autoDetect=false to disable)
# Warmup: 3 iterations, 500 ms each
# Measurement: 4 iterations, 500 ms each
# Timeout: 10 min per iteration
# Threads: 1 thread, will synchronize iterations
# Benchmark mode: Average time, time/op
# Benchmark: org.apache.jmeter.protocol.http.sampler.HeaderCaptureBenchmark.capture
# Parameters: (deferred = true, protocol = h2, readers = both100, totalBytes = 1600)

# Run progress: 97,62% complete, ETA 00:00:15
# Fork: 1 of 2
# Warmup Iteration   1: 2026-09-12T07:29:55.546427Z org.apache.jmeter.protocol.http.sampler.HeaderCaptureBenchmark.capture-jmh-worker-1 ERROR Error processing element GuiLogEvent ([Appenders: null]): CLASS_NOT_FOUND
2026-09-12T07:29:55.577142Z org.apache.jmeter.protocol.http.sampler.HeaderCaptureBenchmark.capture-jmh-worker-1 ERROR Unable to locate appender "gui-log-event" for logger config "root"
544,120 ns/op
# Warmup Iteration   2: 470,289 ns/op
# Warmup Iteration   3: 466,408 ns/op
Iteration   1: 459,590 ns/op
                 gc.alloc.rate:      7401,581 MB/sec
                 gc.alloc.rate.norm: 3568,007 B/op
                 gc.count:           8,000 counts
                 gc.time:            4,000 ms
                 process.cpu:        468,415 ns/op

Iteration   2: 504,248 ns/op
                 gc.alloc.rate:      6745,271 MB/sec
                 gc.alloc.rate.norm: 3568,007 B/op
                 gc.count:           8,000 counts
                 gc.time:            4,000 ms
                 process.cpu:        502,215 ns/op

Iteration   3: 474,341 ns/op
                 gc.alloc.rate:      7170,249 MB/sec
                 gc.alloc.rate.norm: 3568,007 B/op
                 gc.count:           8,000 counts
                 gc.time:            4,000 ms
                 process.cpu:        478,210 ns/op

Iteration   4: 462,650 ns/op
                 gc.alloc.rate:      7352,399 MB/sec
                 gc.alloc.rate.norm: 3568,007 B/op
                 gc.count:           8,000 counts
                 gc.time:            4,000 ms
                 process.cpu:        472,771 ns/op


# Run progress: 98,21% complete, ETA 00:00:11
# Fork: 2 of 2
# Warmup Iteration   1: 2026-09-12T07:29:59.451608Z org.apache.jmeter.protocol.http.sampler.HeaderCaptureBenchmark.capture-jmh-worker-1 ERROR Error processing element GuiLogEvent ([Appenders: null]): CLASS_NOT_FOUND
2026-09-12T07:29:59.482253Z org.apache.jmeter.protocol.http.sampler.HeaderCaptureBenchmark.capture-jmh-worker-1 ERROR Unable to locate appender "gui-log-event" for logger config "root"
593,514 ns/op
# Warmup Iteration   2: 484,586 ns/op
# Warmup Iteration   3: 480,101 ns/op
Iteration   1: 471,063 ns/op
                 gc.alloc.rate:      7220,724 MB/sec
                 gc.alloc.rate.norm: 3568,007 B/op
                 gc.count:           7,000 counts
                 gc.time:            3,000 ms
                 process.cpu:        479,423 ns/op

Iteration   2: 469,215 ns/op
                 gc.alloc.rate:      7249,975 MB/sec
                 gc.alloc.rate.norm: 3568,007 B/op
                 gc.count:           7,000 counts
                 gc.time:            4,000 ms
                 process.cpu:        477,306 ns/op

Iteration   3: 469,194 ns/op
                 gc.alloc.rate:      7250,086 MB/sec
                 gc.alloc.rate.norm: 3568,007 B/op
                 gc.count:           6,000 counts
                 gc.time:            3,000 ms
                 process.cpu:        477,165 ns/op

Iteration   4: 461,508 ns/op
                 gc.alloc.rate:      7370,687 MB/sec
                 gc.alloc.rate.norm: 3568,007 B/op
                 gc.count:           7,000 counts
                 gc.time:            4,000 ms
                 process.cpu:        480,978 ns/op



Result "org.apache.jmeter.protocol.http.sampler.HeaderCaptureBenchmark.capture":
  471,476 ±(99.9%) 27,148 ns/op [Average]
  (min, avg, max) = (459,590, 471,476, 504,248), stdev = 14,199
  CI (99.9%): [444,329, 498,624] (assumes normal distribution)

Secondary result "org.apache.jmeter.protocol.http.sampler.HeaderCaptureBenchmark.capture:gc.alloc.rate":
  7220,121 ±(99.9%) 397,695 MB/sec [Average]
  (min, avg, max) = (6745,271, 7220,121, 7401,581), stdev = 208,002
  CI (99.9%): [6822,426, 7617,817] (assumes normal distribution)

Secondary result "org.apache.jmeter.protocol.http.sampler.HeaderCaptureBenchmark.capture:gc.alloc.rate.norm":
  3568,007 ±(99.9%) 0,001 B/op [Average]
  (min, avg, max) = (3568,007, 3568,007, 3568,007), stdev = 0,001
  CI (99.9%): [3568,006, 3568,007] (assumes normal distribution)

Secondary result "org.apache.jmeter.protocol.http.sampler.HeaderCaptureBenchmark.capture:gc.count":
  59,000 ±(99.9%) 0,001 counts [Sum]
  (min, avg, max) = (6,000, 7,375, 8,000), stdev = 0,744
  CI (99.9%): [59,000, 59,000] (assumes normal distribution)

Secondary result "org.apache.jmeter.protocol.http.sampler.HeaderCaptureBenchmark.capture:gc.time":
  30,000 ±(99.9%) 0,001 ms [Sum]
  (min, avg, max) = (3,000, 3,750, 4,000), stdev = 0,463
  CI (99.9%): [30,000, 30,000] (assumes normal distribution)

Secondary result "org.apache.jmeter.protocol.http.sampler.HeaderCaptureBenchmark.capture:process.cpu":
  479,560 ±(99.9%) 19,095 ns/op [Average]
  (min, avg, max) = (468,415, 479,560, 502,215), stdev = 9,987
  CI (99.9%): [460,465, 498,656] (assumes normal distribution)


# JMH version: 1.37
# VM version: JDK 21.0.5, Java HotSpot(TM) 64-Bit Server VM, 21.0.5+9-LTS-239
# VM invoker: /Library/Java/JavaVirtualMachines/jdk-21.jdk/Contents/Home/bin/java
# VM options: -Djdk.net.hosts.file=/etc/hosts -Djdk.net.hosts.file=/etc/hosts
# Blackhole mode: compiler (auto-detected, use -Djmh.blackhole.autoDetect=false to disable)
# Warmup: 3 iterations, 500 ms each
# Measurement: 4 iterations, 500 ms each
# Timeout: 10 min per iteration
# Threads: 1 thread, will synchronize iterations
# Benchmark mode: Average time, time/op
# Benchmark: org.apache.jmeter.protocol.http.sampler.HeaderCaptureBenchmark.capture
# Parameters: (deferred = true, protocol = h2, readers = both100, totalBytes = 8192)

# Run progress: 98,81% complete, ETA 00:00:07
# Fork: 1 of 2
# Warmup Iteration   1: 2026-09-12T07:30:03.336157Z org.apache.jmeter.protocol.http.sampler.HeaderCaptureBenchmark.capture-jmh-worker-1 ERROR Error processing element GuiLogEvent ([Appenders: null]): CLASS_NOT_FOUND
2026-09-12T07:30:03.365432Z org.apache.jmeter.protocol.http.sampler.HeaderCaptureBenchmark.capture-jmh-worker-1 ERROR Unable to locate appender "gui-log-event" for logger config "root"
963,059 ns/op
# Warmup Iteration   2: 765,074 ns/op
# Warmup Iteration   3: 714,852 ns/op
Iteration   1: 716,042 ns/op
                 gc.alloc.rate:      17915,721 MB/sec
                 gc.alloc.rate.norm: 13456,010 B/op
                 gc.count:           10,000 counts
                 gc.time:            5,000 ms
                 process.cpu:        741,001 ns/op

Iteration   2: 715,633 ns/op
                 gc.alloc.rate:      17926,531 MB/sec
                 gc.alloc.rate.norm: 13456,010 B/op
                 gc.count:           11,000 counts
                 gc.time:            6,000 ms
                 process.cpu:        746,293 ns/op

Iteration   3: 717,991 ns/op
                 gc.alloc.rate:      17867,111 MB/sec
                 gc.alloc.rate.norm: 13456,010 B/op
                 gc.count:           10,000 counts
                 gc.time:            6,000 ms
                 process.cpu:        757,725 ns/op

Iteration   4: 713,737 ns/op
                 gc.alloc.rate:      17973,739 MB/sec
                 gc.alloc.rate.norm: 13456,010 B/op
                 gc.count:           11,000 counts
                 gc.time:            6,000 ms
                 process.cpu:        746,062 ns/op


# Run progress: 99,40% complete, ETA 00:00:03
# Fork: 2 of 2
# Warmup Iteration   1: 2026-09-12T07:30:07.241783Z org.apache.jmeter.protocol.http.sampler.HeaderCaptureBenchmark.capture-jmh-worker-1 ERROR Error processing element GuiLogEvent ([Appenders: null]): CLASS_NOT_FOUND
2026-09-12T07:30:07.270482Z org.apache.jmeter.protocol.http.sampler.HeaderCaptureBenchmark.capture-jmh-worker-1 ERROR Unable to locate appender "gui-log-event" for logger config "root"
902,355 ns/op
# Warmup Iteration   2: 747,492 ns/op
# Warmup Iteration   3: 736,278 ns/op
Iteration   1: 719,931 ns/op
                 gc.alloc.rate:      17819,374 MB/sec
                 gc.alloc.rate.norm: 13456,010 B/op
                 gc.count:           11,000 counts
                 gc.time:            7,000 ms
                 process.cpu:        749,523 ns/op

Iteration   2: 707,555 ns/op
                 gc.alloc.rate:      18128,526 MB/sec
                 gc.alloc.rate.norm: 13456,010 B/op
                 gc.count:           11,000 counts
                 gc.time:            6,000 ms
                 process.cpu:        731,680 ns/op

Iteration   3: 727,437 ns/op
                 gc.alloc.rate:      17635,526 MB/sec
                 gc.alloc.rate.norm: 13456,010 B/op
                 gc.count:           11,000 counts
                 gc.time:            6,000 ms
                 process.cpu:        757,231 ns/op

Iteration   4: 699,499 ns/op
                 gc.alloc.rate:      18339,730 MB/sec
                 gc.alloc.rate.norm: 13456,010 B/op
                 gc.count:           11,000 counts
                 gc.time:            6,000 ms
                 process.cpu:        741,234 ns/op



Result "org.apache.jmeter.protocol.http.sampler.HeaderCaptureBenchmark.capture":
  714,728 ±(99.9%) 15,933 ns/op [Average]
  (min, avg, max) = (699,499, 714,728, 727,437), stdev = 8,334
  CI (99.9%): [698,795, 730,662] (assumes normal distribution)

Secondary result "org.apache.jmeter.protocol.http.sampler.HeaderCaptureBenchmark.capture:gc.alloc.rate":
  17950,782 ±(99.9%) 401,628 MB/sec [Average]
  (min, avg, max) = (17635,526, 17950,782, 18339,730), stdev = 210,059
  CI (99.9%): [17549,154, 18352,410] (assumes normal distribution)

Secondary result "org.apache.jmeter.protocol.http.sampler.HeaderCaptureBenchmark.capture:gc.alloc.rate.norm":
  13456,010 ±(99.9%) 0,001 B/op [Average]
  (min, avg, max) = (13456,010, 13456,010, 13456,010), stdev = 0,001
  CI (99.9%): [13456,010, 13456,010] (assumes normal distribution)

Secondary result "org.apache.jmeter.protocol.http.sampler.HeaderCaptureBenchmark.capture:gc.count":
  86,000 ±(99.9%) 0,001 counts [Sum]
  (min, avg, max) = (10,000, 10,750, 11,000), stdev = 0,463
  CI (99.9%): [86,000, 86,000] (assumes normal distribution)

Secondary result "org.apache.jmeter.protocol.http.sampler.HeaderCaptureBenchmark.capture:gc.time":
  48,000 ±(99.9%) 0,001 ms [Sum]
  (min, avg, max) = (5,000, 6,000, 7,000), stdev = 0,535
  CI (99.9%): [48,000, 48,000] (assumes normal distribution)

Secondary result "org.apache.jmeter.protocol.http.sampler.HeaderCaptureBenchmark.capture:process.cpu":
  746,344 ±(99.9%) 16,605 ns/op [Average]
  (min, avg, max) = (731,680, 746,344, 757,725), stdev = 8,685
  CI (99.9%): [729,739, 762,948] (assumes normal distribution)


# Run complete. Total time: 00:10:53

REMEMBER: The numbers below are just data. To gain reusable insights, you need to follow up on
why the numbers are the way they are. Use profilers (see -prof, -lprof), design factorial
experiments, perform baseline and negative tests that provide experimental control, make sure
the benchmarking environment is safe on JVM/OS/HW level, ask for reviews from the domain experts.
Do not assume the numbers tell you what you want them to tell.

NOTE: Current JVM experimentally supports Compiler Blackholes, and they are in use. Please exercise
extra caution when trusting the results, look into the generated code to check the benchmark still
works, and factor in a small probability of new VM bugs. Additionally, while comparisons between
different JVMs are already problematic, the performance difference caused by different Blackhole
modes can be very significant. Please make sure you use the consistent Blackhole mode for comparisons.

Benchmark                                          (deferred)  (protocol)  (readers)  (totalBytes)  Mode  Cnt      Score      Error   Units
HeaderCaptureBenchmark.capture                          false          h1     unread           400  avgt    8    174,115 ±   14,016   ns/op
HeaderCaptureBenchmark.capture:gc.alloc.rate            false          h1     unread           400  avgt    8   7983,913 ±  607,881  MB/sec
HeaderCaptureBenchmark.capture:gc.alloc.rate.norm       false          h1     unread           400  avgt    8   1456,002 ±    0,001    B/op
HeaderCaptureBenchmark.capture:gc.count                 false          h1     unread           400  avgt    8     65,000             counts
HeaderCaptureBenchmark.capture:gc.time                  false          h1     unread           400  avgt    8     32,000                 ms
HeaderCaptureBenchmark.capture:process.cpu              false          h1     unread           400  avgt    8    178,499 ±   13,243   ns/op
HeaderCaptureBenchmark.capture                          false          h1     unread          1600  avgt    8    545,662 ±   13,908   ns/op
HeaderCaptureBenchmark.capture:gc.alloc.rate            false          h1     unread          1600  avgt    8   9268,378 ±  236,091  MB/sec
HeaderCaptureBenchmark.capture:gc.alloc.rate.norm       false          h1     unread          1600  avgt    8   5304,008 ±    0,001    B/op
HeaderCaptureBenchmark.capture:gc.count                 false          h1     unread          1600  avgt    8     67,000             counts
HeaderCaptureBenchmark.capture:gc.time                  false          h1     unread          1600  avgt    8     34,000                 ms
HeaderCaptureBenchmark.capture:process.cpu              false          h1     unread          1600  avgt    8    561,024 ±   12,829   ns/op
HeaderCaptureBenchmark.capture                          false          h1     unread          8192  avgt    8   1558,023 ±   46,664   ns/op
HeaderCaptureBenchmark.capture:gc.alloc.rate            false          h1     unread          8192  avgt    8  13552,635 ±  393,318  MB/sec
HeaderCaptureBenchmark.capture:gc.alloc.rate.norm       false          h1     unread          8192  avgt    8  22144,022 ±    0,001    B/op
HeaderCaptureBenchmark.capture:gc.count                 false          h1     unread          8192  avgt    8     80,000             counts
HeaderCaptureBenchmark.capture:gc.time                  false          h1     unread          8192  avgt    8     43,000                 ms
HeaderCaptureBenchmark.capture:process.cpu              false          h1     unread          8192  avgt    8   1610,180 ±   51,304   ns/op
HeaderCaptureBenchmark.capture                          false          h1    request           400  avgt    8    173,379 ±    1,333   ns/op
HeaderCaptureBenchmark.capture:gc.alloc.rate            false          h1    request           400  avgt    8   8006,172 ±   61,328  MB/sec
HeaderCaptureBenchmark.capture:gc.alloc.rate.norm       false          h1    request           400  avgt    8   1456,002 ±    0,001    B/op
HeaderCaptureBenchmark.capture:gc.count                 false          h1    request           400  avgt    8     65,000             counts
HeaderCaptureBenchmark.capture:gc.time                  false          h1    request           400  avgt    8     33,000                 ms
HeaderCaptureBenchmark.capture:process.cpu              false          h1    request           400  avgt    8    177,819 ±    1,306   ns/op
HeaderCaptureBenchmark.capture                          false          h1    request          1600  avgt    8    558,258 ±   21,077   ns/op
HeaderCaptureBenchmark.capture:gc.alloc.rate            false          h1    request          1600  avgt    8   9061,225 ±  341,892  MB/sec
HeaderCaptureBenchmark.capture:gc.alloc.rate.norm       false          h1    request          1600  avgt    8   5304,008 ±    0,001    B/op
HeaderCaptureBenchmark.capture:gc.count                 false          h1    request          1600  avgt    8     66,000             counts
HeaderCaptureBenchmark.capture:gc.time                  false          h1    request          1600  avgt    8     35,000                 ms
HeaderCaptureBenchmark.capture:process.cpu              false          h1    request          1600  avgt    8    574,020 ±   20,705   ns/op
HeaderCaptureBenchmark.capture                          false          h1    request          8192  avgt    8   1569,531 ±   27,410   ns/op
HeaderCaptureBenchmark.capture:gc.alloc.rate            false          h1    request          8192  avgt    8  13451,769 ±  233,232  MB/sec
HeaderCaptureBenchmark.capture:gc.alloc.rate.norm       false          h1    request          8192  avgt    8  22144,022 ±    0,001    B/op
HeaderCaptureBenchmark.capture:gc.count                 false          h1    request          8192  avgt    8     84,000             counts
HeaderCaptureBenchmark.capture:gc.time                  false          h1    request          8192  avgt    8     43,000                 ms
HeaderCaptureBenchmark.capture:process.cpu              false          h1    request          8192  avgt    8   1629,339 ±   34,402   ns/op
HeaderCaptureBenchmark.capture                          false          h1   response           400  avgt    8    167,788 ±    2,797   ns/op
HeaderCaptureBenchmark.capture:gc.alloc.rate            false          h1   response           400  avgt    8   8273,444 ±  138,427  MB/sec
HeaderCaptureBenchmark.capture:gc.alloc.rate.norm       false          h1   response           400  avgt    8   1456,002 ±    0,001    B/op
HeaderCaptureBenchmark.capture:gc.count                 false          h1   response           400  avgt    8     67,000             counts
HeaderCaptureBenchmark.capture:gc.time                  false          h1   response           400  avgt    8     34,000                 ms
HeaderCaptureBenchmark.capture:process.cpu              false          h1   response           400  avgt    8    171,946 ±    2,934   ns/op
HeaderCaptureBenchmark.capture                          false          h1   response          1600  avgt    8    557,669 ±   34,328   ns/op
HeaderCaptureBenchmark.capture:gc.alloc.rate            false          h1   response          1600  avgt    8   9074,704 ±  526,059  MB/sec
HeaderCaptureBenchmark.capture:gc.alloc.rate.norm       false          h1   response          1600  avgt    8   5304,008 ±    0,001    B/op
HeaderCaptureBenchmark.capture:gc.count                 false          h1   response          1600  avgt    8     66,000             counts
HeaderCaptureBenchmark.capture:gc.time                  false          h1   response          1600  avgt    8     34,000                 ms
HeaderCaptureBenchmark.capture:process.cpu              false          h1   response          1600  avgt    8    571,859 ±   33,755   ns/op
HeaderCaptureBenchmark.capture                          false          h1   response          8192  avgt    8   1551,946 ±   35,251   ns/op
HeaderCaptureBenchmark.capture:gc.alloc.rate            false          h1   response          8192  avgt    8  13602,635 ±  302,389  MB/sec
HeaderCaptureBenchmark.capture:gc.alloc.rate.norm       false          h1   response          8192  avgt    8  22144,022 ±    0,001    B/op
HeaderCaptureBenchmark.capture:gc.count                 false          h1   response          8192  avgt    8     78,000             counts
HeaderCaptureBenchmark.capture:gc.time                  false          h1   response          8192  avgt    8     41,000                 ms
HeaderCaptureBenchmark.capture:process.cpu              false          h1   response          8192  avgt    8   1612,375 ±   40,277   ns/op
HeaderCaptureBenchmark.capture                          false          h1     both25           400  avgt    8    182,614 ±   14,468   ns/op
HeaderCaptureBenchmark.capture:gc.alloc.rate            false          h1     both25           400  avgt    8   7612,546 ±  603,480  MB/sec
HeaderCaptureBenchmark.capture:gc.alloc.rate.norm       false          h1     both25           400  avgt    8   1456,003 ±    0,001    B/op
HeaderCaptureBenchmark.capture:gc.count                 false          h1     both25           400  avgt    8     69,000             counts
HeaderCaptureBenchmark.capture:gc.time                  false          h1     both25           400  avgt    8     34,000                 ms
HeaderCaptureBenchmark.capture:process.cpu              false          h1     both25           400  avgt    8    186,754 ±   14,673   ns/op
HeaderCaptureBenchmark.capture                          false          h1     both25          1600  avgt    8    558,029 ±    8,465   ns/op
HeaderCaptureBenchmark.capture:gc.alloc.rate            false          h1     both25          1600  avgt    8   9061,537 ±  136,801  MB/sec
HeaderCaptureBenchmark.capture:gc.alloc.rate.norm       false          h1     both25          1600  avgt    8   5304,008 ±    0,001    B/op
HeaderCaptureBenchmark.capture:gc.count                 false          h1     both25          1600  avgt    8     67,000             counts
HeaderCaptureBenchmark.capture:gc.time                  false          h1     both25          1600  avgt    8     35,000                 ms
HeaderCaptureBenchmark.capture:process.cpu              false          h1     both25          1600  avgt    8    571,610 ±    6,471   ns/op
HeaderCaptureBenchmark.capture                          false          h1     both25          8192  avgt    8   1571,401 ±   94,636   ns/op
HeaderCaptureBenchmark.capture:gc.alloc.rate            false          h1     both25          8192  avgt    8  13445,123 ±  782,389  MB/sec
HeaderCaptureBenchmark.capture:gc.alloc.rate.norm       false          h1     both25          8192  avgt    8  22144,023 ±    0,001    B/op
HeaderCaptureBenchmark.capture:gc.count                 false          h1     both25          8192  avgt    8     77,000             counts
HeaderCaptureBenchmark.capture:gc.time                  false          h1     both25          8192  avgt    8     40,000                 ms
HeaderCaptureBenchmark.capture:process.cpu              false          h1     both25          8192  avgt    8   1623,701 ±   77,390   ns/op
HeaderCaptureBenchmark.capture                          false          h1     both50           400  avgt    8    186,501 ±   11,638   ns/op
HeaderCaptureBenchmark.capture:gc.alloc.rate            false          h1     both50           400  avgt    8   7449,836 ±  464,456  MB/sec
HeaderCaptureBenchmark.capture:gc.alloc.rate.norm       false          h1     both50           400  avgt    8   1456,003 ±    0,001    B/op
HeaderCaptureBenchmark.capture:gc.count                 false          h1     both50           400  avgt    8     68,000             counts
HeaderCaptureBenchmark.capture:gc.time                  false          h1     both50           400  avgt    8     34,000                 ms
HeaderCaptureBenchmark.capture:process.cpu              false          h1     both50           400  avgt    8    191,068 ±   12,382   ns/op
HeaderCaptureBenchmark.capture                          false          h1     both50          1600  avgt    8    555,954 ±    9,289   ns/op
HeaderCaptureBenchmark.capture:gc.alloc.rate            false          h1     both50          1600  avgt    8   9095,863 ±  151,259  MB/sec
HeaderCaptureBenchmark.capture:gc.alloc.rate.norm       false          h1     both50          1600  avgt    8   5304,008 ±    0,001    B/op
HeaderCaptureBenchmark.capture:gc.count                 false          h1     both50          1600  avgt    8     67,000             counts
HeaderCaptureBenchmark.capture:gc.time                  false          h1     both50          1600  avgt    8     33,000                 ms
HeaderCaptureBenchmark.capture:process.cpu              false          h1     both50          1600  avgt    8    571,414 ±   12,204   ns/op
HeaderCaptureBenchmark.capture                          false          h1     both50          8192  avgt    8   1577,553 ±   32,830   ns/op
HeaderCaptureBenchmark.capture:gc.alloc.rate            false          h1     both50          8192  avgt    8  13383,180 ±  275,002  MB/sec
HeaderCaptureBenchmark.capture:gc.alloc.rate.norm       false          h1     both50          8192  avgt    8  22144,023 ±    0,001    B/op
HeaderCaptureBenchmark.capture:gc.count                 false          h1     both50          8192  avgt    8     75,000             counts
HeaderCaptureBenchmark.capture:gc.time                  false          h1     both50          8192  avgt    8     41,000                 ms
HeaderCaptureBenchmark.capture:process.cpu              false          h1     both50          8192  avgt    8   1629,359 ±   37,453   ns/op
HeaderCaptureBenchmark.capture                          false          h1     both75           400  avgt    8    171,341 ±    3,821   ns/op
HeaderCaptureBenchmark.capture:gc.alloc.rate            false          h1     both75           400  avgt    8   8102,323 ±  181,533  MB/sec
HeaderCaptureBenchmark.capture:gc.alloc.rate.norm       false          h1     both75           400  avgt    8   1456,002 ±    0,001    B/op
HeaderCaptureBenchmark.capture:gc.count                 false          h1     both75           400  avgt    8     59,000             counts
HeaderCaptureBenchmark.capture:gc.time                  false          h1     both75           400  avgt    8     30,000                 ms
HeaderCaptureBenchmark.capture:process.cpu              false          h1     both75           400  avgt    8    175,184 ±    4,476   ns/op
HeaderCaptureBenchmark.capture                          false          h1     both75          1600  avgt    8    556,309 ±   14,587   ns/op
HeaderCaptureBenchmark.capture:gc.alloc.rate            false          h1     both75          1600  avgt    8   9090,878 ±  236,144  MB/sec
HeaderCaptureBenchmark.capture:gc.alloc.rate.norm       false          h1     both75          1600  avgt    8   5304,008 ±    0,001    B/op
HeaderCaptureBenchmark.capture:gc.count                 false          h1     both75          1600  avgt    8     66,000             counts
HeaderCaptureBenchmark.capture:gc.time                  false          h1     both75          1600  avgt    8     33,000                 ms
HeaderCaptureBenchmark.capture:process.cpu              false          h1     both75          1600  avgt    8    571,147 ±   14,997   ns/op
HeaderCaptureBenchmark.capture                          false          h1     both75          8192  avgt    8   1572,120 ±   50,514   ns/op
HeaderCaptureBenchmark.capture:gc.alloc.rate            false          h1     both75          8192  avgt    8  13431,416 ±  425,130  MB/sec
HeaderCaptureBenchmark.capture:gc.alloc.rate.norm       false          h1     both75          8192  avgt    8  22144,023 ±    0,001    B/op
HeaderCaptureBenchmark.capture:gc.count                 false          h1     both75          8192  avgt    8     82,000             counts
HeaderCaptureBenchmark.capture:gc.time                  false          h1     both75          8192  avgt    8     43,000                 ms
HeaderCaptureBenchmark.capture:process.cpu              false          h1     both75          8192  avgt    8   1626,169 ±   45,054   ns/op
HeaderCaptureBenchmark.capture                          false          h1    both100           400  avgt    8    176,116 ±    3,527   ns/op
HeaderCaptureBenchmark.capture:gc.alloc.rate            false          h1    both100           400  avgt    8   7882,377 ±  157,893  MB/sec
HeaderCaptureBenchmark.capture:gc.alloc.rate.norm       false          h1    both100           400  avgt    8   1456,003 ±    0,001    B/op
HeaderCaptureBenchmark.capture:gc.count                 false          h1    both100           400  avgt    8     64,000             counts
HeaderCaptureBenchmark.capture:gc.time                  false          h1    both100           400  avgt    8     32,000                 ms
HeaderCaptureBenchmark.capture:process.cpu              false          h1    both100           400  avgt    8    180,580 ±    4,138   ns/op
HeaderCaptureBenchmark.capture                          false          h1    both100          1600  avgt    8    550,215 ±    7,170   ns/op
HeaderCaptureBenchmark.capture:gc.alloc.rate            false          h1    both100          1600  avgt    8   9190,599 ±  120,271  MB/sec
HeaderCaptureBenchmark.capture:gc.alloc.rate.norm       false          h1    both100          1600  avgt    8   5304,008 ±    0,001    B/op
HeaderCaptureBenchmark.capture:gc.count                 false          h1    both100          1600  avgt    8     67,000             counts
HeaderCaptureBenchmark.capture:gc.time                  false          h1    both100          1600  avgt    8     35,000                 ms
HeaderCaptureBenchmark.capture:process.cpu              false          h1    both100          1600  avgt    8    564,898 ±    8,695   ns/op
HeaderCaptureBenchmark.capture                          false          h1    both100          8192  avgt    8   1560,480 ±   35,693   ns/op
HeaderCaptureBenchmark.capture:gc.alloc.rate            false          h1    both100          8192  avgt    8  13530,527 ±  306,175  MB/sec
HeaderCaptureBenchmark.capture:gc.alloc.rate.norm       false          h1    both100          8192  avgt    8  22144,022 ±    0,001    B/op
HeaderCaptureBenchmark.capture:gc.count                 false          h1    both100          8192  avgt    8     79,000             counts
HeaderCaptureBenchmark.capture:gc.time                  false          h1    both100          8192  avgt    8     42,000                 ms
HeaderCaptureBenchmark.capture:process.cpu              false          h1    both100          8192  avgt    8   1617,438 ±   22,423   ns/op
HeaderCaptureBenchmark.capture                          false          h2     unread           400  avgt    8    120,669 ±    3,346   ns/op
HeaderCaptureBenchmark.capture:gc.alloc.rate            false          h2     unread           400  avgt    8   9988,408 ±  275,720  MB/sec
HeaderCaptureBenchmark.capture:gc.alloc.rate.norm       false          h2     unread           400  avgt    8   1264,002 ±    0,001    B/op
HeaderCaptureBenchmark.capture:gc.count                 false          h2     unread           400  avgt    8     73,000             counts
HeaderCaptureBenchmark.capture:gc.time                  false          h2     unread           400  avgt    8     38,000                 ms
HeaderCaptureBenchmark.capture:process.cpu              false          h2     unread           400  avgt    8    124,357 ±    3,169   ns/op
HeaderCaptureBenchmark.capture                          false          h2     unread          1600  avgt    8    431,429 ±   40,006   ns/op
HeaderCaptureBenchmark.capture:gc.alloc.rate            false          h2     unread          1600  avgt    8  11319,700 ± 1055,661  MB/sec
HeaderCaptureBenchmark.capture:gc.alloc.rate.norm       false          h2     unread          1600  avgt    8   5112,006 ±    0,001    B/op
HeaderCaptureBenchmark.capture:gc.count                 false          h2     unread          1600  avgt    8     74,000             counts
HeaderCaptureBenchmark.capture:gc.time                  false          h2     unread          1600  avgt    8     40,000                 ms
HeaderCaptureBenchmark.capture:process.cpu              false          h2     unread          1600  avgt    8    445,184 ±   38,395   ns/op
HeaderCaptureBenchmark.capture                          false          h2     unread          8192  avgt    8    767,988 ±   30,210   ns/op
HeaderCaptureBenchmark.capture:gc.alloc.rate            false          h2     unread          8192  avgt    8  27260,281 ± 1065,756  MB/sec
HeaderCaptureBenchmark.capture:gc.alloc.rate.norm       false          h2     unread          8192  avgt    8  21952,011 ±    0,001    B/op
HeaderCaptureBenchmark.capture:gc.count                 false          h2     unread          8192  avgt    8    120,000             counts
HeaderCaptureBenchmark.capture:gc.time                  false          h2     unread          8192  avgt    8     67,000                 ms
HeaderCaptureBenchmark.capture:process.cpu              false          h2     unread          8192  avgt    8    817,969 ±   29,531   ns/op
HeaderCaptureBenchmark.capture                          false          h2    request           400  avgt    8    118,176 ±    5,749   ns/op
HeaderCaptureBenchmark.capture:gc.alloc.rate            false          h2    request           400  avgt    8  10202,864 ±  503,160  MB/sec
HeaderCaptureBenchmark.capture:gc.alloc.rate.norm       false          h2    request           400  avgt    8   1264,002 ±    0,001    B/op
HeaderCaptureBenchmark.capture:gc.count                 false          h2    request           400  avgt    8     75,000             counts
HeaderCaptureBenchmark.capture:gc.time                  false          h2    request           400  avgt    8     39,000                 ms
HeaderCaptureBenchmark.capture:process.cpu              false          h2    request           400  avgt    8    121,316 ±    5,692   ns/op
HeaderCaptureBenchmark.capture                          false          h2    request          1600  avgt    8    417,029 ±   25,262   ns/op
HeaderCaptureBenchmark.capture:gc.alloc.rate            false          h2    request          1600  avgt    8  11695,631 ±  683,220  MB/sec
HeaderCaptureBenchmark.capture:gc.alloc.rate.norm       false          h2    request          1600  avgt    8   5112,006 ±    0,001    B/op
HeaderCaptureBenchmark.capture:gc.count                 false          h2    request          1600  avgt    8     75,000             counts
HeaderCaptureBenchmark.capture:gc.time                  false          h2    request          1600  avgt    8     39,000                 ms
HeaderCaptureBenchmark.capture:process.cpu              false          h2    request          1600  avgt    8    428,131 ±   19,974   ns/op
HeaderCaptureBenchmark.capture                          false          h2    request          8192  avgt    8    757,473 ±   38,968   ns/op
HeaderCaptureBenchmark.capture:gc.alloc.rate            false          h2    request          8192  avgt    8  27645,915 ± 1423,591  MB/sec
HeaderCaptureBenchmark.capture:gc.alloc.rate.norm       false          h2    request          8192  avgt    8  21952,011 ±    0,001    B/op
HeaderCaptureBenchmark.capture:gc.count                 false          h2    request          8192  avgt    8    118,000             counts
HeaderCaptureBenchmark.capture:gc.time                  false          h2    request          8192  avgt    8     67,000                 ms
HeaderCaptureBenchmark.capture:process.cpu              false          h2    request          8192  avgt    8    804,933 ±   38,458   ns/op
HeaderCaptureBenchmark.capture                          false          h2   response           400  avgt    8    118,831 ±    9,810   ns/op
HeaderCaptureBenchmark.capture:gc.alloc.rate            false          h2   response           400  avgt    8  10157,136 ±  839,412  MB/sec
HeaderCaptureBenchmark.capture:gc.alloc.rate.norm       false          h2   response           400  avgt    8   1264,002 ±    0,001    B/op
HeaderCaptureBenchmark.capture:gc.count                 false          h2   response           400  avgt    8     68,000             counts
HeaderCaptureBenchmark.capture:gc.time                  false          h2   response           400  avgt    8     37,000                 ms
HeaderCaptureBenchmark.capture:process.cpu              false          h2   response           400  avgt    8    122,055 ±    8,984   ns/op
HeaderCaptureBenchmark.capture                          false          h2   response          1600  avgt    8    424,905 ±   31,833   ns/op
HeaderCaptureBenchmark.capture:gc.alloc.rate            false          h2   response          1600  avgt    8  11485,485 ±  857,523  MB/sec
HeaderCaptureBenchmark.capture:gc.alloc.rate.norm       false          h2   response          1600  avgt    8   5112,006 ±    0,001    B/op
HeaderCaptureBenchmark.capture:gc.count                 false          h2   response          1600  avgt    8     81,000             counts
HeaderCaptureBenchmark.capture:gc.time                  false          h2   response          1600  avgt    8     43,000                 ms
HeaderCaptureBenchmark.capture:process.cpu              false          h2   response          1600  avgt    8    438,738 ±   30,990   ns/op
HeaderCaptureBenchmark.capture                          false          h2   response          8192  avgt    8    785,064 ±   47,576   ns/op
HeaderCaptureBenchmark.capture:gc.alloc.rate            false          h2   response          8192  avgt    8  26680,423 ± 1602,800  MB/sec
HeaderCaptureBenchmark.capture:gc.alloc.rate.norm       false          h2   response          8192  avgt    8  21952,011 ±    0,001    B/op
HeaderCaptureBenchmark.capture:gc.count                 false          h2   response          8192  avgt    8    106,000             counts
HeaderCaptureBenchmark.capture:gc.time                  false          h2   response          8192  avgt    8     60,000                 ms
HeaderCaptureBenchmark.capture:process.cpu              false          h2   response          8192  avgt    8    832,298 ±   48,032   ns/op
HeaderCaptureBenchmark.capture                          false          h2     both25           400  avgt    8    121,350 ±   10,583   ns/op
HeaderCaptureBenchmark.capture:gc.alloc.rate            false          h2     both25           400  avgt    8   9948,714 ±  861,802  MB/sec
HeaderCaptureBenchmark.capture:gc.alloc.rate.norm       false          h2     both25           400  avgt    8   1264,002 ±    0,001    B/op
HeaderCaptureBenchmark.capture:gc.count                 false          h2     both25           400  avgt    8     72,000             counts
HeaderCaptureBenchmark.capture:gc.time                  false          h2     both25           400  avgt    8     36,000                 ms
HeaderCaptureBenchmark.capture:process.cpu              false          h2     both25           400  avgt    8    124,555 ±    9,455   ns/op
HeaderCaptureBenchmark.capture                          false          h2     both25          1600  avgt    8    421,845 ±   34,581   ns/op
HeaderCaptureBenchmark.capture:gc.alloc.rate            false          h2     both25          1600  avgt    8  11570,721 ±  905,134  MB/sec
HeaderCaptureBenchmark.capture:gc.alloc.rate.norm       false          h2     both25          1600  avgt    8   5112,006 ±    0,001    B/op
HeaderCaptureBenchmark.capture:gc.count                 false          h2     both25          1600  avgt    8     69,000             counts
HeaderCaptureBenchmark.capture:gc.time                  false          h2     both25          1600  avgt    8     37,000                 ms
HeaderCaptureBenchmark.capture:process.cpu              false          h2     both25          1600  avgt    8    435,018 ±   30,907   ns/op
HeaderCaptureBenchmark.capture                          false          h2     both25          8192  avgt    8    753,558 ±   37,671   ns/op
HeaderCaptureBenchmark.capture:gc.alloc.rate            false          h2     both25          8192  avgt    8  27787,103 ± 1378,989  MB/sec
HeaderCaptureBenchmark.capture:gc.alloc.rate.norm       false          h2     both25          8192  avgt    8  21952,011 ±    0,001    B/op
HeaderCaptureBenchmark.capture:gc.count                 false          h2     both25          8192  avgt    8    121,000             counts
HeaderCaptureBenchmark.capture:gc.time                  false          h2     both25          8192  avgt    8     67,000                 ms
HeaderCaptureBenchmark.capture:process.cpu              false          h2     both25          8192  avgt    8    802,482 ±   35,809   ns/op
HeaderCaptureBenchmark.capture                          false          h2     both50           400  avgt    8    124,535 ±    3,949   ns/op
HeaderCaptureBenchmark.capture:gc.alloc.rate            false          h2     both50           400  avgt    8   9678,621 ±  304,646  MB/sec
HeaderCaptureBenchmark.capture:gc.alloc.rate.norm       false          h2     both50           400  avgt    8   1264,002 ±    0,001    B/op
HeaderCaptureBenchmark.capture:gc.count                 false          h2     both50           400  avgt    8     71,000             counts
HeaderCaptureBenchmark.capture:gc.time                  false          h2     both50           400  avgt    8     35,000                 ms
HeaderCaptureBenchmark.capture:process.cpu              false          h2     both50           400  avgt    8    128,395 ±    3,574   ns/op
HeaderCaptureBenchmark.capture                          false          h2     both50          1600  avgt    8    431,991 ±   47,712   ns/op
HeaderCaptureBenchmark.capture:gc.alloc.rate            false          h2     both50          1600  avgt    8  11313,693 ± 1252,102  MB/sec
HeaderCaptureBenchmark.capture:gc.alloc.rate.norm       false          h2     both50          1600  avgt    8   5112,006 ±    0,001    B/op
HeaderCaptureBenchmark.capture:gc.count                 false          h2     both50          1600  avgt    8     72,000             counts
HeaderCaptureBenchmark.capture:gc.time                  false          h2     both50          1600  avgt    8     39,000                 ms
HeaderCaptureBenchmark.capture:process.cpu              false          h2     both50          1600  avgt    8    445,338 ±   48,396   ns/op
HeaderCaptureBenchmark.capture                          false          h2     both50          8192  avgt    8    749,590 ±   14,617   ns/op
HeaderCaptureBenchmark.capture:gc.alloc.rate            false          h2     both50          8192  avgt    8  27922,268 ±  547,807  MB/sec
HeaderCaptureBenchmark.capture:gc.alloc.rate.norm       false          h2     both50          8192  avgt    8  21952,011 ±    0,001    B/op
HeaderCaptureBenchmark.capture:gc.count                 false          h2     both50          8192  avgt    8    122,000             counts
HeaderCaptureBenchmark.capture:gc.time                  false          h2     both50          8192  avgt    8     67,000                 ms
HeaderCaptureBenchmark.capture:process.cpu              false          h2     both50          8192  avgt    8    801,158 ±   18,633   ns/op
HeaderCaptureBenchmark.capture                          false          h2     both75           400  avgt    8    117,518 ±    1,633   ns/op
HeaderCaptureBenchmark.capture:gc.alloc.rate            false          h2     both75           400  avgt    8  10254,631 ±  143,091  MB/sec
HeaderCaptureBenchmark.capture:gc.alloc.rate.norm       false          h2     both75           400  avgt    8   1264,002 ±    0,001    B/op
HeaderCaptureBenchmark.capture:gc.count                 false          h2     both75           400  avgt    8     74,000             counts
HeaderCaptureBenchmark.capture:gc.time                  false          h2     both75           400  avgt    8     38,000                 ms
HeaderCaptureBenchmark.capture:process.cpu              false          h2     both75           400  avgt    8    121,431 ±    2,328   ns/op
HeaderCaptureBenchmark.capture                          false          h2     both75          1600  avgt    8    409,225 ±    5,583   ns/op
HeaderCaptureBenchmark.capture:gc.alloc.rate            false          h2     both75          1600  avgt    8  11909,650 ±  162,222  MB/sec
HeaderCaptureBenchmark.capture:gc.alloc.rate.norm       false          h2     both75          1600  avgt    8   5112,006 ±    0,001    B/op
HeaderCaptureBenchmark.capture:gc.count                 false          h2     both75          1600  avgt    8     84,000             counts
HeaderCaptureBenchmark.capture:gc.time                  false          h2     both75          1600  avgt    8     44,000                 ms
HeaderCaptureBenchmark.capture:process.cpu              false          h2     both75          1600  avgt    8    425,281 ±    7,351   ns/op
HeaderCaptureBenchmark.capture                          false          h2     both75          8192  avgt    8    792,601 ±   35,791   ns/op
HeaderCaptureBenchmark.capture:gc.alloc.rate            false          h2     both75          8192  avgt    8  26414,754 ± 1156,524  MB/sec
HeaderCaptureBenchmark.capture:gc.alloc.rate.norm       false          h2     both75          8192  avgt    8  21952,011 ±    0,001    B/op
HeaderCaptureBenchmark.capture:gc.count                 false          h2     both75          8192  avgt    8    116,000             counts
HeaderCaptureBenchmark.capture:gc.time                  false          h2     both75          8192  avgt    8     64,000                 ms
HeaderCaptureBenchmark.capture:process.cpu              false          h2     both75          8192  avgt    8    842,333 ±   40,731   ns/op
HeaderCaptureBenchmark.capture                          false          h2    both100           400  avgt    8    118,102 ±    5,218   ns/op
HeaderCaptureBenchmark.capture:gc.alloc.rate            false          h2    both100           400  avgt    8  10208,234 ±  450,641  MB/sec
HeaderCaptureBenchmark.capture:gc.alloc.rate.norm       false          h2    both100           400  avgt    8   1264,002 ±    0,001    B/op
HeaderCaptureBenchmark.capture:gc.count                 false          h2    both100           400  avgt    8     68,000             counts
HeaderCaptureBenchmark.capture:gc.time                  false          h2    both100           400  avgt    8     36,000                 ms
HeaderCaptureBenchmark.capture:process.cpu              false          h2    both100           400  avgt    8    121,701 ±    4,498   ns/op
HeaderCaptureBenchmark.capture                          false          h2    both100          1600  avgt    8    412,613 ±   21,526   ns/op
HeaderCaptureBenchmark.capture:gc.alloc.rate            false          h2    both100          1600  avgt    8  11818,625 ±  590,665  MB/sec
HeaderCaptureBenchmark.capture:gc.alloc.rate.norm       false          h2    both100          1600  avgt    8   5112,006 ±    0,001    B/op
HeaderCaptureBenchmark.capture:gc.count                 false          h2    both100          1600  avgt    8     84,000             counts
HeaderCaptureBenchmark.capture:gc.time                  false          h2    both100          1600  avgt    8     44,000                 ms
HeaderCaptureBenchmark.capture:process.cpu              false          h2    both100          1600  avgt    8    426,503 ±   13,485   ns/op
HeaderCaptureBenchmark.capture                          false          h2    both100          8192  avgt    8    763,556 ±   28,013   ns/op
HeaderCaptureBenchmark.capture:gc.alloc.rate            false          h2    both100          8192  avgt    8  27417,598 ± 1010,008  MB/sec
HeaderCaptureBenchmark.capture:gc.alloc.rate.norm       false          h2    both100          8192  avgt    8  21952,011 ±    0,001    B/op
HeaderCaptureBenchmark.capture:gc.count                 false          h2    both100          8192  avgt    8    119,000             counts
HeaderCaptureBenchmark.capture:gc.time                  false          h2    both100          8192  avgt    8     66,000                 ms
HeaderCaptureBenchmark.capture:process.cpu              false          h2    both100          8192  avgt    8    812,336 ±   25,991   ns/op
HeaderCaptureBenchmark.capture                           true          h1     unread           400  avgt    8    121,476 ±   10,384   ns/op
HeaderCaptureBenchmark.capture:gc.alloc.rate             true          h1     unread           400  avgt    8   9308,443 ±  795,825  MB/sec
HeaderCaptureBenchmark.capture:gc.alloc.rate.norm        true          h1     unread           400  avgt    8   1184,002 ±    0,001    B/op
HeaderCaptureBenchmark.capture:gc.count                  true          h1     unread           400  avgt    8     68,000             counts
HeaderCaptureBenchmark.capture:gc.time                   true          h1     unread           400  avgt    8     35,000                 ms
HeaderCaptureBenchmark.capture:process.cpu               true          h1     unread           400  avgt    8    124,670 ±   10,064   ns/op
HeaderCaptureBenchmark.capture                           true          h1     unread          1600  avgt    8    217,617 ±    1,548   ns/op
HeaderCaptureBenchmark.capture:gc.alloc.rate             true          h1     unread          1600  avgt    8  11075,208 ±   78,958  MB/sec
HeaderCaptureBenchmark.capture:gc.alloc.rate.norm        true          h1     unread          1600  avgt    8   2528,003 ±    0,001    B/op
HeaderCaptureBenchmark.capture:gc.count                  true          h1     unread          1600  avgt    8     74,000             counts
HeaderCaptureBenchmark.capture:gc.time                   true          h1     unread          1600  avgt    8     38,000                 ms
HeaderCaptureBenchmark.capture:process.cpu               true          h1     unread          1600  avgt    8    224,489 ±    2,531   ns/op
HeaderCaptureBenchmark.capture                           true          h1     unread          8192  avgt    8    321,528 ±   13,498   ns/op
HeaderCaptureBenchmark.capture:gc.alloc.rate             true          h1     unread          8192  avgt    8  17370,884 ±  710,733  MB/sec
HeaderCaptureBenchmark.capture:gc.alloc.rate.norm        true          h1     unread          8192  avgt    8   5856,005 ±    0,001    B/op
HeaderCaptureBenchmark.capture:gc.count                  true          h1     unread          8192  avgt    8    100,000             counts
HeaderCaptureBenchmark.capture:gc.time                   true          h1     unread          8192  avgt    8     54,000                 ms
HeaderCaptureBenchmark.capture:process.cpu               true          h1     unread          8192  avgt    8    335,362 ±   12,070   ns/op
HeaderCaptureBenchmark.capture                           true          h1    request           400  avgt    8    157,336 ±    6,290   ns/op
HeaderCaptureBenchmark.capture:gc.alloc.rate             true          h1    request           400  avgt    8   8922,798 ±  351,185  MB/sec
HeaderCaptureBenchmark.capture:gc.alloc.rate.norm        true          h1    request           400  avgt    8   1472,002 ±    0,001    B/op
HeaderCaptureBenchmark.capture:gc.count                  true          h1    request           400  avgt    8     65,000             counts
HeaderCaptureBenchmark.capture:gc.time                   true          h1    request           400  avgt    8     32,000                 ms
HeaderCaptureBenchmark.capture:process.cpu               true          h1    request           400  avgt    8    161,415 ±    6,365   ns/op
HeaderCaptureBenchmark.capture                           true          h1    request          1600  avgt    8    372,224 ±    6,570   ns/op
HeaderCaptureBenchmark.capture:gc.alloc.rate             true          h1    request          1600  avgt    8   8729,587 ±  153,079  MB/sec
HeaderCaptureBenchmark.capture:gc.alloc.rate.norm        true          h1    request          1600  avgt    8   3408,005 ±    0,001    B/op
HeaderCaptureBenchmark.capture:gc.count                  true          h1    request          1600  avgt    8     63,000             counts
HeaderCaptureBenchmark.capture:gc.time                   true          h1    request          1600  avgt    8     32,000                 ms
HeaderCaptureBenchmark.capture:process.cpu               true          h1    request          1600  avgt    8    381,416 ±    5,943   ns/op
HeaderCaptureBenchmark.capture                           true          h1    request          8192  avgt    8    554,825 ±   20,050   ns/op
HeaderCaptureBenchmark.capture:gc.alloc.rate             true          h1    request          8192  avgt    8  17243,455 ±  630,994  MB/sec
HeaderCaptureBenchmark.capture:gc.alloc.rate.norm        true          h1    request          8192  avgt    8  10032,008 ±    0,001    B/op
HeaderCaptureBenchmark.capture:gc.count                  true          h1    request          8192  avgt    8     94,000             counts
HeaderCaptureBenchmark.capture:gc.time                   true          h1    request          8192  avgt    8     49,000                 ms
HeaderCaptureBenchmark.capture:process.cpu               true          h1    request          8192  avgt    8    579,738 ±   22,542   ns/op
HeaderCaptureBenchmark.capture                           true          h1   response           400  avgt    8    152,983 ±   15,793   ns/op
HeaderCaptureBenchmark.capture:gc.alloc.rate             true          h1   response           400  avgt    8  10396,644 ± 1072,826  MB/sec
HeaderCaptureBenchmark.capture:gc.alloc.rate.norm        true          h1   response           400  avgt    8   1664,002 ±    0,001    B/op
HeaderCaptureBenchmark.capture:gc.count                  true          h1   response           400  avgt    8     76,000             counts
HeaderCaptureBenchmark.capture:gc.time                   true          h1   response           400  avgt    8     38,000                 ms
HeaderCaptureBenchmark.capture:process.cpu               true          h1   response           400  avgt    8    157,796 ±   15,073   ns/op
HeaderCaptureBenchmark.capture                           true          h1   response          1600  avgt    8    326,961 ±   24,839   ns/op
HeaderCaptureBenchmark.capture:gc.alloc.rate             true          h1   response          1600  avgt    8  12285,753 ±  864,056  MB/sec
HeaderCaptureBenchmark.capture:gc.alloc.rate.norm        true          h1   response          1600  avgt    8   4208,005 ±    0,001    B/op
HeaderCaptureBenchmark.capture:gc.count                  true          h1   response          1600  avgt    8     74,000             counts
HeaderCaptureBenchmark.capture:gc.time                   true          h1   response          1600  avgt    8     40,000                 ms
HeaderCaptureBenchmark.capture:process.cpu               true          h1   response          1600  avgt    8    337,427 ±   22,942   ns/op
HeaderCaptureBenchmark.capture                           true          h1   response          8192  avgt    8    578,535 ±   12,772   ns/op
HeaderCaptureBenchmark.capture:gc.alloc.rate             true          h1   response          8192  avgt    8  23283,805 ±  505,845  MB/sec
HeaderCaptureBenchmark.capture:gc.alloc.rate.norm        true          h1   response          8192  avgt    8  14128,008 ±    0,001    B/op
HeaderCaptureBenchmark.capture:gc.count                  true          h1   response          8192  avgt    8    110,000             counts
HeaderCaptureBenchmark.capture:gc.time                   true          h1   response          8192  avgt    8     62,000                 ms
HeaderCaptureBenchmark.capture:process.cpu               true          h1   response          8192  avgt    8    611,274 ±   13,270   ns/op
HeaderCaptureBenchmark.capture                           true          h1     both25           400  avgt    8    144,733 ±   16,637   ns/op
HeaderCaptureBenchmark.capture:gc.alloc.rate             true          h1     both25           400  avgt    8   9092,869 ± 1046,285  MB/sec
HeaderCaptureBenchmark.capture:gc.alloc.rate.norm        true          h1     both25           400  avgt    8   1376,002 ±    0,001    B/op
HeaderCaptureBenchmark.capture:gc.count                  true          h1     both25           400  avgt    8     66,000             counts
HeaderCaptureBenchmark.capture:gc.time                   true          h1     both25           400  avgt    8     35,000                 ms
HeaderCaptureBenchmark.capture:process.cpu               true          h1     both25           400  avgt    8    148,309 ±   16,190   ns/op
HeaderCaptureBenchmark.capture                           true          h1     both25          1600  avgt    8    306,176 ±   49,522   ns/op
HeaderCaptureBenchmark.capture:gc.alloc.rate             true          h1     both25          1600  avgt    8   9926,761 ± 1605,234  MB/sec
HeaderCaptureBenchmark.capture:gc.alloc.rate.norm        true          h1     both25          1600  avgt    8   3168,005 ±    0,002    B/op
HeaderCaptureBenchmark.capture:gc.count                  true          h1     both25          1600  avgt    8     72,000             counts
HeaderCaptureBenchmark.capture:gc.time                   true          h1     both25          1600  avgt    8     37,000                 ms
HeaderCaptureBenchmark.capture:process.cpu               true          h1     both25          1600  avgt    8    314,149 ±   49,980   ns/op
HeaderCaptureBenchmark.capture                           true          h1     both25          8192  avgt    8    444,428 ±    5,505   ns/op
HeaderCaptureBenchmark.capture:gc.alloc.rate             true          h1     both25          8192  avgt    8  19238,194 ±  238,000  MB/sec
HeaderCaptureBenchmark.capture:gc.alloc.rate.norm        true          h1     both25          8192  avgt    8   8968,007 ±    0,014    B/op
HeaderCaptureBenchmark.capture:gc.count                  true          h1     both25          8192  avgt    8     92,000             counts
HeaderCaptureBenchmark.capture:gc.time                   true          h1     both25          8192  avgt    8     50,000                 ms
HeaderCaptureBenchmark.capture:process.cpu               true          h1     both25          8192  avgt    8    464,197 ±    6,207   ns/op
HeaderCaptureBenchmark.capture                           true          h1     both50           400  avgt    8    157,119 ±    1,414   ns/op
HeaderCaptureBenchmark.capture:gc.alloc.rate             true          h1     both50           400  avgt    8   9514,867 ±   86,099  MB/sec
HeaderCaptureBenchmark.capture:gc.alloc.rate.norm        true          h1     both50           400  avgt    8   1568,002 ±    0,001    B/op
HeaderCaptureBenchmark.capture:gc.count                  true          h1     both50           400  avgt    8     70,000             counts
HeaderCaptureBenchmark.capture:gc.time                   true          h1     both50           400  avgt    8     36,000                 ms
HeaderCaptureBenchmark.capture:process.cpu               true          h1     both50           400  avgt    8    161,577 ±    2,064   ns/op
HeaderCaptureBenchmark.capture                           true          h1     both50          1600  avgt    8    345,099 ±   18,560   ns/op
HeaderCaptureBenchmark.capture:gc.alloc.rate             true          h1     both50          1600  avgt    8  10602,962 ±  416,173  MB/sec
HeaderCaptureBenchmark.capture:gc.alloc.rate.norm        true          h1     both50          1600  avgt    8   3836,005 ±   57,233    B/op
HeaderCaptureBenchmark.capture:gc.count                  true          h1     both50          1600  avgt    8     77,000             counts
HeaderCaptureBenchmark.capture:gc.time                   true          h1     both50          1600  avgt    8     40,000                 ms
HeaderCaptureBenchmark.capture:process.cpu               true          h1     both50          1600  avgt    8    355,575 ±   19,181   ns/op
HeaderCaptureBenchmark.capture                           true          h1     both50          8192  avgt    8    585,602 ±   26,828   ns/op
HeaderCaptureBenchmark.capture:gc.alloc.rate             true          h1     both50          8192  avgt    8  19675,497 ±  885,219  MB/sec
HeaderCaptureBenchmark.capture:gc.alloc.rate.norm        true          h1     both50          8192  avgt    8  12080,009 ±    0,024    B/op
HeaderCaptureBenchmark.capture:gc.count                  true          h1     both50          8192  avgt    8    104,000             counts
HeaderCaptureBenchmark.capture:gc.time                   true          h1     both50          8192  avgt    8     55,000                 ms
HeaderCaptureBenchmark.capture:process.cpu               true          h1     both50          8192  avgt    8    616,530 ±   26,083   ns/op
HeaderCaptureBenchmark.capture                           true          h1     both75           400  avgt    8    166,218 ±   14,080   ns/op
HeaderCaptureBenchmark.capture:gc.alloc.rate             true          h1     both75           400  avgt    8  10112,561 ±  857,670  MB/sec
HeaderCaptureBenchmark.capture:gc.alloc.rate.norm        true          h1     both75           400  avgt    8   1760,002 ±    0,001    B/op
HeaderCaptureBenchmark.capture:gc.count                  true          h1     both75           400  avgt    8     75,000             counts
HeaderCaptureBenchmark.capture:gc.time                   true          h1     both75           400  avgt    8     37,000                 ms
HeaderCaptureBenchmark.capture:process.cpu               true          h1     both75           400  avgt    8    170,813 ±   13,501   ns/op
HeaderCaptureBenchmark.capture                           true          h1     both75          1600  avgt    8    398,958 ±    8,394   ns/op
HeaderCaptureBenchmark.capture:gc.alloc.rate             true          h1     both75          1600  avgt    8  10630,626 ±  223,578  MB/sec
HeaderCaptureBenchmark.capture:gc.alloc.rate.norm        true          h1     both75          1600  avgt    8   4448,006 ±    0,003    B/op
HeaderCaptureBenchmark.capture:gc.count                  true          h1     both75          1600  avgt    8     77,000             counts
HeaderCaptureBenchmark.capture:gc.time                   true          h1     both75          1600  avgt    8     40,000                 ms
HeaderCaptureBenchmark.capture:process.cpu               true          h1     both75          1600  avgt    8    411,378 ±   10,626   ns/op
HeaderCaptureBenchmark.capture                           true          h1     both75          8192  avgt    8    697,518 ±   24,781   ns/op
HeaderCaptureBenchmark.capture:gc.alloc.rate             true          h1     both75          8192  avgt    8  20770,767 ±  716,590  MB/sec
HeaderCaptureBenchmark.capture:gc.alloc.rate.norm        true          h1     both75          8192  avgt    8  15192,010 ±    0,015    B/op
HeaderCaptureBenchmark.capture:gc.count                  true          h1     both75          8192  avgt    8     97,000             counts
HeaderCaptureBenchmark.capture:gc.time                   true          h1     both75          8192  avgt    8     52,000                 ms
HeaderCaptureBenchmark.capture:process.cpu               true          h1     both75          8192  avgt    8    729,098 ±   17,389   ns/op
HeaderCaptureBenchmark.capture                           true          h1    both100           400  avgt    8    186,951 ±    4,605   ns/op
HeaderCaptureBenchmark.capture:gc.alloc.rate             true          h1    both100           400  avgt    8   9955,927 ±  240,453  MB/sec
HeaderCaptureBenchmark.capture:gc.alloc.rate.norm        true          h1    both100           400  avgt    8   1952,003 ±    0,001    B/op
HeaderCaptureBenchmark.capture:gc.count                  true          h1    both100           400  avgt    8     72,000             counts
HeaderCaptureBenchmark.capture:gc.time                   true          h1    both100           400  avgt    8     37,000                 ms
HeaderCaptureBenchmark.capture:process.cpu               true          h1    both100           400  avgt    8    192,480 ±    3,735   ns/op
HeaderCaptureBenchmark.capture                           true          h1    both100          1600  avgt    8    463,731 ±   13,668   ns/op
HeaderCaptureBenchmark.capture:gc.alloc.rate             true          h1    both100          1600  avgt    8  10461,998 ±  303,185  MB/sec
HeaderCaptureBenchmark.capture:gc.alloc.rate.norm        true          h1    both100          1600  avgt    8   5088,007 ±    0,001    B/op
HeaderCaptureBenchmark.capture:gc.count                  true          h1    both100          1600  avgt    8     76,000             counts
HeaderCaptureBenchmark.capture:gc.time                   true          h1    both100          1600  avgt    8     39,000                 ms
HeaderCaptureBenchmark.capture:process.cpu               true          h1    both100          1600  avgt    8    478,263 ±   15,733   ns/op
HeaderCaptureBenchmark.capture                           true          h1    both100          8192  avgt    8    822,665 ±   12,278   ns/op
HeaderCaptureBenchmark.capture:gc.alloc.rate             true          h1    both100          8192  avgt    8  21213,230 ±  317,903  MB/sec
HeaderCaptureBenchmark.capture:gc.alloc.rate.norm        true          h1    both100          8192  avgt    8  18304,012 ±    0,001    B/op
HeaderCaptureBenchmark.capture:gc.count                  true          h1    both100          8192  avgt    8     98,000             counts
HeaderCaptureBenchmark.capture:gc.time                   true          h1    both100          8192  avgt    8     55,000                 ms
HeaderCaptureBenchmark.capture:process.cpu               true          h1    both100          8192  avgt    8    864,170 ±   15,880   ns/op
HeaderCaptureBenchmark.capture                           true          h2     unread           400  avgt    8     73,323 ±    4,078   ns/op
HeaderCaptureBenchmark.capture:gc.alloc.rate             true          h2     unread           400  avgt    8   9368,939 ±  521,125  MB/sec
HeaderCaptureBenchmark.capture:gc.alloc.rate.norm        true          h2     unread           400  avgt    8    720,001 ±    0,001    B/op
HeaderCaptureBenchmark.capture:gc.count                  true          h2     unread           400  avgt    8     69,000             counts
HeaderCaptureBenchmark.capture:gc.time                   true          h2     unread           400  avgt    8     36,000                 ms
HeaderCaptureBenchmark.capture:process.cpu               true          h2     unread           400  avgt    8     75,389 ±    4,728   ns/op
HeaderCaptureBenchmark.capture                           true          h2     unread          1600  avgt    8    146,816 ±    1,862   ns/op
HeaderCaptureBenchmark.capture:gc.alloc.rate             true          h2     unread          1600  avgt    8   6545,916 ±   83,280  MB/sec
HeaderCaptureBenchmark.capture:gc.alloc.rate.norm        true          h2     unread          1600  avgt    8   1008,002 ±    0,001    B/op
HeaderCaptureBenchmark.capture:gc.count                  true          h2     unread          1600  avgt    8     59,000             counts
HeaderCaptureBenchmark.capture:gc.time                   true          h2     unread          1600  avgt    8     30,000                 ms
HeaderCaptureBenchmark.capture:process.cpu               true          h2     unread          1600  avgt    8    149,983 ±    2,165   ns/op
HeaderCaptureBenchmark.capture                           true          h2     unread          8192  avgt    8    181,857 ±   66,241   ns/op
HeaderCaptureBenchmark.capture:gc.alloc.rate             true          h2     unread          8192  avgt    8   5457,899 ± 1988,229  MB/sec
HeaderCaptureBenchmark.capture:gc.alloc.rate.norm        true          h2     unread          8192  avgt    8   1008,003 ±    0,001    B/op
HeaderCaptureBenchmark.capture:gc.count                  true          h2     unread          8192  avgt    8     50,000             counts
HeaderCaptureBenchmark.capture:gc.time                   true          h2     unread          8192  avgt    8     26,000                 ms
HeaderCaptureBenchmark.capture:process.cpu               true          h2     unread          8192  avgt    8    184,940 ±   66,476   ns/op
HeaderCaptureBenchmark.capture                           true          h2    request           400  avgt    8    108,181 ±    2,430   ns/op
HeaderCaptureBenchmark.capture:gc.alloc.rate             true          h2    request           400  avgt    8   8884,552 ±  199,964  MB/sec
HeaderCaptureBenchmark.capture:gc.alloc.rate.norm        true          h2    request           400  avgt    8   1008,002 ±    0,001    B/op
HeaderCaptureBenchmark.capture:gc.count                  true          h2    request           400  avgt    8     65,000             counts
HeaderCaptureBenchmark.capture:gc.time                   true          h2    request           400  avgt    8     34,000                 ms
HeaderCaptureBenchmark.capture:process.cpu               true          h2    request           400  avgt    8    111,175 ±    2,911   ns/op
HeaderCaptureBenchmark.capture                           true          h2    request          1600  avgt    8    299,700 ±    3,648   ns/op
HeaderCaptureBenchmark.capture:gc.alloc.rate             true          h2    request          1600  avgt    8   6006,062 ±   72,763  MB/sec
HeaderCaptureBenchmark.capture:gc.alloc.rate.norm        true          h2    request          1600  avgt    8   1888,004 ±    0,001    B/op
HeaderCaptureBenchmark.capture:gc.count                  true          h2    request          1600  avgt    8     54,000             counts
HeaderCaptureBenchmark.capture:gc.time                   true          h2    request          1600  avgt    8     26,000                 ms
HeaderCaptureBenchmark.capture:process.cpu               true          h2    request          1600  avgt    8    306,060 ±    2,896   ns/op
HeaderCaptureBenchmark.capture                           true          h2    request          8192  avgt    8    388,462 ±   16,551   ns/op
HeaderCaptureBenchmark.capture:gc.alloc.rate             true          h2    request          8192  avgt    8  12728,273 ±  536,066  MB/sec
HeaderCaptureBenchmark.capture:gc.alloc.rate.norm        true          h2    request          8192  avgt    8   5184,006 ±    0,001    B/op
HeaderCaptureBenchmark.capture:gc.count                  true          h2    request          8192  avgt    8     76,000             counts
HeaderCaptureBenchmark.capture:gc.time                   true          h2    request          8192  avgt    8     40,000                 ms
HeaderCaptureBenchmark.capture:process.cpu               true          h2    request          8192  avgt    8    402,710 ±   19,790   ns/op
HeaderCaptureBenchmark.capture                           true          h2   response           400  avgt    8    113,202 ±    1,883   ns/op
HeaderCaptureBenchmark.capture:gc.alloc.rate             true          h2   response           400  avgt    8  10106,838 ±  166,730  MB/sec
HeaderCaptureBenchmark.capture:gc.alloc.rate.norm        true          h2   response           400  avgt    8   1200,002 ±    0,001    B/op
HeaderCaptureBenchmark.capture:gc.count                  true          h2   response           400  avgt    8     67,000             counts
HeaderCaptureBenchmark.capture:gc.time                   true          h2   response           400  avgt    8     35,000                 ms
HeaderCaptureBenchmark.capture:process.cpu               true          h2   response           400  avgt    8    116,002 ±    1,960   ns/op
HeaderCaptureBenchmark.capture                           true          h2   response          1600  avgt    8    313,253 ±   12,737   ns/op
HeaderCaptureBenchmark.capture:gc.alloc.rate             true          h2   response          1600  avgt    8   8183,770 ±  328,648  MB/sec
HeaderCaptureBenchmark.capture:gc.alloc.rate.norm        true          h2   response          1600  avgt    8   2688,004 ±    0,001    B/op
HeaderCaptureBenchmark.capture:gc.count                  true          h2   response          1600  avgt    8     66,000             counts
HeaderCaptureBenchmark.capture:gc.time                   true          h2   response          1600  avgt    8     34,000                 ms
HeaderCaptureBenchmark.capture:process.cpu               true          h2   response          1600  avgt    8    319,921 ±    7,344   ns/op
HeaderCaptureBenchmark.capture                           true          h2   response          8192  avgt    8    472,918 ±   23,672   ns/op
HeaderCaptureBenchmark.capture:gc.alloc.rate             true          h2   response          8192  avgt    8  18717,939 ±  892,572  MB/sec
HeaderCaptureBenchmark.capture:gc.alloc.rate.norm        true          h2   response          8192  avgt    8   9280,007 ±    0,001    B/op
HeaderCaptureBenchmark.capture:gc.count                  true          h2   response          8192  avgt    8     91,000             counts
HeaderCaptureBenchmark.capture:gc.time                   true          h2   response          8192  avgt    8     52,000                 ms
HeaderCaptureBenchmark.capture:process.cpu               true          h2   response          8192  avgt    8    494,945 ±   24,486   ns/op
HeaderCaptureBenchmark.capture                           true          h2     both25           400  avgt    8     96,802 ±    3,284   ns/op
HeaderCaptureBenchmark.capture:gc.alloc.rate             true          h2     both25           400  avgt    8   8984,201 ±  303,294  MB/sec
HeaderCaptureBenchmark.capture:gc.alloc.rate.norm        true          h2     both25           400  avgt    8    912,001 ±    0,001    B/op
HeaderCaptureBenchmark.capture:gc.count                  true          h2     both25           400  avgt    8     66,000             counts
HeaderCaptureBenchmark.capture:gc.time                   true          h2     both25           400  avgt    8     34,000                 ms
HeaderCaptureBenchmark.capture:process.cpu               true          h2     both25           400  avgt    8     98,948 ±    3,487   ns/op
HeaderCaptureBenchmark.capture                           true          h2     both25          1600  avgt    8    231,900 ±    3,892   ns/op
HeaderCaptureBenchmark.capture:gc.alloc.rate             true          h2     both25          1600  avgt    8   6775,800 ±  114,049  MB/sec
HeaderCaptureBenchmark.capture:gc.alloc.rate.norm        true          h2     both25          1600  avgt    8   1648,003 ±    0,002    B/op
HeaderCaptureBenchmark.capture:gc.count                  true          h2     both25          1600  avgt    8     61,000             counts
HeaderCaptureBenchmark.capture:gc.time                   true          h2     both25          1600  avgt    8     31,000                 ms
HeaderCaptureBenchmark.capture:process.cpu               true          h2     both25          1600  avgt    8    236,957 ±    3,269   ns/op
HeaderCaptureBenchmark.capture                           true          h2     both25          8192  avgt    8    294,752 ±    5,086   ns/op
HeaderCaptureBenchmark.capture:gc.alloc.rate             true          h2     both25          8192  avgt    8  13326,674 ±  230,105  MB/sec
HeaderCaptureBenchmark.capture:gc.alloc.rate.norm        true          h2     both25          8192  avgt    8   4120,004 ±    0,008    B/op
HeaderCaptureBenchmark.capture:gc.count                  true          h2     both25          8192  avgt    8     79,000             counts
HeaderCaptureBenchmark.capture:gc.time                   true          h2     both25          8192  avgt    8     41,000                 ms
HeaderCaptureBenchmark.capture:process.cpu               true          h2     both25          8192  avgt    8    305,622 ±    5,093   ns/op
HeaderCaptureBenchmark.capture                           true          h2     both50           400  avgt    8    117,341 ±    1,444   ns/op
HeaderCaptureBenchmark.capture:gc.alloc.rate             true          h2     both50           400  avgt    8   8970,080 ±  110,789  MB/sec
HeaderCaptureBenchmark.capture:gc.alloc.rate.norm        true          h2     both50           400  avgt    8   1104,002 ±    0,001    B/op
HeaderCaptureBenchmark.capture:gc.count                  true          h2     both50           400  avgt    8     66,000             counts
HeaderCaptureBenchmark.capture:gc.time                   true          h2     both50           400  avgt    8     35,000                 ms
HeaderCaptureBenchmark.capture:process.cpu               true          h2     both50           400  avgt    8    120,870 ±    2,781   ns/op
HeaderCaptureBenchmark.capture                           true          h2     both50          1600  avgt    8    315,501 ±   10,452   ns/op
HeaderCaptureBenchmark.capture:gc.alloc.rate             true          h2     both50          1600  avgt    8   6915,363 ±  224,468  MB/sec
HeaderCaptureBenchmark.capture:gc.alloc.rate.norm        true          h2     both50          1600  avgt    8   2288,005 ±    0,003    B/op
HeaderCaptureBenchmark.capture:gc.count                  true          h2     both50          1600  avgt    8     62,000             counts
HeaderCaptureBenchmark.capture:gc.time                   true          h2     both50          1600  avgt    8     30,000                 ms
HeaderCaptureBenchmark.capture:process.cpu               true          h2     both50          1600  avgt    8    323,029 ±    9,145   ns/op
HeaderCaptureBenchmark.capture                           true          h2     both50          8192  avgt    8    441,534 ±    6,481   ns/op
HeaderCaptureBenchmark.capture:gc.alloc.rate             true          h2     both50          8192  avgt    8  15615,766 ±  228,320  MB/sec
HeaderCaptureBenchmark.capture:gc.alloc.rate.norm        true          h2     both50          8192  avgt    8   7232,007 ±    0,010    B/op
HeaderCaptureBenchmark.capture:gc.count                  true          h2     both50          8192  avgt    8     94,000             counts
HeaderCaptureBenchmark.capture:gc.time                   true          h2     both50          8192  avgt    8     48,000                 ms
HeaderCaptureBenchmark.capture:process.cpu               true          h2     both50          8192  avgt    8    454,468 ±    5,463   ns/op
HeaderCaptureBenchmark.capture                           true          h2     both75           400  avgt    8    136,875 ±    2,465   ns/op
HeaderCaptureBenchmark.capture:gc.alloc.rate             true          h2     both75           400  avgt    8   9027,872 ±  161,932  MB/sec
HeaderCaptureBenchmark.capture:gc.alloc.rate.norm        true          h2     both75           400  avgt    8   1296,002 ±    0,001    B/op
HeaderCaptureBenchmark.capture:gc.count                  true          h2     both75           400  avgt    8     66,000             counts
HeaderCaptureBenchmark.capture:gc.time                   true          h2     both75           400  avgt    8     35,000                 ms
HeaderCaptureBenchmark.capture:process.cpu               true          h2     both75           400  avgt    8    140,522 ±    2,055   ns/op
HeaderCaptureBenchmark.capture                           true          h2     both75          1600  avgt    8    384,300 ±    6,395   ns/op
HeaderCaptureBenchmark.capture:gc.alloc.rate             true          h2     both75          1600  avgt    8   7264,365 ±  120,441  MB/sec
HeaderCaptureBenchmark.capture:gc.alloc.rate.norm        true          h2     both75          1600  avgt    8   2928,005 ±    0,002    B/op
HeaderCaptureBenchmark.capture:gc.count                  true          h2     both75          1600  avgt    8     60,000             counts
HeaderCaptureBenchmark.capture:gc.time                   true          h2     both75          1600  avgt    8     30,000                 ms
HeaderCaptureBenchmark.capture:process.cpu               true          h2     both75          1600  avgt    8    392,731 ±    5,006   ns/op
HeaderCaptureBenchmark.capture                           true          h2     both75          8192  avgt    8    573,269 ±   33,027   ns/op
HeaderCaptureBenchmark.capture:gc.alloc.rate             true          h2     both75          8192  avgt    8  17214,905 ±  944,287  MB/sec
HeaderCaptureBenchmark.capture:gc.alloc.rate.norm        true          h2     both75          8192  avgt    8  10344,009 ±    0,013    B/op
HeaderCaptureBenchmark.capture:gc.count                  true          h2     both75          8192  avgt    8     87,000             counts
HeaderCaptureBenchmark.capture:gc.time                   true          h2     both75          8192  avgt    8     47,000                 ms
HeaderCaptureBenchmark.capture:process.cpu               true          h2     both75          8192  avgt    8    597,170 ±   30,513   ns/op
HeaderCaptureBenchmark.capture                           true          h2    both100           400  avgt    8    152,114 ±    4,355   ns/op
HeaderCaptureBenchmark.capture:gc.alloc.rate             true          h2    both100           400  avgt    8   9327,937 ±  263,256  MB/sec
HeaderCaptureBenchmark.capture:gc.alloc.rate.norm        true          h2    both100           400  avgt    8   1488,002 ±    0,001    B/op
HeaderCaptureBenchmark.capture:gc.count                  true          h2    both100           400  avgt    8     69,000             counts
HeaderCaptureBenchmark.capture:gc.time                   true          h2    both100           400  avgt    8     37,000                 ms
HeaderCaptureBenchmark.capture:process.cpu               true          h2    both100           400  avgt    8    156,123 ±    3,631   ns/op
HeaderCaptureBenchmark.capture                           true          h2    both100          1600  avgt    8    471,476 ±   27,148   ns/op
HeaderCaptureBenchmark.capture:gc.alloc.rate             true          h2    both100          1600  avgt    8   7220,121 ±  397,695  MB/sec
HeaderCaptureBenchmark.capture:gc.alloc.rate.norm        true          h2    both100          1600  avgt    8   3568,007 ±    0,001    B/op
HeaderCaptureBenchmark.capture:gc.count                  true          h2    both100          1600  avgt    8     59,000             counts
HeaderCaptureBenchmark.capture:gc.time                   true          h2    both100          1600  avgt    8     30,000                 ms
HeaderCaptureBenchmark.capture:process.cpu               true          h2    both100          1600  avgt    8    479,560 ±   19,095   ns/op
HeaderCaptureBenchmark.capture                           true          h2    both100          8192  avgt    8    714,728 ±   15,933   ns/op
HeaderCaptureBenchmark.capture:gc.alloc.rate             true          h2    both100          8192  avgt    8  17950,782 ±  401,628  MB/sec
HeaderCaptureBenchmark.capture:gc.alloc.rate.norm        true          h2    both100          8192  avgt    8  13456,010 ±    0,001    B/op
HeaderCaptureBenchmark.capture:gc.count                  true          h2    both100          8192  avgt    8     86,000             counts
HeaderCaptureBenchmark.capture:gc.time                   true          h2    both100          8192  avgt    8     48,000                 ms
HeaderCaptureBenchmark.capture:process.cpu               true          h2    both100          8192  avgt    8    746,344 ±   16,605   ns/op

Benchmark result is saved to benchmarks/deferred-headers/results/matrix.json
benchmarks/deferred-headers/run.sh: line 11: /matrix.json: No such file or directory
